gid,priority_score,reason,request
100000000331309100,0.92842527,Неполный наблюдаемый баланс,Входящие вне выборки и остаток на начало июля
100000008603629100,0.91719835,Неполный наблюдаемый баланс,Входящие вне выборки и остаток на начало июля
100000000437046100,0.91463901,Неполный наблюдаемый баланс,Входящие вне выборки и остаток на начало июля
100000008346837100,0.88135529,Неполный наблюдаемый баланс,Входящие вне выборки и остаток на начало июля
100000008477350100,0.87596803,Неполный наблюдаемый баланс,Входящие вне выборки и остаток на начало июля
100000001857829100,0.86759994,Неполный наблюдаемый баланс,Входящие вне выборки и остаток на начало июля
100000008547948100,0.86013132,Неполный наблюдаемый баланс,Входящие вне выборки и остаток на начало июля
100000002957787100,0.85358284,Неполный наблюдаемый баланс,Входящие вне выборки и остаток на начало июля
100000005704413100,0.85355238,Неполный наблюдаемый баланс,Входящие вне выборки и остаток на начало июля
100000004400305100,0.84058548,Неполный наблюдаемый баланс,Входящие вне выборки и остаток на начало июля
100000007442518100,0.84026541,Неполный наблюдаемый баланс,Входящие вне выборки и остаток на начало июля
100000004156082100,0.83917103,Неполный наблюдаемый баланс,Входящие вне выборки и остаток на начало июля
100000007594394100,0.82920896,Неполный наблюдаемый баланс,Входящие вне выборки и остаток на начало июля
100000005910114100,0.82108186,Неполный наблюдаемый баланс,Входящие вне выборки и остаток на начало июля
100000005933757100,0.81658862,Неполный наблюдаемый баланс,Входящие вне выборки и остаток на начало июля
100000008489922100,0.81524082,Неполный наблюдаемый баланс,Входящие вне выборки и остаток на начало июля
100000008730846100,0.81283328,Неполный наблюдаемый баланс,Входящие вне выборки и остаток на начало июля
100000004403675100,0.81183283,Неполный наблюдаемый баланс,Входящие вне выборки и остаток на начало июля
100000005782781100,0.80612627,Неполный наблюдаемый баланс,Входящие вне выборки и остаток на начало июля
100000004351795100,0.79910439,Неполный наблюдаемый баланс,Входящие вне выборки и остаток на начало июля
100000004070318100,0.7893261,Неполный наблюдаемый баланс,Входящие вне выборки и остаток на начало июля
100000008636603100,0.78773247,Неполный наблюдаемый баланс,Входящие вне выборки и остаток на начало июля
100000003854444100,0.78054111,Неполный наблюдаемый баланс,Входящие вне выборки и остаток на начало июля
100000003242289100,0.78038094,Неполный наблюдаемый баланс,Входящие вне выборки и остаток на начало июля
100000000332284100,0.77981611,Неполный наблюдаемый баланс,Входящие вне выборки и остаток на начало июля
100000008466579100,0.77072083,Неполный наблюдаемый баланс,Входящие вне выборки и остаток на начало июля
100000008547844100,0.76885663,Неполный наблюдаемый баланс,Входящие вне выборки и остаток на начало июля
100000008413748100,0.76431998,Неполный наблюдаемый баланс,Входящие вне выборки и остаток на начало июля
100000005578559100,0.76067569,Неполный наблюдаемый баланс,Входящие вне выборки и остаток на начало июля
100000003796063100,0.75955456,Неполный наблюдаемый баланс,Входящие вне выборки и остаток на начало июля
100000008710791100,0.75239235,Неполный наблюдаемый баланс,Входящие вне выборки и остаток на начало июля
100000004569484100,0.74799283,Неполный наблюдаемый баланс,Входящие вне выборки и остаток на начало июля
100000002224132100,0.74767667,Неполный наблюдаемый баланс,Входящие вне выборки и остаток на начало июля
100000007639767100,0.74255349,Неполный наблюдаемый баланс,Входящие вне выборки и остаток на начало июля
100000003880331100,0.74152723,Неполный наблюдаемый баланс,Входящие вне выборки и остаток на начало июля
100000008512827100,0.74063121,Неполный наблюдаемый баланс,Входящие вне выборки и остаток на начало июля
100000008304139100,0.73954721,Неполный наблюдаемый баланс,Входящие вне выборки и остаток на начало июля
100000008743913100,0.73905815,Неполный наблюдаемый баланс,Входящие вне выборки и остаток на начало июля
100000002723538100,0.73352704,Неполный наблюдаемый баланс,Входящие вне выборки и остаток на начало июля
100000004150593100,0.72308492,Неполный наблюдаемый баланс,Входящие вне выборки и остаток на начало июля
100000004847758100,0.71562561,Неполный наблюдаемый баланс,Входящие вне выборки и остаток на начало июля
100000004188160100,0.71561737,Неполный наблюдаемый баланс,Входящие вне выборки и остаток на начало июля
100000003404627100,0.71385662,Не видны внешние выходы,"Наличные, межбанк, переводы ниже 5000 KZT"
100000005665181100,0.71149913,Неполный наблюдаемый баланс,Входящие вне выборки и остаток на начало июля
100000008517538100,0.70720756,Неполный наблюдаемый баланс,Входящие вне выборки и остаток на начало июля
100000003360542100,0.70418564,Не видны внешние выходы,"Наличные, межбанк, переводы ниже 5000 KZT"
100000006274203100,0.70238476,Не видны внешние выходы,"Наличные, межбанк, переводы ниже 5000 KZT"
100000008465789100,0.69982606,Неполный наблюдаемый баланс,Входящие вне выборки и остаток на начало июля
100000001530983100,0.69579364,Неполный наблюдаемый баланс,Входящие вне выборки и остаток на начало июля
100000002605308100,0.68896205,Не видны внешние выходы,"Наличные, межбанк, переводы ниже 5000 KZT"
100000008748914100,0.68885237,Неполный наблюдаемый баланс,Входящие вне выборки и остаток на начало июля
100000000673868100,0.68786791,Не видны внешние выходы,"Наличные, межбанк, переводы ниже 5000 KZT"
100000000706545100,0.6849074,Не видны внешние выходы,"Наличные, межбанк, переводы ниже 5000 KZT"
100000008710843100,0.68036192,Неполный наблюдаемый баланс,Входящие вне выборки и остаток на начало июля
100000002578405100,0.67914267,Неполный наблюдаемый баланс,Входящие вне выборки и остаток на начало июля
100000005242320100,0.67748152,Неполный наблюдаемый баланс,Входящие вне выборки и остаток на начало июля
100000005473151100,0.67092269,Не видны внешние выходы,"Наличные, межбанк, переводы ниже 5000 KZT"
100000005660203100,0.6698863,Не видны внешние выходы,"Наличные, межбанк, переводы ниже 5000 KZT"
100000008003034100,0.66762532,Неполный наблюдаемый баланс,Входящие вне выборки и остаток на начало июля
100000002894076100,0.66553742,Не видны внешние выходы,"Наличные, межбанк, переводы ниже 5000 KZT"
100000004140487100,0.66436861,Неполный наблюдаемый баланс,Входящие вне выборки и остаток на начало июля
100000002870463100,0.66338521,Не видны внешние выходы,"Наличные, межбанк, переводы ниже 5000 KZT"
100000006755850100,0.66187924,Не видны внешние выходы,"Наличные, межбанк, переводы ниже 5000 KZT"
100000003213473100,0.66044982,Неполный наблюдаемый баланс,Входящие вне выборки и остаток на начало июля
100000003163886100,0.65838143,Не видны внешние выходы,"Наличные, межбанк, переводы ниже 5000 KZT"
100000007229557100,0.65671814,Не видны внешние выходы,"Наличные, межбанк, переводы ниже 5000 KZT"
100000002480800100,0.65670525,Не видны внешние выходы,"Наличные, межбанк, переводы ниже 5000 KZT"
100000002956769100,0.65392872,Не видны внешние выходы,"Наличные, межбанк, переводы ниже 5000 KZT"
100000002793881100,0.65140582,Не видны внешние выходы,"Наличные, межбанк, переводы ниже 5000 KZT"
100000001072022100,0.65138783,Не видны внешние выходы,"Наличные, межбанк, переводы ниже 5000 KZT"
100000005514161100,0.650188,Не видны внешние выходы,"Наличные, межбанк, переводы ниже 5000 KZT"
100000003270419100,0.64641321,Не видны внешние выходы,"Наличные, межбанк, переводы ниже 5000 KZT"
100000008473207100,0.64635173,Не видны внешние выходы,"Наличные, межбанк, переводы ниже 5000 KZT"
100000001714173100,0.64519943,Не видны внешние выходы,"Наличные, межбанк, переводы ниже 5000 KZT"
100000002975437100,0.64425591,Не видны внешние выходы,"Наличные, межбанк, переводы ниже 5000 KZT"
100000001904863100,0.64293974,Не видны внешние выходы,"Наличные, межбанк, переводы ниже 5000 KZT"
100000008427027100,0.64202672,Не видны внешние выходы,"Наличные, межбанк, переводы ниже 5000 KZT"
100000004539443100,0.63834841,Не видны внешние выходы,"Наличные, межбанк, переводы ниже 5000 KZT"
100000001611488100,0.63822644,Не видны внешние выходы,"Наличные, межбанк, переводы ниже 5000 KZT"
100000008556318100,0.63802496,Не видны внешние выходы,"Наличные, межбанк, переводы ниже 5000 KZT"
100000001875239100,0.63763684,Не видны внешние выходы,"Наличные, межбанк, переводы ниже 5000 KZT"
100000002443664100,0.63694669,Не видны внешние выходы,"Наличные, межбанк, переводы ниже 5000 KZT"
100000002369874100,0.6368903,Не видны внешние выходы,"Наличные, межбанк, переводы ниже 5000 KZT"
100000008332511100,0.63671706,Не видны внешние выходы,"Наличные, межбанк, переводы ниже 5000 KZT"
100000004160650100,0.63659526,Неполный наблюдаемый баланс,Входящие вне выборки и остаток на начало июля
100000001697501100,0.63579773,Неполный наблюдаемый баланс,Входящие вне выборки и остаток на начало июля
100000004905207100,0.63563946,Не видны внешние выходы,"Наличные, межбанк, переводы ниже 5000 KZT"
100000001463701100,0.63549814,Не видны внешние выходы,"Наличные, межбанк, переводы ниже 5000 KZT"
100000002472632100,0.63512048,Не видны внешние выходы,"Наличные, межбанк, переводы ниже 5000 KZT"
100000002173161100,0.63491036,Не видны внешние выходы,"Наличные, межбанк, переводы ниже 5000 KZT"
100000008730371100,0.63286433,Не видны внешние выходы,"Наличные, межбанк, переводы ниже 5000 KZT"
100000003254723100,0.63283975,Не видны внешние выходы,"Наличные, межбанк, переводы ниже 5000 KZT"
100000007593823100,0.6323845,Неполный наблюдаемый баланс,Входящие вне выборки и остаток на начало июля
100000001527186100,0.63227266,Не видны внешние выходы,"Наличные, межбанк, переводы ниже 5000 KZT"
100000004105288100,0.63107156,Не видны внешние выходы,"Наличные, межбанк, переводы ниже 5000 KZT"
100000004666651100,0.63096299,Не видны внешние выходы,"Наличные, межбанк, переводы ниже 5000 KZT"
100000004737764100,0.63001119,Не видны внешние выходы,"Наличные, межбанк, переводы ниже 5000 KZT"
100000002939838100,0.62812071,Не видны внешние выходы,"Наличные, межбанк, переводы ниже 5000 KZT"
100000003834495100,0.62810795,Не видны внешние выходы,"Наличные, межбанк, переводы ниже 5000 KZT"
100000008576243100,0.62788174,Не видны внешние выходы,"Наличные, межбанк, переводы ниже 5000 KZT"
100000002603769100,0.62728195,Не видны внешние выходы,"Наличные, межбанк, переводы ниже 5000 KZT"
100000002635780100,0.62725386,Не видны внешние выходы,"Наличные, межбанк, переводы ниже 5000 KZT"
100000008335401100,0.62520803,Не видны внешние выходы,"Наличные, межбанк, переводы ниже 5000 KZT"
100000005778283100,0.62514771,Не видны внешние выходы,"Наличные, межбанк, переводы ниже 5000 KZT"
100000000291908100,0.62306088,Не видны внешние выходы,"Наличные, межбанк, переводы ниже 5000 KZT"
100000000089154100,0.62286052,Неполный наблюдаемый баланс,Входящие вне выборки и остаток на начало июля
100000006707582100,0.6221536,Неполный наблюдаемый баланс,Входящие вне выборки и остаток на начало июля
100000002565277100,0.62215022,Не видны внешние выходы,"Наличные, межбанк, переводы ниже 5000 KZT"
100000001330685100,0.62182226,Не видны внешние выходы,"Наличные, межбанк, переводы ниже 5000 KZT"
100000005614315100,0.62128383,Не видны внешние выходы,"Наличные, межбанк, переводы ниже 5000 KZT"
100000002957306100,0.62098512,Не видны внешние выходы,"Наличные, межбанк, переводы ниже 5000 KZT"
100000000817146100,0.62057861,Не видны внешние выходы,"Наличные, межбанк, переводы ниже 5000 KZT"
100000002559089100,0.62056741,Не видны внешние выходы,"Наличные, межбанк, переводы ниже 5000 KZT"
100000007647294100,0.61971804,Не видны внешние выходы,"Наличные, межбанк, переводы ниже 5000 KZT"
100000003321423100,0.6193432,Не видны внешние выходы,"Наличные, межбанк, переводы ниже 5000 KZT"
100000003798151100,0.61832937,Не видны внешние выходы,"Наличные, межбанк, переводы ниже 5000 KZT"
100000003899899100,0.61791498,Не видны внешние выходы,"Наличные, межбанк, переводы ниже 5000 KZT"
100000003964910100,0.61734011,Не видны внешние выходы,"Наличные, межбанк, переводы ниже 5000 KZT"
100000003134934100,0.61731146,Не видны внешние выходы,"Наличные, межбанк, переводы ниже 5000 KZT"
100000008742053100,0.61697385,Неполный наблюдаемый баланс,Входящие вне выборки и остаток на начало июля
100000002188829100,0.61665371,Не видны внешние выходы,"Наличные, межбанк, переводы ниже 5000 KZT"
100000004674799100,0.61588583,Не видны внешние выходы,"Наличные, межбанк, переводы ниже 5000 KZT"
100000004114962100,0.61581781,Не видны внешние выходы,"Наличные, межбанк, переводы ниже 5000 KZT"
100000003062895100,0.61394728,Не видны внешние выходы,"Наличные, межбанк, переводы ниже 5000 KZT"
100000003157679100,0.61301485,Не видны внешние выходы,"Наличные, межбанк, переводы ниже 5000 KZT"
100000008356606100,0.61299546,Не видны внешние выходы,"Наличные, межбанк, переводы ниже 5000 KZT"
100000004892144100,0.61262694,Не видны внешние выходы,"Наличные, межбанк, переводы ниже 5000 KZT"
100000006564102100,0.61218702,Не видны внешние выходы,"Наличные, межбанк, переводы ниже 5000 KZT"
100000003131693100,0.61205567,Не видны внешние выходы,"Наличные, межбанк, переводы ниже 5000 KZT"
100000005241556100,0.61060209,Не видны внешние выходы,"Наличные, межбанк, переводы ниже 5000 KZT"
100000004679953100,0.61025296,Не видны внешние выходы,"Наличные, межбанк, переводы ниже 5000 KZT"
100000001141268100,0.61024808,Не видны внешние выходы,"Наличные, межбанк, переводы ниже 5000 KZT"
100000002335358100,0.61001394,Не видны внешние выходы,"Наличные, межбанк, переводы ниже 5000 KZT"
100000003111305100,0.60907711,Не видны внешние выходы,"Наличные, межбанк, переводы ниже 5000 KZT"
100000002087788100,0.60851468,Не видны внешние выходы,"Наличные, межбанк, переводы ниже 5000 KZT"
100000008746449100,0.60841771,Неполный наблюдаемый баланс,Входящие вне выборки и остаток на начало июля
100000008555233100,0.60839682,Не видны внешние выходы,"Наличные, межбанк, переводы ниже 5000 KZT"
100000005664632100,0.60828075,Не видны внешние выходы,"Наличные, межбанк, переводы ниже 5000 KZT"
100000004603109100,0.60822533,Не видны внешние выходы,"Наличные, межбанк, переводы ниже 5000 KZT"
100000008708207100,0.60809704,Не видны внешние выходы,"Наличные, межбанк, переводы ниже 5000 KZT"
100000005432267100,0.60794246,Не видны внешние выходы,"Наличные, межбанк, переводы ниже 5000 KZT"
100000004226848100,0.60753565,Не видны внешние выходы,"Наличные, межбанк, переводы ниже 5000 KZT"
100000002593344100,0.60693648,Не видны внешние выходы,"Наличные, межбанк, переводы ниже 5000 KZT"
100000002710570100,0.60679103,Не видны внешние выходы,"Наличные, межбанк, переводы ниже 5000 KZT"
100000004997515100,0.60656369,Не видны внешние выходы,"Наличные, межбанк, переводы ниже 5000 KZT"
100000008566737100,0.60526963,Не видны внешние выходы,"Наличные, межбанк, переводы ниже 5000 KZT"
100000001690558100,0.60412097,Не видны внешние выходы,"Наличные, межбанк, переводы ниже 5000 KZT"
100000003221384100,0.6037711,Не видны внешние выходы,"Наличные, межбанк, переводы ниже 5000 KZT"
100000002945626100,0.60350576,Не видны внешние выходы,"Наличные, межбанк, переводы ниже 5000 KZT"
100000000594783100,0.60312472,Не видны внешние выходы,"Наличные, межбанк, переводы ниже 5000 KZT"
100000002459832100,0.60296555,Не видны внешние выходы,"Наличные, межбанк, переводы ниже 5000 KZT"
100000001680944100,0.60184661,Не видны внешние выходы,"Наличные, межбанк, переводы ниже 5000 KZT"
100000000552584100,0.60164411,Не видны внешние выходы,"Наличные, межбанк, переводы ниже 5000 KZT"
100000002705460100,0.60124641,Не видны внешние выходы,"Наличные, межбанк, переводы ниже 5000 KZT"
100000008775471100,0.60073072,Не видны внешние выходы,"Наличные, межбанк, переводы ниже 5000 KZT"
100000001609499100,0.60069826,Не видны внешние выходы,"Наличные, межбанк, переводы ниже 5000 KZT"
100000000533217100,0.6006464,Не видны внешние выходы,"Наличные, межбанк, переводы ниже 5000 KZT"
100000003171006100,0.6001852,Не видны внешние выходы,"Наличные, межбанк, переводы ниже 5000 KZT"
100000003191430100,0.60002695,Не видны внешние выходы,"Наличные, межбанк, переводы ниже 5000 KZT"
100000001937767100,0.59939703,Неполный наблюдаемый баланс,Входящие вне выборки и остаток на начало июля
100000003035737100,0.59926215,Не видны внешние выходы,"Наличные, межбанк, переводы ниже 5000 KZT"
100000000993112100,0.5988319,Не видны внешние выходы,"Наличные, межбанк, переводы ниже 5000 KZT"
100000004948177100,0.59852667,Не видны внешние выходы,"Наличные, межбанк, переводы ниже 5000 KZT"
100000001567366100,0.59818103,Не видны внешние выходы,"Наличные, межбанк, переводы ниже 5000 KZT"
100000002267998100,0.59814291,Неполный наблюдаемый баланс,Входящие вне выборки и остаток на начало июля
100000002779485100,0.59807108,Не видны внешние выходы,"Наличные, межбанк, переводы ниже 5000 KZT"
100000002983879100,0.59750253,Не видны внешние выходы,"Наличные, межбанк, переводы ниже 5000 KZT"
100000004394765100,0.59736317,Не видны внешние выходы,"Наличные, межбанк, переводы ниже 5000 KZT"
100000002799941100,0.59718201,Не видны внешние выходы,"Наличные, межбанк, переводы ниже 5000 KZT"
100000007138613100,0.59701163,Не видны внешние выходы,"Наличные, межбанк, переводы ниже 5000 KZT"
100000002964966100,0.59687395,Не видны внешние выходы,"Наличные, межбанк, переводы ниже 5000 KZT"
100000008676812100,0.59648036,Не видны внешние выходы,"Наличные, межбанк, переводы ниже 5000 KZT"
100000002936322100,0.5961066,Не видны внешние выходы,"Наличные, межбанк, переводы ниже 5000 KZT"
100000003122817100,0.59592484,Не видны внешние выходы,"Наличные, межбанк, переводы ниже 5000 KZT"
100000002618492100,0.59590298,Не видны внешние выходы,"Наличные, межбанк, переводы ниже 5000 KZT"
100000003071930100,0.59569804,Не видны внешние выходы,"Наличные, межбанк, переводы ниже 5000 KZT"
100000006972210100,0.5952469,Не видны внешние выходы,"Наличные, межбанк, переводы ниже 5000 KZT"
100000001162560100,0.59479627,Неполный наблюдаемый баланс,Входящие вне выборки и остаток на начало июля
100000005061890100,0.59460474,Не видны внешние выходы,"Наличные, межбанк, переводы ниже 5000 KZT"
100000004664905100,0.59451466,Не видны внешние выходы,"Наличные, межбанк, переводы ниже 5000 KZT"
100000008748408100,0.59388457,Неполный наблюдаемый баланс,Входящие вне выборки и остаток на начало июля
100000004689658100,0.59373584,Не видны внешние выходы,"Наличные, межбанк, переводы ниже 5000 KZT"
100000006225798100,0.59364281,Не видны внешние выходы,"Наличные, межбанк, переводы ниже 5000 KZT"
100000008531186100,0.59336914,Не видны внешние выходы,"Наличные, межбанк, переводы ниже 5000 KZT"
100000001884825100,0.59326062,Не видны внешние выходы,"Наличные, межбанк, переводы ниже 5000 KZT"
100000002175422100,0.59320089,Неполный наблюдаемый баланс,Входящие вне выборки и остаток на начало июля
100000008221543100,0.59278263,Не видны внешние выходы,"Наличные, межбанк, переводы ниже 5000 KZT"
100000001584286100,0.59276772,Не видны внешние выходы,"Наличные, межбанк, переводы ниже 5000 KZT"
100000004186824100,0.5927537,Не видны внешние выходы,"Наличные, межбанк, переводы ниже 5000 KZT"
100000005409156100,0.59261474,Не видны внешние выходы,"Наличные, межбанк, переводы ниже 5000 KZT"
100000002826669100,0.59242782,Не видны внешние выходы,"Наличные, межбанк, переводы ниже 5000 KZT"
100000005628518100,0.59176777,Не видны внешние выходы,"Наличные, межбанк, переводы ниже 5000 KZT"
100000001538095100,0.59171771,Не видны внешние выходы,"Наличные, межбанк, переводы ниже 5000 KZT"
100000001534244100,0.59160571,Не видны внешние выходы,"Наличные, межбанк, переводы ниже 5000 KZT"
100000000569479100,0.59158518,Не видны внешние выходы,"Наличные, межбанк, переводы ниже 5000 KZT"
100000000795129100,0.59088412,Не видны внешние выходы,"Наличные, межбанк, переводы ниже 5000 KZT"
100000003920950100,0.59083813,Не видны внешние выходы,"Наличные, межбанк, переводы ниже 5000 KZT"
100000003097324100,0.5903569,Не видны внешние выходы,"Наличные, межбанк, переводы ниже 5000 KZT"
100000003104347100,0.58899186,Не видны внешние выходы,"Наличные, межбанк, переводы ниже 5000 KZT"
100000007181706100,0.58859297,Не видны внешние выходы,"Наличные, межбанк, переводы ниже 5000 KZT"
100000007777377100,0.58840949,Не видны внешние выходы,"Наличные, межбанк, переводы ниже 5000 KZT"
100000002645609100,0.58828276,Не видны внешние выходы,"Наличные, межбанк, переводы ниже 5000 KZT"
100000005074393100,0.58795674,Неполный наблюдаемый баланс,Входящие вне выборки и остаток на начало июля
100000007617808100,0.58779079,Не видны внешние выходы,"Наличные, межбанк, переводы ниже 5000 KZT"
100000002633108100,0.58764835,Не видны внешние выходы,"Наличные, межбанк, переводы ниже 5000 KZT"
100000005904580100,0.58730765,Не видны внешние выходы,"Наличные, межбанк, переводы ниже 5000 KZT"
100000002621949100,0.58725369,Не видны внешние выходы,"Наличные, межбанк, переводы ниже 5000 KZT"
100000005974542100,0.5870384,Не видны внешние выходы,"Наличные, межбанк, переводы ниже 5000 KZT"
100000002679516100,0.58686382,Не видны внешние выходы,"Наличные, межбанк, переводы ниже 5000 KZT"
100000002736316100,0.58678152,Не видны внешние выходы,"Наличные, межбанк, переводы ниже 5000 KZT"
100000002956898100,0.58669967,Не видны внешние выходы,"Наличные, межбанк, переводы ниже 5000 KZT"
100000004816564100,0.58644249,Не видны внешние выходы,"Наличные, межбанк, переводы ниже 5000 KZT"
100000000041368100,0.58618525,Не видны внешние выходы,"Наличные, межбанк, переводы ниже 5000 KZT"
100000001241318100,0.58577032,Не видны внешние выходы,"Наличные, межбанк, переводы ниже 5000 KZT"
100000001927599100,0.58576156,Не видны внешние выходы,"Наличные, межбанк, переводы ниже 5000 KZT"
100000008094734100,0.58555592,Не видны внешние выходы,"Наличные, межбанк, переводы ниже 5000 KZT"
100000001924185100,0.5855426,Не видны внешние выходы,"Наличные, межбанк, переводы ниже 5000 KZT"
100000001285440100,0.58517865,Не видны внешние выходы,"Наличные, межбанк, переводы ниже 5000 KZT"
100000004417753100,0.58511199,Не видны внешние выходы,"Наличные, межбанк, переводы ниже 5000 KZT"
100000003366471100,0.58489256,Не видны внешние выходы,"Наличные, межбанк, переводы ниже 5000 KZT"
100000002539625100,0.58476386,Не видны внешние выходы,"Наличные, межбанк, переводы ниже 5000 KZT"
100000001169666100,0.58455972,Не видны внешние выходы,"Наличные, межбанк, переводы ниже 5000 KZT"
100000003158727100,0.58445635,Не видны внешние выходы,"Наличные, межбанк, переводы ниже 5000 KZT"
100000003060517100,0.5840956,Не видны внешние выходы,"Наличные, межбанк, переводы ниже 5000 KZT"
100000003192220100,0.58369386,Не видны внешние выходы,"Наличные, межбанк, переводы ниже 5000 KZT"
100000003831324100,0.58332154,Не видны внешние выходы,"Наличные, межбанк, переводы ниже 5000 KZT"
100000005314565100,0.58282423,Не видны внешние выходы,"Наличные, межбанк, переводы ниже 5000 KZT"
100000008223756100,0.58266555,Не видны внешние выходы,"Наличные, межбанк, переводы ниже 5000 KZT"
100000003050771100,0.58250921,Не видны внешние выходы,"Наличные, межбанк, переводы ниже 5000 KZT"
100000002815005100,0.58233633,Не видны внешние выходы,"Наличные, межбанк, переводы ниже 5000 KZT"
100000008751380100,0.58192366,Не видны внешние выходы,"Наличные, межбанк, переводы ниже 5000 KZT"
100000008174521100,0.58178112,Не видны внешние выходы,"Наличные, межбанк, переводы ниже 5000 KZT"
100000002691583100,0.58122214,Не видны внешние выходы,"Наличные, межбанк, переводы ниже 5000 KZT"
100000003014659100,0.58121663,Не видны внешние выходы,"Наличные, межбанк, переводы ниже 5000 KZT"
100000000917179100,0.58109543,Не видны внешние выходы,"Наличные, межбанк, переводы ниже 5000 KZT"
100000002605184100,0.58078796,Не видны внешние выходы,"Наличные, межбанк, переводы ниже 5000 KZT"
100000002947299100,0.5806228,Не видны внешние выходы,"Наличные, межбанк, переводы ниже 5000 KZT"
100000008352542100,0.58062114,Не видны внешние выходы,"Наличные, межбанк, переводы ниже 5000 KZT"
100000003205210100,0.58006978,Не видны внешние выходы,"Наличные, межбанк, переводы ниже 5000 KZT"
100000006209210100,0.57997933,Не видны внешние выходы,"Наличные, межбанк, переводы ниже 5000 KZT"
100000002605548100,0.57973491,Не видны внешние выходы,"Наличные, межбанк, переводы ниже 5000 KZT"
100000005022552100,0.57961536,Не видны внешние выходы,"Наличные, межбанк, переводы ниже 5000 KZT"
100000001875167100,0.57943975,Не видны внешние выходы,"Наличные, межбанк, переводы ниже 5000 KZT"
100000005168487100,0.57941878,Неполный наблюдаемый баланс,Входящие вне выборки и остаток на начало июля
100000002864256100,0.57938243,Не видны внешние выходы,"Наличные, межбанк, переводы ниже 5000 KZT"
100000002432143100,0.57923301,Не видны внешние выходы,"Наличные, межбанк, переводы ниже 5000 KZT"
100000002548759100,0.57807417,Не видны внешние выходы,"Наличные, межбанк, переводы ниже 5000 KZT"
100000008747113100,0.57800526,Не видны внешние выходы,"Наличные, межбанк, переводы ниже 5000 KZT"
100000000821507100,0.57799706,Не видны внешние выходы,"Наличные, межбанк, переводы ниже 5000 KZT"
100000001689968100,0.57796824,Не видны внешние выходы,"Наличные, межбанк, переводы ниже 5000 KZT"
100000003031003100,0.57790922,Не видны внешние выходы,"Наличные, межбанк, переводы ниже 5000 KZT"
100000000941942100,0.57753592,Не видны внешние выходы,"Наличные, межбанк, переводы ниже 5000 KZT"
100000001386612100,0.57745719,Не видны внешние выходы,"Наличные, межбанк, переводы ниже 5000 KZT"
100000003031633100,0.57714504,Не видны внешние выходы,"Наличные, межбанк, переводы ниже 5000 KZT"
100000004408683100,0.57699014,Не видны внешние выходы,"Наличные, межбанк, переводы ниже 5000 KZT"
100000006977207100,0.57647228,Неполный наблюдаемый баланс,Входящие вне выборки и остаток на начало июля
100000008659950100,0.57622322,Не видны внешние выходы,"Наличные, межбанк, переводы ниже 5000 KZT"
100000003022835100,0.57597334,Не видны внешние выходы,"Наличные, межбанк, переводы ниже 5000 KZT"
100000002769809100,0.57584131,Не видны внешние выходы,"Наличные, межбанк, переводы ниже 5000 KZT"
100000002596035100,0.57531158,Не видны внешние выходы,"Наличные, межбанк, переводы ниже 5000 KZT"
100000001184915100,0.57510238,Не видны внешние выходы,"Наличные, межбанк, переводы ниже 5000 KZT"
100000000764836100,0.57501194,Не видны внешние выходы,"Наличные, межбанк, переводы ниже 5000 KZT"
100000006446271100,0.57462425,Не видны внешние выходы,"Наличные, межбанк, переводы ниже 5000 KZT"
100000008624978100,0.57438326,Не видны внешние выходы,"Наличные, межбанк, переводы ниже 5000 KZT"
100000001686328100,0.5742848,Не видны внешние выходы,"Наличные, межбанк, переводы ниже 5000 KZT"
100000002212494100,0.57415226,Не видны внешние выходы,"Наличные, межбанк, переводы ниже 5000 KZT"
100000005857058100,0.57383385,Не видны внешние выходы,"Наличные, межбанк, переводы ниже 5000 KZT"
100000002696152100,0.57381526,Неполный наблюдаемый баланс,Входящие вне выборки и остаток на начало июля
100000002883402100,0.57316551,Не видны внешние выходы,"Наличные, межбанк, переводы ниже 5000 KZT"
100000005844459100,0.57315134,Не видны внешние выходы,"Наличные, межбанк, переводы ниже 5000 KZT"
100000008536546100,0.57301003,Не видны внешние выходы,"Наличные, межбанк, переводы ниже 5000 KZT"
100000002632742100,0.57270716,Не видны внешние выходы,"Наличные, межбанк, переводы ниже 5000 KZT"
100000008714412100,0.57209657,Не видны внешние выходы,"Наличные, межбанк, переводы ниже 5000 KZT"
100000003795588100,0.57165809,Не видны внешние выходы,"Наличные, межбанк, переводы ниже 5000 KZT"
100000008279405100,0.57098998,Не видны внешние выходы,"Наличные, межбанк, переводы ниже 5000 KZT"
100000001140785100,0.57003385,Не видны внешние выходы,"Наличные, межбанк, переводы ниже 5000 KZT"
100000004587414100,0.56971185,Не видны внешние выходы,"Наличные, межбанк, переводы ниже 5000 KZT"
100000001674850100,0.56964577,Не видны внешние выходы,"Наличные, межбанк, переводы ниже 5000 KZT"
100000002720627100,0.56934159,Не видны внешние выходы,"Наличные, межбанк, переводы ниже 5000 KZT"
100000004388353100,0.56925815,Не видны внешние выходы,"Наличные, межбанк, переводы ниже 5000 KZT"
100000004993576100,0.56911798,Не видны внешние выходы,"Наличные, межбанк, переводы ниже 5000 KZT"
100000002911170100,0.5690062,Не видны внешние выходы,"Наличные, межбанк, переводы ниже 5000 KZT"
100000002822472100,0.56870089,Не видны внешние выходы,"Наличные, межбанк, переводы ниже 5000 KZT"
100000003684369100,0.56861307,Неполный наблюдаемый баланс,Входящие вне выборки и остаток на начало июля
100000002878467100,0.56818178,Не видны внешние выходы,"Наличные, межбанк, переводы ниже 5000 KZT"
100000008077552100,0.56783287,Не видны внешние выходы,"Наличные, межбанк, переводы ниже 5000 KZT"
100000002681544100,0.56771787,Не видны внешние выходы,"Наличные, межбанк, переводы ниже 5000 KZT"
100000004134060100,0.5675512,Не видны внешние выходы,"Наличные, межбанк, переводы ниже 5000 KZT"
100000000998559100,0.5675419,Не видны внешние выходы,"Наличные, межбанк, переводы ниже 5000 KZT"
100000002691858100,0.56736056,Не видны внешние выходы,"Наличные, межбанк, переводы ниже 5000 KZT"
100000004717647100,0.56726737,Неполный наблюдаемый баланс,Входящие вне выборки и остаток на начало июля
100000002760175100,0.56674929,Не видны внешние выходы,"Наличные, межбанк, переводы ниже 5000 KZT"
100000002697752100,0.56661484,Не видны внешние выходы,"Наличные, межбанк, переводы ниже 5000 KZT"
100000004726132100,0.5665651,Не видны внешние выходы,"Наличные, межбанк, переводы ниже 5000 KZT"
100000007281639100,0.56564883,Не видны внешние выходы,"Наличные, межбанк, переводы ниже 5000 KZT"
100000008461532100,0.56485726,Неполный наблюдаемый баланс,Входящие вне выборки и остаток на начало июля
100000001822623100,0.56464395,Не видны внешние выходы,"Наличные, межбанк, переводы ниже 5000 KZT"
100000005667841100,0.56452517,Не видны внешние выходы,"Наличные, межбанк, переводы ниже 5000 KZT"
100000003824464100,0.56446761,Не видны внешние выходы,"Наличные, межбанк, переводы ниже 5000 KZT"
100000008238989100,0.56446761,Не видны внешние выходы,"Наличные, межбанк, переводы ниже 5000 KZT"
100000003278020100,0.56443108,Не видны внешние выходы,"Наличные, межбанк, переводы ниже 5000 KZT"
100000001819396100,0.56404851,Не видны внешние выходы,"Наличные, межбанк, переводы ниже 5000 KZT"
100000001733687100,0.56387918,Не видны внешние выходы,"Наличные, межбанк, переводы ниже 5000 KZT"
100000002757240100,0.56350962,Не видны внешние выходы,"Наличные, межбанк, переводы ниже 5000 KZT"
100000003042994100,0.56337609,Не видны внешние выходы,"Наличные, межбанк, переводы ниже 5000 KZT"
100000008571243100,0.56322657,Не видны внешние выходы,"Наличные, межбанк, переводы ниже 5000 KZT"
100000004559194100,0.5628792,Не видны внешние выходы,"Наличные, межбанк, переводы ниже 5000 KZT"
100000004017410100,0.56212698,Неполный наблюдаемый баланс,Входящие вне выборки и остаток на начало июля
100000008512552100,0.56168779,Неполный наблюдаемый баланс,Входящие вне выборки и остаток на начало июля
100000002457464100,0.56165393,Не видны внешние выходы,"Наличные, межбанк, переводы ниже 5000 KZT"
100000008468762100,0.56119784,Не видны внешние выходы,"Наличные, межбанк, переводы ниже 5000 KZT"
100000002973903100,0.56108954,Не видны внешние выходы,"Наличные, межбанк, переводы ниже 5000 KZT"
100000002469065100,0.56103122,Не видны внешние выходы,"Наличные, межбанк, переводы ниже 5000 KZT"
100000002943472100,0.56086421,Не видны внешние выходы,"Наличные, межбанк, переводы ниже 5000 KZT"
100000005182219100,0.5608504,Не видны внешние выходы,"Наличные, межбанк, переводы ниже 5000 KZT"
100000002704875100,0.56067873,Не видны внешние выходы,"Наличные, межбанк, переводы ниже 5000 KZT"
100000002205022100,0.56054747,Неполный наблюдаемый баланс,Входящие вне выборки и остаток на начало июля
100000008417029100,0.56038254,Не видны внешние выходы,"Наличные, межбанк, переводы ниже 5000 KZT"
100000001362940100,0.56002402,Не видны внешние выходы,"Наличные, межбанк, переводы ниже 5000 KZT"
100000005820746100,0.55960568,Не видны внешние выходы,"Наличные, межбанк, переводы ниже 5000 KZT"
100000006595426100,0.55947368,Не видны внешние выходы,"Наличные, межбанк, переводы ниже 5000 KZT"
100000002217161100,0.55885411,Неполный наблюдаемый баланс,Входящие вне выборки и остаток на начало июля
100000002570206100,0.5587726,Не видны внешние выходы,"Наличные, межбанк, переводы ниже 5000 KZT"
100000001737722100,0.5577715,Не видны внешние выходы,"Наличные, межбанк, переводы ниже 5000 KZT"
100000006100920100,0.55774424,Не видны внешние выходы,"Наличные, межбанк, переводы ниже 5000 KZT"
100000007334196100,0.55758966,Не видны внешние выходы,"Наличные, межбанк, переводы ниже 5000 KZT"
100000008389800100,0.55740878,Неполный наблюдаемый баланс,Входящие вне выборки и остаток на начало июля
100000004004621100,0.55724407,Не видны внешние выходы,"Наличные, межбанк, переводы ниже 5000 KZT"
100000002712416100,0.55707235,Не видны внешние выходы,"Наличные, межбанк, переводы ниже 5000 KZT"
100000008671929100,0.55658265,Не видны внешние выходы,"Наличные, межбанк, переводы ниже 5000 KZT"
100000003089553100,0.55618826,Не видны внешние выходы,"Наличные, межбанк, переводы ниже 5000 KZT"
100000004790991100,0.5556082,Не видны внешние выходы,"Наличные, межбанк, переводы ниже 5000 KZT"
100000008213966100,0.55521447,Неполный наблюдаемый баланс,Входящие вне выборки и остаток на начало июля
100000002663511100,0.55510865,Не видны внешние выходы,"Наличные, межбанк, переводы ниже 5000 KZT"
100000001484381100,0.55507756,Не видны внешние выходы,"Наличные, межбанк, переводы ниже 5000 KZT"
100000003057225100,0.55503885,Не видны внешние выходы,"Наличные, межбанк, переводы ниже 5000 KZT"
100000002529880100,0.55494959,Не видны внешние выходы,"Наличные, межбанк, переводы ниже 5000 KZT"
100000006579678100,0.55453633,Неполный наблюдаемый баланс,Входящие вне выборки и остаток на начало июля
100000008629581100,0.55374586,Не видны внешние выходы,"Наличные, межбанк, переводы ниже 5000 KZT"
100000004746397100,0.55361845,Не видны внешние выходы,"Наличные, межбанк, переводы ниже 5000 KZT"
100000002666248100,0.55357406,Не видны внешние выходы,"Наличные, межбанк, переводы ниже 5000 KZT"
100000003718221100,0.55347362,Неполный наблюдаемый баланс,Входящие вне выборки и остаток на начало июля
100000005942793100,0.55337709,Не видны внешние выходы,"Наличные, межбанк, переводы ниже 5000 KZT"
100000003284932100,0.55335589,Не видны внешние выходы,"Наличные, межбанк, переводы ниже 5000 KZT"
100000001166289100,0.55325281,Не видны внешние выходы,"Наличные, межбанк, переводы ниже 5000 KZT"
100000002521039100,0.55318362,Не видны внешние выходы,"Наличные, межбанк, переводы ниже 5000 KZT"
100000006567935100,0.55269047,Не видны внешние выходы,"Наличные, межбанк, переводы ниже 5000 KZT"
100000008038077100,0.55266164,Не видны внешние выходы,"Наличные, межбанк, переводы ниже 5000 KZT"
100000007382543100,0.55260318,Неполный наблюдаемый баланс,Входящие вне выборки и остаток на начало июля
100000004209339100,0.5522991,Неполный наблюдаемый баланс,Входящие вне выборки и остаток на начало июля
100000003116106100,0.55219065,Не видны внешние выходы,"Наличные, межбанк, переводы ниже 5000 KZT"
100000005133757100,0.55202922,Не видны внешние выходы,"Наличные, межбанк, переводы ниже 5000 KZT"
100000005339662100,0.55183001,Неполный наблюдаемый баланс,Входящие вне выборки и остаток на начало июля
100000002983426100,0.55156115,Не видны внешние выходы,"Наличные, межбанк, переводы ниже 5000 KZT"
100000002852402100,0.55090823,Не видны внешние выходы,"Наличные, межбанк, переводы ниже 5000 KZT"
100000001046057100,0.55067293,Не видны внешние выходы,"Наличные, межбанк, переводы ниже 5000 KZT"
100000004671609100,0.55064054,Не видны внешние выходы,"Наличные, межбанк, переводы ниже 5000 KZT"
100000007898453100,0.55062783,Неполный наблюдаемый баланс,Входящие вне выборки и остаток на начало июля
100000004677680100,0.55033744,Неполный наблюдаемый баланс,Входящие вне выборки и остаток на начало июля
100000002958139100,0.55024487,Не видны внешние выходы,"Наличные, межбанк, переводы ниже 5000 KZT"
100000004756901100,0.55002381,Не видны внешние выходы,"Наличные, межбанк, переводы ниже 5000 KZT"
100000002926970100,0.54962596,Не видны внешние выходы,"Наличные, межбанк, переводы ниже 5000 KZT"
100000003073635100,0.54908525,Не видны внешние выходы,"Наличные, межбанк, переводы ниже 5000 KZT"
100000008532050100,0.54855655,Не видны внешние выходы,"Наличные, межбанк, переводы ниже 5000 KZT"
100000003271151100,0.5483737,Не видны внешние выходы,"Наличные, межбанк, переводы ниже 5000 KZT"
100000003286537100,0.54808058,Не видны внешние выходы,"Наличные, межбанк, переводы ниже 5000 KZT"
100000003071649100,0.54675367,Не видны внешние выходы,"Наличные, межбанк, переводы ниже 5000 KZT"
100000001526235100,0.54674549,Неполный наблюдаемый баланс,Входящие вне выборки и остаток на начало июля
100000008460102100,0.54648753,Неполный наблюдаемый баланс,Входящие вне выборки и остаток на начало июля
100000005140601100,0.54629062,Неполный наблюдаемый баланс,Входящие вне выборки и остаток на начало июля
100000005456919100,0.54578115,Не видны внешние выходы,"Наличные, межбанк, переводы ниже 5000 KZT"
100000003016635100,0.54577539,Неполный наблюдаемый баланс,Входящие вне выборки и остаток на начало июля
100000001688676100,0.54568199,Не видны внешние выходы,"Наличные, межбанк, переводы ниже 5000 KZT"
100000003739818100,0.5456061,Не видны внешние выходы,"Наличные, межбанк, переводы ниже 5000 KZT"
100000008751429100,0.54546238,Не видны внешние выходы,"Наличные, межбанк, переводы ниже 5000 KZT"
100000004184158100,0.54530552,Не видны внешние выходы,"Наличные, межбанк, переводы ниже 5000 KZT"
100000002492277100,0.54496278,Не видны внешние выходы,"Наличные, межбанк, переводы ниже 5000 KZT"
100000008737514100,0.54495515,Не видны внешние выходы,"Наличные, межбанк, переводы ниже 5000 KZT"
100000002906470100,0.54488461,Не видны внешние выходы,"Наличные, межбанк, переводы ниже 5000 KZT"
100000008571443100,0.5445336,Не видны внешние выходы,"Наличные, межбанк, переводы ниже 5000 KZT"
100000004588479100,0.54448859,Не видны внешние выходы,"Наличные, межбанк, переводы ниже 5000 KZT"
100000006492770100,0.54421156,Не видны внешние выходы,"Наличные, межбанк, переводы ниже 5000 KZT"
100000000555721100,0.54336861,Не видны внешние выходы,"Наличные, межбанк, переводы ниже 5000 KZT"
100000001554432100,0.54329054,Не видны внешние выходы,"Наличные, межбанк, переводы ниже 5000 KZT"
100000003497735100,0.54302176,Не видны внешние выходы,"Наличные, межбанк, переводы ниже 5000 KZT"
100000003037660100,0.54275437,Не видны внешние выходы,"Наличные, межбанк, переводы ниже 5000 KZT"
100000006532229100,0.54264875,Не видны внешние выходы,"Наличные, межбанк, переводы ниже 5000 KZT"
100000002963189100,0.54250215,Неполный наблюдаемый баланс,Входящие вне выборки и остаток на начало июля
100000007020162100,0.54234424,Не видны внешние выходы,"Наличные, межбанк, переводы ниже 5000 KZT"
100000001961048100,0.54223165,Не видны внешние выходы,"Наличные, межбанк, переводы ниже 5000 KZT"
100000001009583100,0.54191284,Не видны внешние выходы,"Наличные, межбанк, переводы ниже 5000 KZT"
100000005031696100,0.54190673,Неполный наблюдаемый баланс,Входящие вне выборки и остаток на начало июля
100000004410489100,0.54181772,Не видны внешние выходы,"Наличные, межбанк, переводы ниже 5000 KZT"
100000002550141100,0.54173204,Не видны внешние выходы,"Наличные, межбанк, переводы ниже 5000 KZT"
100000002836736100,0.54155397,Не видны внешние выходы,"Наличные, межбанк, переводы ниже 5000 KZT"
100000007939160100,0.54153282,Не видны внешние выходы,"Наличные, межбанк, переводы ниже 5000 KZT"
100000005897462100,0.54148432,Не видны внешние выходы,"Наличные, межбанк, переводы ниже 5000 KZT"
100000000979923100,0.54135764,Не видны внешние выходы,"Наличные, межбанк, переводы ниже 5000 KZT"
100000003292191100,0.54113965,Не видны внешние выходы,"Наличные, межбанк, переводы ниже 5000 KZT"
100000001346560100,0.54100884,Неполный наблюдаемый баланс,Входящие вне выборки и остаток на начало июля
100000002877262100,0.54053982,Не видны внешние выходы,"Наличные, межбанк, переводы ниже 5000 KZT"
100000006534886100,0.54039458,Неполный наблюдаемый баланс,Входящие вне выборки и остаток на начало июля
100000001194266100,0.54033371,Не видны внешние выходы,"Наличные, межбанк, переводы ниже 5000 KZT"
100000003476560100,0.54033371,Не видны внешние выходы,"Наличные, межбанк, переводы ниже 5000 KZT"
100000004692798100,0.5400983,Не видны внешние выходы,"Наличные, межбанк, переводы ниже 5000 KZT"
100000001384826100,0.53978095,Не видны внешние выходы,"Наличные, межбанк, переводы ниже 5000 KZT"
100000002193259100,0.53903403,Неполный наблюдаемый баланс,Входящие вне выборки и остаток на начало июля
100000002622822100,0.53876334,Обрыв обхода на глубине 4,Исходящие переводы клиента и следующее колено за июль
100000001524952100,0.53869999,Не видны внешние выходы,"Наличные, межбанк, переводы ниже 5000 KZT"
100000004750321100,0.53868672,Не видны внешние выходы,"Наличные, межбанк, переводы ниже 5000 KZT"
100000001837130100,0.53863248,Не видны внешние выходы,"Наличные, межбанк, переводы ниже 5000 KZT"
100000006866783100,0.53837021,Неполный наблюдаемый баланс,Входящие вне выборки и остаток на начало июля
100000008376089100,0.53812239,Не видны внешние выходы,"Наличные, межбанк, переводы ниже 5000 KZT"
100000008295429100,0.53805836,Не видны внешние выходы,"Наличные, межбанк, переводы ниже 5000 KZT"
100000001275752100,0.53798083,Не видны внешние выходы,"Наличные, межбанк, переводы ниже 5000 KZT"
100000004889043100,0.53789305,Не видны внешние выходы,"Наличные, межбанк, переводы ниже 5000 KZT"
100000006445501100,0.53782841,Не видны внешние выходы,"Наличные, межбанк, переводы ниже 5000 KZT"
100000000297649100,0.53759896,Неполный наблюдаемый баланс,Входящие вне выборки и остаток на начало июля
100000003102157100,0.53666984,Не видны внешние выходы,"Наличные, межбанк, переводы ниже 5000 KZT"
100000005342513100,0.53666686,Не видны внешние выходы,"Наличные, межбанк, переводы ниже 5000 KZT"
100000001541418100,0.53642165,Не видны внешние выходы,"Наличные, межбанк, переводы ниже 5000 KZT"
100000002380341100,0.53623146,Не видны внешние выходы,"Наличные, межбанк, переводы ниже 5000 KZT"
100000005142589100,0.53610767,Не видны внешние выходы,"Наличные, межбанк, переводы ниже 5000 KZT"
100000002236528100,0.53603891,Не видны внешние выходы,"Наличные, межбанк, переводы ниже 5000 KZT"
100000000933075100,0.53574277,Неполный наблюдаемый баланс,Входящие вне выборки и остаток на начало июля
100000008634520100,0.53542967,Не видны внешние выходы,"Наличные, межбанк, переводы ниже 5000 KZT"
100000002454724100,0.53521482,Не видны внешние выходы,"Наличные, межбанк, переводы ниже 5000 KZT"
100000003112436100,0.53418997,Не видны внешние выходы,"Наличные, межбанк, переводы ниже 5000 KZT"
100000001379511100,0.53395983,Не видны внешние выходы,"Наличные, межбанк, переводы ниже 5000 KZT"
100000006745291100,0.53387664,Не видны внешние выходы,"Наличные, межбанк, переводы ниже 5000 KZT"
100000003724440100,0.53383898,Не видны внешние выходы,"Наличные, межбанк, переводы ниже 5000 KZT"
100000002126791100,0.53374393,Обрыв обхода на глубине 4,Исходящие переводы клиента и следующее колено за июль
100000004076740100,0.53344392,Неполный наблюдаемый баланс,Входящие вне выборки и остаток на начало июля
100000000945428100,0.53323494,Не видны внешние выходы,"Наличные, межбанк, переводы ниже 5000 KZT"
100000002954780100,0.53308033,Не видны внешние выходы,"Наличные, межбанк, переводы ниже 5000 KZT"
100000002356167100,0.53304383,Не видны внешние выходы,"Наличные, межбанк, переводы ниже 5000 KZT"
100000007653003100,0.53292217,Не видны внешние выходы,"Наличные, межбанк, переводы ниже 5000 KZT"
100000000375150100,0.53283633,Обрыв обхода на глубине 4,Исходящие переводы клиента и следующее колено за июль
100000008729597100,0.53261026,Не видны внешние выходы,"Наличные, межбанк, переводы ниже 5000 KZT"
100000003001661100,0.53243429,Неполный наблюдаемый баланс,Входящие вне выборки и остаток на начало июля
100000003060187100,0.53240751,Не видны внешние выходы,"Наличные, межбанк, переводы ниже 5000 KZT"
100000004698193100,0.53240403,Не видны внешние выходы,"Наличные, межбанк, переводы ниже 5000 KZT"
100000002556775100,0.53193992,Не видны внешние выходы,"Наличные, межбанк, переводы ниже 5000 KZT"
100000006530134100,0.53166291,Не видны внешние выходы,"Наличные, межбанк, переводы ниже 5000 KZT"
100000008545727100,0.53123583,Неполный наблюдаемый баланс,Входящие вне выборки и остаток на начало июля
100000004318918100,0.5309755,Не видны внешние выходы,"Наличные, межбанк, переводы ниже 5000 KZT"
100000002849158100,0.53087013,Неполный наблюдаемый баланс,Входящие вне выборки и остаток на начало июля
100000008701256100,0.53076541,Не видны внешние выходы,"Наличные, межбанк, переводы ниже 5000 KZT"
100000007749092100,0.53041243,Неполный наблюдаемый баланс,Входящие вне выборки и остаток на начало июля
100000004508696100,0.52987983,Неполный наблюдаемый баланс,Входящие вне выборки и остаток на начало июля
100000003154105100,0.52970556,Неполный наблюдаемый баланс,Входящие вне выборки и остаток на начало июля
100000004670388100,0.52950726,Неполный наблюдаемый баланс,Входящие вне выборки и остаток на начало июля
100000005142492100,0.52948696,Неполный наблюдаемый баланс,Входящие вне выборки и остаток на начало июля
100000002934441100,0.52907655,Не видны внешние выходы,"Наличные, межбанк, переводы ниже 5000 KZT"
100000001726614100,0.5290337,Не видны внешние выходы,"Наличные, межбанк, переводы ниже 5000 KZT"
100000003044431100,0.52884511,Не видны внешние выходы,"Наличные, межбанк, переводы ниже 5000 KZT"
100000005075949100,0.52804377,Обрыв обхода на глубине 4,Исходящие переводы клиента и следующее колено за июль
100000002890167100,0.52761201,Не видны внешние выходы,"Наличные, межбанк, переводы ниже 5000 KZT"
100000002530224100,0.52732364,Не видны внешние выходы,"Наличные, межбанк, переводы ниже 5000 KZT"
100000002891765100,0.52607533,Не видны внешние выходы,"Наличные, межбанк, переводы ниже 5000 KZT"
100000002489253100,0.5259982,Не видны внешние выходы,"Наличные, межбанк, переводы ниже 5000 KZT"
100000008259451100,0.52561908,Не видны внешние выходы,"Наличные, межбанк, переводы ниже 5000 KZT"
100000001853812100,0.52545474,Не видны внешние выходы,"Наличные, межбанк, переводы ниже 5000 KZT"
100000006111442100,0.52534511,Не видны внешние выходы,"Наличные, межбанк, переводы ниже 5000 KZT"
100000001851289100,0.52525027,Не видны внешние выходы,"Наличные, межбанк, переводы ниже 5000 KZT"
100000001714413100,0.52496454,Не видны внешние выходы,"Наличные, межбанк, переводы ниже 5000 KZT"
100000000942301100,0.5248241,Не видны внешние выходы,"Наличные, межбанк, переводы ниже 5000 KZT"
100000001411870100,0.52459082,Не видны внешние выходы,"Наличные, межбанк, переводы ниже 5000 KZT"
100000005767403100,0.52455172,Обрыв обхода на глубине 4,Исходящие переводы клиента и следующее колено за июль
100000003149149100,0.52391796,Не видны внешние выходы,"Наличные, межбанк, переводы ниже 5000 KZT"
100000000440392100,0.52376645,Не видны внешние выходы,"Наличные, межбанк, переводы ниже 5000 KZT"
100000006169033100,0.52330522,Неполный наблюдаемый баланс,Входящие вне выборки и остаток на начало июля
100000002884708100,0.52216912,Обрыв обхода на глубине 4,Исходящие переводы клиента и следующее колено за июль
100000000733451100,0.52215963,Неполный наблюдаемый баланс,Входящие вне выборки и остаток на начало июля
100000004722765100,0.52207151,Неполный наблюдаемый баланс,Входящие вне выборки и остаток на начало июля
100000003147719100,0.5220151,Не видны внешние выходы,"Наличные, межбанк, переводы ниже 5000 KZT"
100000008459449100,0.5216009,Не видны внешние выходы,"Наличные, межбанк, переводы ниже 5000 KZT"
100000001052789100,0.52088,Не видны внешние выходы,"Наличные, межбанк, переводы ниже 5000 KZT"
100000008070101100,0.52078893,Не видны внешние выходы,"Наличные, межбанк, переводы ниже 5000 KZT"
100000004424023100,0.5202881,Неполный наблюдаемый баланс,Входящие вне выборки и остаток на начало июля
100000001329153100,0.52026586,Не видны внешние выходы,"Наличные, межбанк, переводы ниже 5000 KZT"
100000008443341100,0.5200073,Неполный наблюдаемый баланс,Входящие вне выборки и остаток на начало июля
100000002511825100,0.51997844,Не видны внешние выходы,"Наличные, межбанк, переводы ниже 5000 KZT"
100000004360785100,0.51980412,Не видны внешние выходы,"Наличные, межбанк, переводы ниже 5000 KZT"
100000000607941100,0.51926432,Неполный наблюдаемый баланс,Входящие вне выборки и остаток на начало июля
100000000802149100,0.51811801,Не видны внешние выходы,"Наличные, межбанк, переводы ниже 5000 KZT"
100000006562026100,0.51743099,Не видны внешние выходы,"Наличные, межбанк, переводы ниже 5000 KZT"
100000004917367100,0.51738561,Не видны внешние выходы,"Наличные, межбанк, переводы ниже 5000 KZT"
100000008472324100,0.51722745,Не видны внешние выходы,"Наличные, межбанк, переводы ниже 5000 KZT"
100000003917461100,0.5169555,Неполный наблюдаемый баланс,Входящие вне выборки и остаток на начало июля
100000002755292100,0.51685685,Не видны внешние выходы,"Наличные, межбанк, переводы ниже 5000 KZT"
100000008568512100,0.51596998,Не видны внешние выходы,"Наличные, межбанк, переводы ниже 5000 KZT"
100000002845605100,0.51541307,Не видны внешние выходы,"Наличные, межбанк, переводы ниже 5000 KZT"
100000002435265100,0.51496002,Не видны внешние выходы,"Наличные, межбанк, переводы ниже 5000 KZT"
100000002621434100,0.51493094,Не видны внешние выходы,"Наличные, межбанк, переводы ниже 5000 KZT"
100000002774456100,0.5149181,Не видны внешние выходы,"Наличные, межбанк, переводы ниже 5000 KZT"
100000002671326100,0.51472929,Обрыв обхода на глубине 4,Исходящие переводы клиента и следующее колено за июль
100000006638021100,0.51460697,Обрыв обхода на глубине 4,Исходящие переводы клиента и следующее колено за июль
100000003899325100,0.51444993,Не видны внешние выходы,"Наличные, межбанк, переводы ниже 5000 KZT"
100000004984689100,0.51431346,Не видны внешние выходы,"Наличные, межбанк, переводы ниже 5000 KZT"
100000008238112100,0.51425315,Не видны внешние выходы,"Наличные, межбанк, переводы ниже 5000 KZT"
100000007689942100,0.51372478,Неполный наблюдаемый баланс,Входящие вне выборки и остаток на начало июля
100000008172352100,0.51341744,Неполный наблюдаемый баланс,Входящие вне выборки и остаток на начало июля
100000004336228100,0.51328037,Не видны внешние выходы,"Наличные, межбанк, переводы ниже 5000 KZT"
100000002872399100,0.51283837,Не видны внешние выходы,"Наличные, межбанк, переводы ниже 5000 KZT"
100000002600345100,0.51257138,Не видны внешние выходы,"Наличные, межбанк, переводы ниже 5000 KZT"
100000003622955100,0.51249724,Обрыв обхода на глубине 4,Исходящие переводы клиента и следующее колено за июль
100000002700161100,0.51249401,Обрыв обхода на глубине 4,Исходящие переводы клиента и следующее колено за июль
100000000795374100,0.51211968,Не видны внешние выходы,"Наличные, межбанк, переводы ниже 5000 KZT"
100000003711830100,0.51211968,Не видны внешние выходы,"Наличные, межбанк, переводы ниже 5000 KZT"
100000008731444100,0.51151012,Неполный наблюдаемый баланс,Входящие вне выборки и остаток на начало июля
100000008752616100,0.51144141,Неполный наблюдаемый баланс,Входящие вне выборки и остаток на начало июля
100000001934935100,0.51094173,Не видны внешние выходы,"Наличные, межбанк, переводы ниже 5000 KZT"
100000001550388100,0.5101179,Не видны внешние выходы,"Наличные, межбанк, переводы ниже 5000 KZT"
100000006687202100,0.5101179,Не видны внешние выходы,"Наличные, межбанк, переводы ниже 5000 KZT"
100000003718715100,0.50970653,Обрыв обхода на глубине 4,Исходящие переводы клиента и следующее колено за июль
100000001131403100,0.50925494,Обрыв обхода на глубине 4,Исходящие переводы клиента и следующее колено за июль
100000005382566100,0.50920043,Неполный наблюдаемый баланс,Входящие вне выборки и остаток на начало июля
100000002581346100,0.50908896,Не видны внешние выходы,"Наличные, межбанк, переводы ниже 5000 KZT"
100000003971049100,0.50906189,Не видны внешние выходы,"Наличные, межбанк, переводы ниже 5000 KZT"
100000001227106100,0.50870584,Не видны внешние выходы,"Наличные, межбанк, переводы ниже 5000 KZT"
100000007754369100,0.50869437,Не видны внешние выходы,"Наличные, межбанк, переводы ниже 5000 KZT"
100000004200745100,0.5086617,Обрыв обхода на глубине 4,Исходящие переводы клиента и следующее колено за июль
100000008405209100,0.50854159,Не видны внешние выходы,"Наличные, межбанк, переводы ниже 5000 KZT"
100000006952718100,0.50848716,Не видны внешние выходы,"Наличные, межбанк, переводы ниже 5000 KZT"
100000004066647100,0.50818237,Не видны внешние выходы,"Наличные, межбанк, переводы ниже 5000 KZT"
100000002842321100,0.50762646,Не видны внешние выходы,"Наличные, межбанк, переводы ниже 5000 KZT"
100000003220685100,0.50688791,Обрыв обхода на глубине 4,Исходящие переводы клиента и следующее колено за июль
100000007745062100,0.50684161,Обрыв обхода на глубине 4,Исходящие переводы клиента и следующее колено за июль
100000006248077100,0.50668151,Не видны внешние выходы,"Наличные, межбанк, переводы ниже 5000 KZT"
100000002778085100,0.50584908,Не видны внешние выходы,"Наличные, межбанк, переводы ниже 5000 KZT"
100000005222360100,0.5055097,Неполный наблюдаемый баланс,Входящие вне выборки и остаток на начало июля
100000002686226100,0.50542298,Обрыв обхода на глубине 4,Исходящие переводы клиента и следующее колено за июль
100000008043184100,0.50541228,Не видны внешние выходы,"Наличные, межбанк, переводы ниже 5000 KZT"
100000001046626100,0.50539891,Не видны внешние выходы,"Наличные, межбанк, переводы ниже 5000 KZT"
100000002459240100,0.50539891,Не видны внешние выходы,"Наличные, межбанк, переводы ниже 5000 KZT"
100000003486970100,0.50539891,Не видны внешние выходы,"Наличные, межбанк, переводы ниже 5000 KZT"
100000004006327100,0.50486672,Обрыв обхода на глубине 4,Исходящие переводы клиента и следующее колено за июль
100000001471706100,0.50405251,Обрыв обхода на глубине 4,Исходящие переводы клиента и следующее колено за июль
100000004331458100,0.50391552,Не видны внешние выходы,"Наличные, межбанк, переводы ниже 5000 KZT"
100000004183610100,0.50368426,Неполный наблюдаемый баланс,Входящие вне выборки и остаток на начало июля
100000001724740100,0.50367277,Обрыв обхода на глубине 4,Исходящие переводы клиента и следующее колено за июль
100000008625905100,0.50366093,Неполный наблюдаемый баланс,Входящие вне выборки и остаток на начало июля
100000005612411100,0.5036196,Неполный наблюдаемый баланс,Входящие вне выборки и остаток на начало июля
100000005183943100,0.50356393,Не видны внешние выходы,"Наличные, межбанк, переводы ниже 5000 KZT"
100000004657034100,0.50329027,Не видны внешние выходы,"Наличные, межбанк, переводы ниже 5000 KZT"
100000004527381100,0.5032727,Неполный наблюдаемый баланс,Входящие вне выборки и остаток на начало июля
100000005911352100,0.50276678,Неполный наблюдаемый баланс,Входящие вне выборки и остаток на начало июля
100000004399686100,0.50261314,Не видны внешние выходы,"Наличные, межбанк, переводы ниже 5000 KZT"
100000008603331100,0.50247922,Неполный наблюдаемый баланс,Входящие вне выборки и остаток на начало июля
100000004586598100,0.50140266,Обрыв обхода на глубине 4,Исходящие переводы клиента и следующее колено за июль
100000003164661100,0.50139994,Не видны внешние выходы,"Наличные, межбанк, переводы ниже 5000 KZT"
100000001805543100,0.50088929,Не видны внешние выходы,"Наличные, межбанк, переводы ниже 5000 KZT"
100000008175078100,0.50055607,Обрыв обхода на глубине 4,Исходящие переводы клиента и следующее колено за июль
100000001053894100,0.49989316,Обрыв обхода на глубине 4,Исходящие переводы клиента и следующее колено за июль
100000008422226100,0.49938211,Не видны внешние выходы,"Наличные, межбанк, переводы ниже 5000 KZT"
100000003235780100,0.49929339,Не видны внешние выходы,"Наличные, межбанк, переводы ниже 5000 KZT"
100000000490383100,0.4989415,Неполный наблюдаемый баланс,Входящие вне выборки и остаток на начало июля
100000003004487100,0.49808787,Неполный наблюдаемый баланс,Входящие вне выборки и остаток на начало июля
100000007507343100,0.49798696,Не видны внешние выходы,"Наличные, межбанк, переводы ниже 5000 KZT"
100000001246806100,0.49798555,Обрыв обхода на глубине 4,Исходящие переводы клиента и следующее колено за июль
100000003470579100,0.49796191,Обрыв обхода на глубине 4,Исходящие переводы клиента и следующее колено за июль
100000002670860100,0.49779968,Не видны внешние выходы,"Наличные, межбанк, переводы ниже 5000 KZT"
100000007330432100,0.49770053,Обрыв обхода на глубине 4,Исходящие переводы клиента и следующее колено за июль
100000005272139100,0.49721906,Обрыв обхода на глубине 4,Исходящие переводы клиента и следующее колено за июль
100000001222245100,0.49693874,Обрыв обхода на глубине 4,Исходящие переводы клиента и следующее колено за июль
100000000769919100,0.49657566,Не видны внешние выходы,"Наличные, межбанк, переводы ниже 5000 KZT"
100000003134474100,0.49643501,Не видны внешние выходы,"Наличные, межбанк, переводы ниже 5000 KZT"
100000004144536100,0.49643469,Не видны внешние выходы,"Наличные, межбанк, переводы ниже 5000 KZT"
100000002860934100,0.49614913,Обрыв обхода на глубине 4,Исходящие переводы клиента и следующее колено за июль
100000008469048100,0.49539756,Обрыв обхода на глубине 4,Исходящие переводы клиента и следующее колено за июль
100000008517061100,0.49493379,Обрыв обхода на глубине 4,Исходящие переводы клиента и следующее колено за июль
100000001065234100,0.4947241,Обрыв обхода на глубине 4,Исходящие переводы клиента и следующее колено за июль
100000008730238100,0.49470957,Обрыв обхода на глубине 4,Исходящие переводы клиента и следующее колено за июль
100000008137435100,0.49444866,Неполный наблюдаемый баланс,Входящие вне выборки и остаток на начало июля
100000003242795100,0.49431502,Не видны внешние выходы,"Наличные, межбанк, переводы ниже 5000 KZT"
100000008730021100,0.4942304,Не видны внешние выходы,"Наличные, межбанк, переводы ниже 5000 KZT"
100000004601193100,0.49408831,Обрыв обхода на глубине 4,Исходящие переводы клиента и следующее колено за июль
100000004035925100,0.49378093,Обрыв обхода на глубине 4,Исходящие переводы клиента и следующее колено за июль
100000002257794100,0.493609,Не видны внешние выходы,"Наличные, межбанк, переводы ниже 5000 KZT"
100000000913911100,0.49309893,Неполный наблюдаемый баланс,Входящие вне выборки и остаток на начало июля
100000008333492100,0.49304015,Обрыв обхода на глубине 4,Исходящие переводы клиента и следующее колено за июль
100000003760160100,0.49286745,Не видны внешние выходы,"Наличные, межбанк, переводы ниже 5000 KZT"
100000002753146100,0.49276276,Не видны внешние выходы,"Наличные, межбанк, переводы ниже 5000 KZT"
100000002722108100,0.49264407,Не видны внешние выходы,"Наличные, межбанк, переводы ниже 5000 KZT"
100000002748761100,0.49246345,Не видны внешние выходы,"Наличные, межбанк, переводы ниже 5000 KZT"
100000005893892100,0.4924086,Не видны внешние выходы,"Наличные, межбанк, переводы ниже 5000 KZT"
100000006894637100,0.49231636,Не видны внешние выходы,"Наличные, межбанк, переводы ниже 5000 KZT"
100000005042822100,0.49206875,Обрыв обхода на глубине 4,Исходящие переводы клиента и следующее колено за июль
100000003696422100,0.49180524,Обрыв обхода на глубине 4,Исходящие переводы клиента и следующее колено за июль
100000001616816100,0.49130616,Неполный наблюдаемый баланс,Входящие вне выборки и остаток на начало июля
100000003692843100,0.49128347,Обрыв обхода на глубине 4,Исходящие переводы клиента и следующее колено за июль
100000008121806100,0.49104368,Неполный наблюдаемый баланс,Входящие вне выборки и остаток на начало июля
100000003647799100,0.49085144,Не видны внешние выходы,"Наличные, межбанк, переводы ниже 5000 KZT"
100000002748532100,0.49073006,Неполный наблюдаемый баланс,Входящие вне выборки и остаток на начало июля
100000001745217100,0.49053382,Не видны внешние выходы,"Наличные, межбанк, переводы ниже 5000 KZT"
100000008254069100,0.49048871,Неполный наблюдаемый баланс,Входящие вне выборки и остаток на начало июля
100000002481974100,0.4900128,Неполный наблюдаемый баланс,Входящие вне выборки и остаток на начало июля
100000002032323100,0.48999587,Неполный наблюдаемый баланс,Входящие вне выборки и остаток на начало июля
100000001960517100,0.48940632,Не видны внешние выходы,"Наличные, межбанк, переводы ниже 5000 KZT"
100000002015633100,0.48907633,Не видны внешние выходы,"Наличные, межбанк, переводы ниже 5000 KZT"
100000008136608100,0.48896276,Обрыв обхода на глубине 4,Исходящие переводы клиента и следующее колено за июль
100000003125997100,0.48879718,Обрыв обхода на глубине 4,Исходящие переводы клиента и следующее колено за июль
100000008647905100,0.4882232,Неполный наблюдаемый баланс,Входящие вне выборки и остаток на начало июля
100000005815602100,0.48795618,Неполный наблюдаемый баланс,Входящие вне выборки и остаток на начало июля
100000007841978100,0.48771567,Обрыв обхода на глубине 4,Исходящие переводы клиента и следующее колено за июль
100000008461217100,0.48744675,Обрыв обхода на глубине 4,Исходящие переводы клиента и следующее колено за июль
100000003025903100,0.48734668,Обрыв обхода на глубине 4,Исходящие переводы клиента и следующее колено за июль
100000007511780100,0.48734177,Обрыв обхода на глубине 4,Исходящие переводы клиента и следующее колено за июль
100000008183752100,0.48728906,Обрыв обхода на глубине 4,Исходящие переводы клиента и следующее колено за июль
100000002284426100,0.48724264,Не видны внешние выходы,"Наличные, межбанк, переводы ниже 5000 KZT"
100000003247600100,0.48671568,Обрыв обхода на глубине 4,Исходящие переводы клиента и следующее колено за июль
100000008695157100,0.48615007,Обрыв обхода на глубине 4,Исходящие переводы клиента и следующее колено за июль
100000008669310100,0.48612196,Не видны внешние выходы,"Наличные, межбанк, переводы ниже 5000 KZT"
100000004390333100,0.48601592,Неполный наблюдаемый баланс,Входящие вне выборки и остаток на начало июля
100000004475818100,0.48574985,Неполный наблюдаемый баланс,Входящие вне выборки и остаток на начало июля
100000002653948100,0.48573014,Не видны внешние выходы,"Наличные, межбанк, переводы ниже 5000 KZT"
100000005711521100,0.48571647,Обрыв обхода на глубине 4,Исходящие переводы клиента и следующее колено за июль
100000003985389100,0.48553723,Обрыв обхода на глубине 4,Исходящие переводы клиента и следующее колено за июль
100000004500781100,0.48551268,Обрыв обхода на глубине 4,Исходящие переводы клиента и следующее колено за июль
100000008758168100,0.48542499,Неполный наблюдаемый баланс,Входящие вне выборки и остаток на начало июля
100000003603979100,0.48521283,Не видны внешние выходы,"Наличные, межбанк, переводы ниже 5000 KZT"
100000004655046100,0.48510772,Обрыв обхода на глубине 4,Исходящие переводы клиента и следующее колено за июль
100000008638859100,0.48500326,Обрыв обхода на глубине 4,Исходящие переводы клиента и следующее колено за июль
100000006381453100,0.4849408,Обрыв обхода на глубине 4,Исходящие переводы клиента и следующее колено за июль
100000002308091100,0.48479997,Не видны внешние выходы,"Наличные, межбанк, переводы ниже 5000 KZT"
100000003888197100,0.48471191,Не видны внешние выходы,"Наличные, межбанк, переводы ниже 5000 KZT"
100000001439416100,0.48460346,Неполный наблюдаемый баланс,Входящие вне выборки и остаток на начало июля
100000000343175100,0.48443304,Неполный наблюдаемый баланс,Входящие вне выборки и остаток на начало июля
100000006308406100,0.48442522,Обрыв обхода на глубине 4,Исходящие переводы клиента и следующее колено за июль
100000002933386100,0.48441839,Неполный наблюдаемый баланс,Входящие вне выборки и остаток на начало июля
100000008701944100,0.48425621,Не видны внешние выходы,"Наличные, межбанк, переводы ниже 5000 KZT"
100000008376785100,0.48406158,Обрыв обхода на глубине 4,Исходящие переводы клиента и следующее колено за июль
100000000733940100,0.48397666,Обрыв обхода на глубине 4,Исходящие переводы клиента и следующее колено за июль
100000000803368100,0.48343294,Обрыв обхода на глубине 4,Исходящие переводы клиента и следующее колено за июль
100000008221765100,0.4832404,Обрыв обхода на глубине 4,Исходящие переводы клиента и следующее колено за июль
100000004722630100,0.48310831,Обрыв обхода на глубине 4,Исходящие переводы клиента и следующее колено за июль
100000001378288100,0.48284324,Обрыв обхода на глубине 4,Исходящие переводы клиента и следующее колено за июль
100000002922000100,0.48281843,Обрыв обхода на глубине 4,Исходящие переводы клиента и следующее колено за июль
100000005616568100,0.48252802,Обрыв обхода на глубине 4,Исходящие переводы клиента и следующее колено за июль
100000008168850100,0.48240144,Обрыв обхода на глубине 4,Исходящие переводы клиента и следующее колено за июль
100000000190228100,0.48195564,Неполный наблюдаемый баланс,Входящие вне выборки и остаток на начало июля
100000001530709100,0.48188928,Не видны внешние выходы,"Наличные, межбанк, переводы ниже 5000 KZT"
100000008531133100,0.48184037,Неполный наблюдаемый баланс,Входящие вне выборки и остаток на начало июля
100000003528285100,0.48176195,Неполный наблюдаемый баланс,Входящие вне выборки и остаток на начало июля
100000000926078100,0.48169132,Обрыв обхода на глубине 4,Исходящие переводы клиента и следующее колено за июль
100000004744306100,0.48159413,Неполный наблюдаемый баланс,Входящие вне выборки и остаток на начало июля
100000007511163100,0.48131397,Неполный наблюдаемый баланс,Входящие вне выборки и остаток на начало июля
100000001835625100,0.48131382,Не видны внешние выходы,"Наличные, межбанк, переводы ниже 5000 KZT"
100000004386286100,0.48070016,Обрыв обхода на глубине 4,Исходящие переводы клиента и следующее колено за июль
100000003037476100,0.48054578,Обрыв обхода на глубине 4,Исходящие переводы клиента и следующее колено за июль
100000004591973100,0.47997181,Неполный наблюдаемый баланс,Входящие вне выборки и остаток на начало июля
100000003610172100,0.47994762,Не видны внешние выходы,"Наличные, межбанк, переводы ниже 5000 KZT"
100000002194320100,0.47994386,Обрыв обхода на глубине 4,Исходящие переводы клиента и следующее колено за июль
100000006232642100,0.47989063,Обрыв обхода на глубине 4,Исходящие переводы клиента и следующее колено за июль
100000001929088100,0.47983069,Не видны внешние выходы,"Наличные, межбанк, переводы ниже 5000 KZT"
100000002773323100,0.47942473,Неполный наблюдаемый баланс,Входящие вне выборки и остаток на начало июля
100000001299828100,0.47931452,Обрыв обхода на глубине 4,Исходящие переводы клиента и следующее колено за июль
100000001317336100,0.47930056,Неполный наблюдаемый баланс,Входящие вне выборки и остаток на начало июля
100000002594214100,0.47925737,Обрыв обхода на глубине 4,Исходящие переводы клиента и следующее колено за июль
100000002824176100,0.4788674,Не видны внешние выходы,"Наличные, межбанк, переводы ниже 5000 KZT"
100000002540033100,0.47800737,Обрыв обхода на глубине 4,Исходящие переводы клиента и следующее колено за июль
100000008471634100,0.47772136,Обрыв обхода на глубине 4,Исходящие переводы клиента и следующее колено за июль
100000004840086100,0.47744619,Обрыв обхода на глубине 4,Исходящие переводы клиента и следующее колено за июль
100000004610802100,0.47705607,Обрыв обхода на глубине 4,Исходящие переводы клиента и следующее колено за июль
100000005602999100,0.4768459,Неполный наблюдаемый баланс,Входящие вне выборки и остаток на начало июля
100000004480280100,0.47629083,Неполный наблюдаемый баланс,Входящие вне выборки и остаток на начало июля
100000003180305100,0.47579924,Обрыв обхода на глубине 4,Исходящие переводы клиента и следующее колено за июль
100000004350094100,0.47571958,Обрыв обхода на глубине 4,Исходящие переводы клиента и следующее колено за июль
100000002242455100,0.47569873,Обрыв обхода на глубине 4,Исходящие переводы клиента и следующее колено за июль
100000004418967100,0.47565547,Обрыв обхода на глубине 4,Исходящие переводы клиента и следующее колено за июль
100000002255058100,0.4755728,Не видны внешние выходы,"Наличные, межбанк, переводы ниже 5000 KZT"
100000008430691100,0.47536225,Неполный наблюдаемый баланс,Входящие вне выборки и остаток на начало июля
100000004652395100,0.47532633,Обрыв обхода на глубине 4,Исходящие переводы клиента и следующее колено за июль
100000006126743100,0.47484061,Не видны внешние выходы,"Наличные, межбанк, переводы ниже 5000 KZT"
100000002807334100,0.47471274,Не видны внешние выходы,"Наличные, межбанк, переводы ниже 5000 KZT"
100000001063678100,0.47450456,Неполный наблюдаемый баланс,Входящие вне выборки и остаток на начало июля
100000003289281100,0.47440224,Обрыв обхода на глубине 4,Исходящие переводы клиента и следующее колено за июль
100000002229615100,0.47400858,Обрыв обхода на глубине 4,Исходящие переводы клиента и следующее колено за июль
100000000561160100,0.47387101,Обрыв обхода на глубине 4,Исходящие переводы клиента и следующее колено за июль
100000002109656100,0.47383387,Не видны внешние выходы,"Наличные, межбанк, переводы ниже 5000 KZT"
100000002644285100,0.47383387,Не видны внешние выходы,"Наличные, межбанк, переводы ниже 5000 KZT"
100000005474472100,0.47364726,Не видны внешние выходы,"Наличные, межбанк, переводы ниже 5000 KZT"
100000005287097100,0.47335286,Неполный наблюдаемый баланс,Входящие вне выборки и остаток на начало июля
100000002990675100,0.47331763,Не видны внешние выходы,"Наличные, межбанк, переводы ниже 5000 KZT"
100000008388049100,0.47328174,Не видны внешние выходы,"Наличные, межбанк, переводы ниже 5000 KZT"
100000002567887100,0.47319832,Не видны внешние выходы,"Наличные, межбанк, переводы ниже 5000 KZT"
100000001202637100,0.47286947,Обрыв обхода на глубине 4,Исходящие переводы клиента и следующее колено за июль
100000003128638100,0.47283825,Обрыв обхода на глубине 4,Исходящие переводы клиента и следующее колено за июль
100000003293377100,0.47271799,Не видны внешние выходы,"Наличные, межбанк, переводы ниже 5000 KZT"
100000007539296100,0.47257739,Обрыв обхода на глубине 4,Исходящие переводы клиента и следующее колено за июль
100000007865484100,0.47253879,Обрыв обхода на глубине 4,Исходящие переводы клиента и следующее колено за июль
100000002794374100,0.4724382,Обрыв обхода на глубине 4,Исходящие переводы клиента и следующее колено за июль
100000002670960100,0.47236012,Не видны внешние выходы,"Наличные, межбанк, переводы ниже 5000 KZT"
100000007071852100,0.47209445,Обрыв обхода на глубине 4,Исходящие переводы клиента и следующее колено за июль
100000008200810100,0.47202911,Не видны внешние выходы,"Наличные, межбанк, переводы ниже 5000 KZT"
100000003275398100,0.47198998,Не видны внешние выходы,"Наличные, межбанк, переводы ниже 5000 KZT"
100000003186579100,0.47182862,Обрыв обхода на глубине 4,Исходящие переводы клиента и следующее колено за июль
100000004192865100,0.47167755,Не видны внешние выходы,"Наличные, межбанк, переводы ниже 5000 KZT"
100000002459093100,0.47146462,Не видны внешние выходы,"Наличные, межбанк, переводы ниже 5000 KZT"
100000002723439100,0.47135436,Обрыв обхода на глубине 4,Исходящие переводы клиента и следующее колено за июль
100000000470237100,0.47129122,Обрыв обхода на глубине 4,Исходящие переводы клиента и следующее колено за июль
100000003664994100,0.47103763,Обрыв обхода на глубине 4,Исходящие переводы клиента и следующее колено за июль
100000007811950100,0.47095642,Обрыв обхода на глубине 4,Исходящие переводы клиента и следующее колено за июль
100000003132484100,0.47093926,Не видны внешние выходы,"Наличные, межбанк, переводы ниже 5000 KZT"
100000002956779100,0.47086529,Не видны внешние выходы,"Наличные, межбанк, переводы ниже 5000 KZT"
100000008587459100,0.47055544,Неполный наблюдаемый баланс,Входящие вне выборки и остаток на начало июля
100000004596284100,0.47054936,Обрыв обхода на глубине 4,Исходящие переводы клиента и следующее колено за июль
100000004691350100,0.47051791,Обрыв обхода на глубине 4,Исходящие переводы клиента и следующее колено за июль
100000004629688100,0.47041857,Неполный наблюдаемый баланс,Входящие вне выборки и остаток на начало июля
100000003366154100,0.47007277,Неполный наблюдаемый баланс,Входящие вне выборки и остаток на начало июля
100000004019056100,0.46995553,Обрыв обхода на глубине 4,Исходящие переводы клиента и следующее колено за июль
100000004326224100,0.46989938,Обрыв обхода на глубине 4,Исходящие переводы клиента и следующее колено за июль
100000004674412100,0.46978578,Обрыв обхода на глубине 4,Исходящие переводы клиента и следующее колено за июль
100000007042175100,0.46963248,Обрыв обхода на глубине 4,Исходящие переводы клиента и следующее колено за июль
100000008190411100,0.46949837,Обрыв обхода на глубине 4,Исходящие переводы клиента и следующее колено за июль
100000002242066100,0.4694323,Обрыв обхода на глубине 4,Исходящие переводы клиента и следующее колено за июль
100000002119762100,0.46909873,Обрыв обхода на глубине 4,Исходящие переводы клиента и следующее колено за июль
100000003370425100,0.46871335,Обрыв обхода на глубине 4,Исходящие переводы клиента и следующее колено за июль
100000008735802100,0.46826031,Обрыв обхода на глубине 4,Исходящие переводы клиента и следующее колено за июль
100000005034574100,0.4678243,Не видны внешние выходы,"Наличные, межбанк, переводы ниже 5000 KZT"
100000005360814100,0.46745849,Обрыв обхода на глубине 4,Исходящие переводы клиента и следующее колено за июль
100000003190207100,0.46727845,Неполный наблюдаемый баланс,Входящие вне выборки и остаток на начало июля
100000008722541100,0.46727781,Обрыв обхода на глубине 4,Исходящие переводы клиента и следующее колено за июль
100000001427082100,0.46697965,Неполный наблюдаемый баланс,Входящие вне выборки и остаток на начало июля
100000001220124100,0.4668622,Обрыв обхода на глубине 4,Исходящие переводы клиента и следующее колено за июль
100000002832753100,0.46678517,Обрыв обхода на глубине 4,Исходящие переводы клиента и следующее колено за июль
100000007749747100,0.46676357,Обрыв обхода на глубине 4,Исходящие переводы клиента и следующее колено за июль
100000008757301100,0.46664492,Обрыв обхода на глубине 4,Исходящие переводы клиента и следующее колено за июль
100000008619159100,0.46629501,Обрыв обхода на глубине 4,Исходящие переводы клиента и следующее колено за июль
100000003345947100,0.46620521,Обрыв обхода на глубине 4,Исходящие переводы клиента и следующее колено за июль
100000003061115100,0.46617992,Обрыв обхода на глубине 4,Исходящие переводы клиента и следующее колено за июль
100000004673335100,0.46614554,Обрыв обхода на глубине 4,Исходящие переводы клиента и следующее колено за июль
100000004260869100,0.46609416,Обрыв обхода на глубине 4,Исходящие переводы клиента и следующее колено за июль
100000001845505100,0.46591086,Обрыв обхода на глубине 4,Исходящие переводы клиента и следующее колено за июль
100000000404740100,0.46560111,Обрыв обхода на глубине 4,Исходящие переводы клиента и следующее колено за июль
100000003568904100,0.46558075,Обрыв обхода на глубине 4,Исходящие переводы клиента и следующее колено за июль
100000004368189100,0.46550624,Не видны внешние выходы,"Наличные, межбанк, переводы ниже 5000 KZT"
100000008027922100,0.4654414,Обрыв обхода на глубине 4,Исходящие переводы клиента и следующее колено за июль
100000003199390100,0.46533798,Обрыв обхода на глубине 4,Исходящие переводы клиента и следующее колено за июль
100000004921657100,0.46509064,Неполный наблюдаемый баланс,Входящие вне выборки и остаток на начало июля
100000001985793100,0.46484799,Не видны внешние выходы,"Наличные, межбанк, переводы ниже 5000 KZT"
100000002971593100,0.46445841,Обрыв обхода на глубине 4,Исходящие переводы клиента и следующее колено за июль
100000000634341100,0.46438668,Обрыв обхода на глубине 4,Исходящие переводы клиента и следующее колено за июль
100000003865939100,0.46429506,Не видны внешние выходы,"Наличные, межбанк, переводы ниже 5000 KZT"
100000008172721100,0.46415831,Обрыв обхода на глубине 4,Исходящие переводы клиента и следующее колено за июль
100000007153161100,0.46411063,Обрыв обхода на глубине 4,Исходящие переводы клиента и следующее колено за июль
100000002748511100,0.46390908,Обрыв обхода на глубине 4,Исходящие переводы клиента и следующее колено за июль
100000003646145100,0.46341971,Обрыв обхода на глубине 4,Исходящие переводы клиента и следующее колено за июль
100000007864477100,0.46329029,Неполный наблюдаемый баланс,Входящие вне выборки и остаток на начало июля
100000000896111100,0.46323979,Не видны внешние выходы,"Наличные, межбанк, переводы ниже 5000 KZT"
100000008343415100,0.46323356,Обрыв обхода на глубине 4,Исходящие переводы клиента и следующее колено за июль
100000000583220100,0.46288244,Неполный наблюдаемый баланс,Входящие вне выборки и остаток на начало июля
100000000608031100,0.46287588,Обрыв обхода на глубине 4,Исходящие переводы клиента и следующее колено за июль
100000003922499100,0.4628203,Не видны внешние выходы,"Наличные, межбанк, переводы ниже 5000 KZT"
100000002599729100,0.46276759,Обрыв обхода на глубине 4,Исходящие переводы клиента и следующее колено за июль
100000004765639100,0.46225416,Неполный наблюдаемый баланс,Входящие вне выборки и остаток на начало июля
100000004732589100,0.46217044,Не видны внешние выходы,"Наличные, межбанк, переводы ниже 5000 KZT"
100000007653094100,0.46195019,Обрыв обхода на глубине 4,Исходящие переводы клиента и следующее колено за июль
100000004580202100,0.46182365,Неполный наблюдаемый баланс,Входящие вне выборки и остаток на начало июля
100000005367180100,0.46161711,Обрыв обхода на глубине 4,Исходящие переводы клиента и следующее колено за июль
100000003589877100,0.46158215,Неполный наблюдаемый баланс,Входящие вне выборки и остаток на начало июля
100000005527892100,0.46141587,Неполный наблюдаемый баланс,Входящие вне выборки и остаток на начало июля
100000008761219100,0.46138596,Неполный наблюдаемый баланс,Входящие вне выборки и остаток на начало июля
100000003031890100,0.46110393,Не видны внешние выходы,"Наличные, межбанк, переводы ниже 5000 KZT"
100000003016438100,0.46096787,Неполный наблюдаемый баланс,Входящие вне выборки и остаток на начало июля
100000008551752100,0.46077461,Обрыв обхода на глубине 4,Исходящие переводы клиента и следующее колено за июль
100000008740295100,0.46076085,Обрыв обхода на глубине 4,Исходящие переводы клиента и следующее колено за июль
100000005910895100,0.46071679,Обрыв обхода на глубине 4,Исходящие переводы клиента и следующее колено за июль
100000002448088100,0.46070839,Неполный наблюдаемый баланс,Входящие вне выборки и остаток на начало июля
100000008497298100,0.46050497,Не видны внешние выходы,"Наличные, межбанк, переводы ниже 5000 KZT"
100000008739887100,0.46030687,Неполный наблюдаемый баланс,Входящие вне выборки и остаток на начало июля
100000002258492100,0.46009422,Обрыв обхода на глубине 4,Исходящие переводы клиента и следующее колено за июль
100000005037490100,0.4600782,Неполный наблюдаемый баланс,Входящие вне выборки и остаток на начало июля
100000004979264100,0.46007477,Обрыв обхода на глубине 4,Исходящие переводы клиента и следующее колено за июль
100000004777215100,0.4596903,Обрыв обхода на глубине 4,Исходящие переводы клиента и следующее колено за июль
100000005495211100,0.45952387,Обрыв обхода на глубине 4,Исходящие переводы клиента и следующее колено за июль
100000004798515100,0.45931414,Обрыв обхода на глубине 4,Исходящие переводы клиента и следующее колено за июль
100000004791226100,0.45930499,Обрыв обхода на глубине 4,Исходящие переводы клиента и следующее колено за июль
100000008417359100,0.45899417,Неполный наблюдаемый баланс,Входящие вне выборки и остаток на начало июля
100000007283257100,0.45890486,Не видны внешние выходы,"Наличные, межбанк, переводы ниже 5000 KZT"
100000006989106100,0.45878618,Не видны внешние выходы,"Наличные, межбанк, переводы ниже 5000 KZT"
100000002217806100,0.45853278,Обрыв обхода на глубине 4,Исходящие переводы клиента и следующее колено за июль
100000008188026100,0.45846554,Неполный наблюдаемый баланс,Входящие вне выборки и остаток на начало июля
100000008223661100,0.45843496,Неполный наблюдаемый баланс,Входящие вне выборки и остаток на начало июля
100000003486846100,0.45829957,Обрыв обхода на глубине 4,Исходящие переводы клиента и следующее колено за июль
100000001130553100,0.45826519,Обрыв обхода на глубине 4,Исходящие переводы клиента и следующее колено за июль
100000004241142100,0.45727633,Обрыв обхода на глубине 4,Исходящие переводы клиента и следующее колено за июль
100000004222274100,0.456839,Обрыв обхода на глубине 4,Исходящие переводы клиента и следующее колено за июль
100000004549591100,0.45597221,Обрыв обхода на глубине 4,Исходящие переводы клиента и следующее колено за июль
100000008596924100,0.4557647,Не видны внешние выходы,"Наличные, межбанк, переводы ниже 5000 KZT"
100000005849862100,0.4555697,Обрыв обхода на глубине 4,Исходящие переводы клиента и следующее колено за июль
100000005878334100,0.45546128,Обрыв обхода на глубине 4,Исходящие переводы клиента и следующее колено за июль
100000002306369100,0.45538033,Неполный наблюдаемый баланс,Входящие вне выборки и остаток на начало июля
100000002958345100,0.45521504,Не видны внешние выходы,"Наличные, межбанк, переводы ниже 5000 KZT"
100000005010159100,0.45511091,Обрыв обхода на глубине 4,Исходящие переводы клиента и следующее колено за июль
100000002509598100,0.45502587,Не видны внешние выходы,"Наличные, межбанк, переводы ниже 5000 KZT"
100000002653187100,0.45486256,Обрыв обхода на глубине 4,Исходящие переводы клиента и следующее колено за июль
100000005226217100,0.45470006,Обрыв обхода на глубине 4,Исходящие переводы клиента и следующее колено за июль
100000008336318100,0.45467649,Обрыв обхода на глубине 4,Исходящие переводы клиента и следующее колено за июль
100000008308418100,0.45467528,Обрыв обхода на глубине 4,Исходящие переводы клиента и следующее колено за июль
100000004285800100,0.45465648,Неполный наблюдаемый баланс,Входящие вне выборки и остаток на начало июля
100000001788284100,0.45463103,Неполный наблюдаемый баланс,Входящие вне выборки и остаток на начало июля
100000003207060100,0.45449363,Обрыв обхода на глубине 4,Исходящие переводы клиента и следующее колено за июль
100000007867364100,0.45445004,Обрыв обхода на глубине 4,Исходящие переводы клиента и следующее колено за июль
100000003500764100,0.45420749,Обрыв обхода на глубине 4,Исходящие переводы клиента и следующее колено за июль
100000007034089100,0.45413556,Обрыв обхода на глубине 4,Исходящие переводы клиента и следующее колено за июль
100000005895525100,0.45404042,Не видны внешние выходы,"Наличные, межбанк, переводы ниже 5000 KZT"
100000001733216100,0.45391851,Обрыв обхода на глубине 4,Исходящие переводы клиента и следующее колено за июль
100000002505277100,0.45391851,Обрыв обхода на глубине 4,Исходящие переводы клиента и следующее колено за июль
100000000723383100,0.45379621,Неполный наблюдаемый баланс,Входящие вне выборки и остаток на начало июля
100000004800452100,0.45376515,Обрыв обхода на глубине 4,Исходящие переводы клиента и следующее колено за июль
100000004265639100,0.45368313,Обрыв обхода на глубине 4,Исходящие переводы клиента и следующее колено за июль
100000004235471100,0.45360346,Обрыв обхода на глубине 4,Исходящие переводы клиента и следующее колено за июль
100000006512787100,0.45356656,Обрыв обхода на глубине 4,Исходящие переводы клиента и следующее колено за июль
100000003034546100,0.45350481,Не видны внешние выходы,"Наличные, межбанк, переводы ниже 5000 KZT"
100000004988240100,0.45343311,Обрыв обхода на глубине 4,Исходящие переводы клиента и следующее колено за июль
100000002514975100,0.45340849,Обрыв обхода на глубине 4,Исходящие переводы клиента и следующее колено за июль
100000001957974100,0.45335023,Обрыв обхода на глубине 4,Исходящие переводы клиента и следующее колено за июль
100000003289405100,0.45326056,Не видны внешние выходы,"Наличные, межбанк, переводы ниже 5000 KZT"
100000002659103100,0.45284628,Обрыв обхода на глубине 4,Исходящие переводы клиента и следующее колено за июль
100000002320495100,0.45256698,Обрыв обхода на глубине 4,Исходящие переводы клиента и следующее колено за июль
100000005783452100,0.45234527,Обрыв обхода на глубине 4,Исходящие переводы клиента и следующее колено за июль
100000008677368100,0.45214375,Обрыв обхода на глубине 4,Исходящие переводы клиента и следующее колено за июль
100000004379306100,0.45204919,Обрыв обхода на глубине 4,Исходящие переводы клиента и следующее колено за июль
100000001965374100,0.45192874,Неполный наблюдаемый баланс,Входящие вне выборки и остаток на начало июля
100000005497148100,0.45164202,Обрыв обхода на глубине 4,Исходящие переводы клиента и следующее колено за июль
100000001270349100,0.4513782,Не видны внешние выходы,"Наличные, межбанк, переводы ниже 5000 KZT"
100000008628231100,0.45101595,Неполный наблюдаемый баланс,Входящие вне выборки и остаток на начало июля
100000000981693100,0.45076874,Обрыв обхода на глубине 4,Исходящие переводы клиента и следующее колено за июль
100000006257675100,0.45076168,Обрыв обхода на глубине 4,Исходящие переводы клиента и следующее колено за июль
100000002462183100,0.45061054,Не видны внешние выходы,"Наличные, межбанк, переводы ниже 5000 KZT"
100000008583360100,0.45058177,Неполный наблюдаемый баланс,Входящие вне выборки и остаток на начало июля
100000008327791100,0.45046759,Обрыв обхода на глубине 4,Исходящие переводы клиента и следующее колено за июль
100000002821425100,0.44991594,Не видны внешние выходы,"Наличные, межбанк, переводы ниже 5000 KZT"
100000002728246100,0.44987975,Обрыв обхода на глубине 4,Исходящие переводы клиента и следующее колено за июль
100000003072205100,0.44951079,Обрыв обхода на глубине 4,Исходящие переводы клиента и следующее колено за июль
100000003091142100,0.44938,Обрыв обхода на глубине 4,Исходящие переводы клиента и следующее колено за июль
100000003232675100,0.44936739,Обрыв обхода на глубине 4,Исходящие переводы клиента и следующее колено за июль
100000006416061100,0.44926378,Обрыв обхода на глубине 4,Исходящие переводы клиента и следующее колено за июль
100000003968044100,0.44915625,Неполный наблюдаемый баланс,Входящие вне выборки и остаток на начало июля
100000002170580100,0.44872631,Не видны внешние выходы,"Наличные, межбанк, переводы ниже 5000 KZT"
100000002659265100,0.44867176,Обрыв обхода на глубине 4,Исходящие переводы клиента и следующее колено за июль
100000008337304100,0.44864628,Обрыв обхода на глубине 4,Исходящие переводы клиента и следующее колено за июль
100000003823811100,0.44835622,Неполный наблюдаемый баланс,Входящие вне выборки и остаток на начало июля
100000005041147100,0.44827832,Обрыв обхода на глубине 4,Исходящие переводы клиента и следующее колено за июль
100000006693788100,0.4482773,Обрыв обхода на глубине 4,Исходящие переводы клиента и следующее колено за июль
100000003838587100,0.4481388,Обрыв обхода на глубине 4,Исходящие переводы клиента и следующее колено за июль
100000008675322100,0.44801045,Обрыв обхода на глубине 4,Исходящие переводы клиента и следующее колено за июль
100000005782886100,0.44793692,Обрыв обхода на глубине 4,Исходящие переводы клиента и следующее колено за июль
100000001270470100,0.44764305,Обрыв обхода на глубине 4,Исходящие переводы клиента и следующее колено за июль
100000004232712100,0.44756809,Обрыв обхода на глубине 4,Исходящие переводы клиента и следующее колено за июль
100000006490615100,0.44750619,Обрыв обхода на глубине 4,Исходящие переводы клиента и следующее колено за июль
100000003631015100,0.44739031,Обрыв обхода на глубине 4,Исходящие переводы клиента и следующее колено за июль
100000001056414100,0.44692585,Не видны внешние выходы,"Наличные, межбанк, переводы ниже 5000 KZT"
100000004569637100,0.44684799,Обрыв обхода на глубине 4,Исходящие переводы клиента и следующее колено за июль
100000001052945100,0.44646603,Неполный наблюдаемый баланс,Входящие вне выборки и остаток на начало июля
100000001598625100,0.44608376,Обрыв обхода на глубине 4,Исходящие переводы клиента и следующее колено за июль
100000002369454100,0.44608376,Обрыв обхода на глубине 4,Исходящие переводы клиента и следующее колено за июль
100000003321895100,0.44584476,Неполный наблюдаемый баланс,Входящие вне выборки и остаток на начало июля
100000002994441100,0.44579317,Обрыв обхода на глубине 4,Исходящие переводы клиента и следующее колено за июль
100000003031761100,0.44551097,Не видны внешние выходы,"Наличные, межбанк, переводы ниже 5000 KZT"
100000005079754100,0.44537734,Неполный наблюдаемый баланс,Входящие вне выборки и остаток на начало июля
100000004800648100,0.44532622,Обрыв обхода на глубине 4,Исходящие переводы клиента и следующее колено за июль
100000003481025100,0.4452368,Обрыв обхода на глубине 4,Исходящие переводы клиента и следующее колено за июль
100000007997939100,0.44519643,Обрыв обхода на глубине 4,Исходящие переводы клиента и следующее колено за июль
100000004571634100,0.44490306,Обрыв обхода на глубине 4,Исходящие переводы клиента и следующее колено за июль
100000006171671100,0.44480857,Обрыв обхода на глубине 4,Исходящие переводы клиента и следующее колено за июль
100000001954534100,0.44461818,Неполный наблюдаемый баланс,Входящие вне выборки и остаток на начало июля
100000004715209100,0.44453733,Неполный наблюдаемый баланс,Входящие вне выборки и остаток на начало июля
100000006706519100,0.44447005,Обрыв обхода на глубине 4,Исходящие переводы клиента и следующее колено за июль
100000004976946100,0.44446857,Обрыв обхода на глубине 4,Исходящие переводы клиента и следующее колено за июль
100000002516862100,0.44444162,Обрыв обхода на глубине 4,Исходящие переводы клиента и следующее колено за июль
100000005888829100,0.44420052,Обрыв обхода на глубине 4,Исходящие переводы клиента и следующее колено за июль
100000008418934100,0.44381663,Не видны внешние выходы,"Наличные, межбанк, переводы ниже 5000 KZT"
100000007357489100,0.44381344,Обрыв обхода на глубине 4,Исходящие переводы клиента и следующее колено за июль
100000002185328100,0.44328837,Неполный наблюдаемый баланс,Входящие вне выборки и остаток на начало июля
100000005723580100,0.44328195,Обрыв обхода на глубине 4,Исходящие переводы клиента и следующее колено за июль
100000002478829100,0.44319681,Обрыв обхода на глубине 4,Исходящие переводы клиента и следующее колено за июль
100000006689603100,0.44298372,Обрыв обхода на глубине 4,Исходящие переводы клиента и следующее колено за июль
100000004906181100,0.44241009,Неполный наблюдаемый баланс,Входящие вне выборки и остаток на начало июля
100000001232297100,0.4422569,Неполный наблюдаемый баланс,Входящие вне выборки и остаток на начало июля
100000005048668100,0.44220769,Неполный наблюдаемый баланс,Входящие вне выборки и остаток на начало июля
100000001477796100,0.44172728,Не видны внешние выходы,"Наличные, межбанк, переводы ниже 5000 KZT"
100000001065481100,0.44139859,Обрыв обхода на глубине 4,Исходящие переводы клиента и следующее колено за июль
100000004013952100,0.44090937,Обрыв обхода на глубине 4,Исходящие переводы клиента и следующее колено за июль
100000008699083100,0.44077874,Обрыв обхода на глубине 4,Исходящие переводы клиента и следующее колено за июль
100000002731501100,0.44053439,Неполный наблюдаемый баланс,Входящие вне выборки и остаток на начало июля
100000005745873100,0.44037733,Обрыв обхода на глубине 4,Исходящие переводы клиента и следующее колено за июль
100000008649416100,0.44005473,Обрыв обхода на глубине 4,Исходящие переводы клиента и следующее колено за июль
100000002529877100,0.43971954,Обрыв обхода на глубине 4,Исходящие переводы клиента и следующее колено за июль
100000008490127100,0.43945896,Неполный наблюдаемый баланс,Входящие вне выборки и остаток на начало июля
100000008255655100,0.43942566,Обрыв обхода на глубине 4,Исходящие переводы клиента и следующее колено за июль
100000000369781100,0.43938747,Обрыв обхода на глубине 4,Исходящие переводы клиента и следующее колено за июль
100000002886166100,0.43925066,Не видны внешние выходы,"Наличные, межбанк, переводы ниже 5000 KZT"
100000000724540100,0.43892402,Неполный наблюдаемый баланс,Входящие вне выборки и остаток на начало июля
100000004472936100,0.43892039,Обрыв обхода на глубине 4,Исходящие переводы клиента и следующее колено за июль
100000002227989100,0.43882012,Обрыв обхода на глубине 4,Исходящие переводы клиента и следующее колено за июль
100000002842337100,0.43873222,Не видны внешние выходы,"Наличные, межбанк, переводы ниже 5000 KZT"
100000005293969100,0.43870326,Обрыв обхода на глубине 4,Исходящие переводы клиента и следующее колено за июль
100000004991593100,0.43868882,Обрыв обхода на глубине 4,Исходящие переводы клиента и следующее колено за июль
100000008514970100,0.43856894,Не видны внешние выходы,"Наличные, межбанк, переводы ниже 5000 KZT"
100000002241986100,0.43852866,Неполный наблюдаемый баланс,Входящие вне выборки и остаток на начало июля
100000003626268100,0.4381864,Обрыв обхода на глубине 4,Исходящие переводы клиента и следующее колено за июль
100000002734815100,0.43807616,Обрыв обхода на глубине 4,Исходящие переводы клиента и следующее колено за июль
100000003010908100,0.43797506,Обрыв обхода на глубине 4,Исходящие переводы клиента и следующее колено за июль
100000002208836100,0.43797217,Обрыв обхода на глубине 4,Исходящие переводы клиента и следующее колено за июль
100000004261340100,0.43783548,Обрыв обхода на глубине 4,Исходящие переводы клиента и следующее колено за июль
100000000299820100,0.43766889,Обрыв обхода на глубине 4,Исходящие переводы клиента и следующее колено за июль
100000000640800100,0.43737669,Неполный наблюдаемый баланс,Входящие вне выборки и остаток на начало июля
100000000831684100,0.43726344,Неполный наблюдаемый баланс,Входящие вне выборки и остаток на начало июля
100000003904497100,0.4372378,Обрыв обхода на глубине 4,Исходящие переводы клиента и следующее колено за июль
100000004788983100,0.43721416,Обрыв обхода на глубине 4,Исходящие переводы клиента и следующее колено за июль
100000007988344100,0.43701851,Обрыв обхода на глубине 4,Исходящие переводы клиента и следующее колено за июль
100000001533161100,0.43681007,Обрыв обхода на глубине 4,Исходящие переводы клиента и следующее колено за июль
100000000413678100,0.43656139,Неполный наблюдаемый баланс,Входящие вне выборки и остаток на начало июля
100000002752565100,0.43626633,Обрыв обхода на глубине 4,Исходящие переводы клиента и следующее колено за июль
100000003133045100,0.43620788,Обрыв обхода на глубине 4,Исходящие переводы клиента и следующее колено за июль
100000004077081100,0.43615134,Неполный наблюдаемый баланс,Входящие вне выборки и остаток на начало июля
100000004674389100,0.43584566,Обрыв обхода на глубине 4,Исходящие переводы клиента и следующее колено за июль
100000004747154100,0.43583334,Обрыв обхода на глубине 4,Исходящие переводы клиента и следующее колено за июль
100000002540623100,0.43581363,Не видны внешние выходы,"Наличные, межбанк, переводы ниже 5000 KZT"
100000002733905100,0.43560208,Неполный наблюдаемый баланс,Входящие вне выборки и остаток на начало июля
100000003632533100,0.43520003,Обрыв обхода на глубине 4,Исходящие переводы клиента и следующее колено за июль
100000002695812100,0.43480513,Обрыв обхода на глубине 4,Исходящие переводы клиента и следующее колено за июль
100000001276409100,0.43464191,Обрыв обхода на глубине 4,Исходящие переводы клиента и следующее колено за июль
100000001893287100,0.43441445,Неполный наблюдаемый баланс,Входящие вне выборки и остаток на начало июля
100000003457710100,0.4342477,Неполный наблюдаемый баланс,Входящие вне выборки и остаток на начало июля
100000004491749100,0.4340614,Не видны внешние выходы,"Наличные, межбанк, переводы ниже 5000 KZT"
100000005567828100,0.43401333,Обрыв обхода на глубине 4,Исходящие переводы клиента и следующее колено за июль
100000007731977100,0.4339235,Обрыв обхода на глубине 4,Исходящие переводы клиента и следующее колено за июль
100000002958286100,0.4337779,Не видны внешние выходы,"Наличные, межбанк, переводы ниже 5000 KZT"
100000002513028100,0.43340695,Неполный наблюдаемый баланс,Входящие вне выборки и остаток на начало июля
100000002404112100,0.43340027,Обрыв обхода на глубине 4,Исходящие переводы клиента и следующее колено за июль
100000000737152100,0.43286181,Обрыв обхода на глубине 4,Исходящие переводы клиента и следующее колено за июль
100000004420041100,0.43277709,Неполный наблюдаемый баланс,Входящие вне выборки и остаток на начало июля
100000003447411100,0.432136,Обрыв обхода на глубине 4,Исходящие переводы клиента и следующее колено за июль
100000005481280100,0.43200922,Неполный наблюдаемый баланс,Входящие вне выборки и остаток на начало июля
100000003230328100,0.43182148,Обрыв обхода на глубине 4,Исходящие переводы клиента и следующее колено за июль
100000004167082100,0.43175012,Обрыв обхода на глубине 4,Исходящие переводы клиента и следующее колено за июль
100000008588665100,0.43137068,Обрыв обхода на глубине 4,Исходящие переводы клиента и следующее колено за июль
100000002633701100,0.43135135,Не видны внешние выходы,"Наличные, межбанк, переводы ниже 5000 KZT"
100000001822650100,0.43121527,Обрыв обхода на глубине 4,Исходящие переводы клиента и следующее колено за июль
100000002713974100,0.43118774,Обрыв обхода на глубине 4,Исходящие переводы клиента и следующее колено за июль
100000008583971100,0.4311539,Обрыв обхода на глубине 4,Исходящие переводы клиента и следующее колено за июль
100000005979037100,0.43112356,Обрыв обхода на глубине 4,Исходящие переводы клиента и следующее колено за июль
100000006866831100,0.43108458,Обрыв обхода на глубине 4,Исходящие переводы клиента и следующее колено за июль
100000002791494100,0.43034498,Обрыв обхода на глубине 4,Исходящие переводы клиента и следующее колено за июль
100000001223977100,0.43014476,Неполный наблюдаемый баланс,Входящие вне выборки и остаток на начало июля
100000002231144100,0.42989616,Обрыв обхода на глубине 4,Исходящие переводы клиента и следующее колено за июль
100000003159641100,0.42972078,Неполный наблюдаемый баланс,Входящие вне выборки и остаток на начало июля
100000002596039100,0.42971109,Обрыв обхода на глубине 4,Исходящие переводы клиента и следующее колено за июль
100000002645993100,0.42971086,Неполный наблюдаемый баланс,Входящие вне выборки и остаток на начало июля
100000002968096100,0.42960954,Обрыв обхода на глубине 4,Исходящие переводы клиента и следующее колено за июль
100000002508637100,0.42954502,Не видны внешние выходы,"Наличные, межбанк, переводы ниже 5000 KZT"
100000008722417100,0.42940804,Неполный наблюдаемый баланс,Входящие вне выборки и остаток на начало июля
100000003792647100,0.42923772,Обрыв обхода на глубине 4,Исходящие переводы клиента и следующее колено за июль
100000002566204100,0.42923491,Не видны внешние выходы,"Наличные, межбанк, переводы ниже 5000 KZT"
100000003173783100,0.42904104,Обрыв обхода на глубине 4,Исходящие переводы клиента и следующее колено за июль
100000005268319100,0.4285031,Неполный наблюдаемый баланс,Входящие вне выборки и остаток на начало июля
100000000861294100,0.42844161,Не видны внешние выходы,"Наличные, межбанк, переводы ниже 5000 KZT"
100000003148220100,0.42834483,Неполный наблюдаемый баланс,Входящие вне выборки и остаток на начало июля
100000008720856100,0.42830725,Неполный наблюдаемый баланс,Входящие вне выборки и остаток на начало июля
100000003448713100,0.42820636,Обрыв обхода на глубине 4,Исходящие переводы клиента и следующее колено за июль
100000004403641100,0.42815622,Обрыв обхода на глубине 4,Исходящие переводы клиента и следующее колено за июль
100000008193577100,0.4280769,Неполный наблюдаемый баланс,Входящие вне выборки и остаток на начало июля
100000001677929100,0.42795771,Неполный наблюдаемый баланс,Входящие вне выборки и остаток на начало июля
100000003923946100,0.4278373,Неполный наблюдаемый баланс,Входящие вне выборки и остаток на начало июля
100000008560263100,0.42773534,Обрыв обхода на глубине 4,Исходящие переводы клиента и следующее колено за июль
100000004981068100,0.42752654,Обрыв обхода на глубине 4,Исходящие переводы клиента и следующее колено за июль
100000001275557100,0.4274767,Обрыв обхода на глубине 4,Исходящие переводы клиента и следующее колено за июль
100000001703168100,0.42736765,Неполный наблюдаемый баланс,Входящие вне выборки и остаток на начало июля
100000004908173100,0.42719436,Обрыв обхода на глубине 4,Исходящие переводы клиента и следующее колено за июль
100000006756956100,0.42712906,Обрыв обхода на глубине 4,Исходящие переводы клиента и следующее колено за июль
100000002615479100,0.42707735,Не видны внешние выходы,"Наличные, межбанк, переводы ниже 5000 KZT"
100000005049404100,0.42676358,Обрыв обхода на глубине 4,Исходящие переводы клиента и следующее колено за июль
100000003097947100,0.42673118,Обрыв обхода на глубине 4,Исходящие переводы клиента и следующее колено за июль
100000000655469100,0.42654254,Обрыв обхода на глубине 4,Исходящие переводы клиента и следующее колено за июль
100000005079473100,0.42642225,Обрыв обхода на глубине 4,Исходящие переводы клиента и следующее колено за июль
100000003215448100,0.42641888,Неполный наблюдаемый баланс,Входящие вне выборки и остаток на начало июля
100000003214786100,0.42567528,Обрыв обхода на глубине 4,Исходящие переводы клиента и следующее колено за июль
100000005209352100,0.42567528,Обрыв обхода на глубине 4,Исходящие переводы клиента и следующее колено за июль
100000003089018100,0.42566548,Не видны внешние выходы,"Наличные, межбанк, переводы ниже 5000 KZT"
100000002729875100,0.42537281,Обрыв обхода на глубине 4,Исходящие переводы клиента и следующее колено за июль
100000008050986100,0.42533004,Обрыв обхода на глубине 4,Исходящие переводы клиента и следующее колено за июль
100000003873332100,0.42485381,Неполный наблюдаемый баланс,Входящие вне выборки и остаток на начало июля
100000001202787100,0.42484016,Обрыв обхода на глубине 4,Исходящие переводы клиента и следующее колено за июль
100000002984403100,0.42474309,Неполный наблюдаемый баланс,Входящие вне выборки и остаток на начало июля
100000003582677100,0.42409568,Неполный наблюдаемый баланс,Входящие вне выборки и остаток на начало июля
100000003950749100,0.4239964,Обрыв обхода на глубине 4,Исходящие переводы клиента и следующее колено за июль
100000003177533100,0.4238735,Обрыв обхода на глубине 4,Исходящие переводы клиента и следующее колено за июль
100000002723674100,0.42384118,Обрыв обхода на глубине 4,Исходящие переводы клиента и следующее колено за июль
100000002784085100,0.42375364,Не видны внешние выходы,"Наличные, межбанк, переводы ниже 5000 KZT"
100000002487222100,0.42315901,Обрыв обхода на глубине 4,Исходящие переводы клиента и следующее колено за июль
100000005523088100,0.42308105,Неполный наблюдаемый баланс,Входящие вне выборки и остаток на начало июля
100000005189258100,0.42258009,Обрыв обхода на глубине 4,Исходящие переводы клиента и следующее колено за июль
100000008331280100,0.42197933,Обрыв обхода на глубине 4,Исходящие переводы клиента и следующее колено за июль
100000003230329100,0.42192847,Обрыв обхода на глубине 4,Исходящие переводы клиента и следующее колено за июль
100000001537524100,0.4219089,Обрыв обхода на глубине 4,Исходящие переводы клиента и следующее колено за июль
100000003252446100,0.42157754,Обрыв обхода на глубине 4,Исходящие переводы клиента и следующее колено за июль
100000001299323100,0.42148735,Обрыв обхода на глубине 4,Исходящие переводы клиента и следующее колено за июль
100000005664922100,0.42084778,Неполный наблюдаемый баланс,Входящие вне выборки и остаток на начало июля
100000004502048100,0.42038202,Обрыв обхода на глубине 4,Исходящие переводы клиента и следующее колено за июль
100000008306857100,0.42021804,Не видны внешние выходы,"Наличные, межбанк, переводы ниже 5000 KZT"
100000003074515100,0.4194459,Обрыв обхода на глубине 4,Исходящие переводы клиента и следующее колено за июль
100000005357705100,0.41907454,Неполный наблюдаемый баланс,Входящие вне выборки и остаток на начало июля
100000002475601100,0.41904331,Не видны внешние выходы,"Наличные, межбанк, переводы ниже 5000 KZT"
100000005931985100,0.41903829,Не видны внешние выходы,"Наличные, межбанк, переводы ниже 5000 KZT"
100000002896506100,0.41900465,Обрыв обхода на глубине 4,Исходящие переводы клиента и следующее колено за июль
100000002981527100,0.41796493,Не видны внешние выходы,"Наличные, межбанк, переводы ниже 5000 KZT"
100000008524903100,0.41795221,Обрыв обхода на глубине 4,Исходящие переводы клиента и следующее колено за июль
100000001816678100,0.41765294,Обрыв обхода на глубине 4,Исходящие переводы клиента и следующее колено за июль
100000003180820100,0.41758753,Обрыв обхода на глубине 4,Исходящие переводы клиента и следующее колено за июль
100000003001138100,0.41750221,Обрыв обхода на глубине 4,Исходящие переводы клиента и следующее колено за июль
100000008258458100,0.41742554,Неполный наблюдаемый баланс,Входящие вне выборки и остаток на начало июля
100000003134550100,0.41740369,Обрыв обхода на глубине 4,Исходящие переводы клиента и следующее колено за июль
100000004377043100,0.41717488,Обрыв обхода на глубине 4,Исходящие переводы клиента и следующее колено за июль
100000004403548100,0.41716772,Обрыв обхода на глубине 4,Исходящие переводы клиента и следующее колено за июль
100000001380054100,0.41715763,Неполный наблюдаемый баланс,Входящие вне выборки и остаток на начало июля
100000000557536100,0.41692646,Обрыв обхода на глубине 4,Исходящие переводы клиента и следующее колено за июль
100000002726055100,0.41665021,Обрыв обхода на глубине 4,Исходящие переводы клиента и следующее колено за июль
100000003782913100,0.41660951,Обрыв обхода на глубине 4,Исходящие переводы клиента и следующее колено за июль
100000002757791100,0.41637039,Не видны внешние выходы,"Наличные, межбанк, переводы ниже 5000 KZT"
100000002969048100,0.41548494,Не видны внешние выходы,"Наличные, межбанк, переводы ниже 5000 KZT"
100000004177936100,0.41511551,Обрыв обхода на глубине 4,Исходящие переводы клиента и следующее колено за июль
100000001089055100,0.41493358,Обрыв обхода на глубине 4,Исходящие переводы клиента и следующее колено за июль
100000008680061100,0.41432492,Обрыв обхода на глубине 4,Исходящие переводы клиента и следующее колено за июль
100000000860514100,0.41410202,Неполный наблюдаемый баланс,Входящие вне выборки и остаток на начало июля
100000002831727100,0.41330184,Неполный наблюдаемый баланс,Входящие вне выборки и остаток на начало июля
100000005547096100,0.41308247,Неполный наблюдаемый баланс,Входящие вне выборки и остаток на начало июля
100000008632060100,0.41299484,Неполный наблюдаемый баланс,Входящие вне выборки и остаток на начало июля
100000002662768100,0.41298504,Не видны внешние выходы,"Наличные, межбанк, переводы ниже 5000 KZT"
100000002591469100,0.41254018,Не видны внешние выходы,"Наличные, межбанк, переводы ниже 5000 KZT"
100000004292885100,0.41233199,Не видны внешние выходы,"Наличные, межбанк, переводы ниже 5000 KZT"
100000008724461100,0.41189041,Неполный наблюдаемый баланс,Входящие вне выборки и остаток на начало июля
100000003112578100,0.41177958,Не видны внешние выходы,"Наличные, межбанк, переводы ниже 5000 KZT"
100000000957746100,0.4117146,Обрыв обхода на глубине 4,Исходящие переводы клиента и следующее колено за июль
100000001848426100,0.41145424,Не видны внешние выходы,"Наличные, межбанк, переводы ниже 5000 KZT"
100000002199091100,0.41125958,Не видны внешние выходы,"Наличные, межбанк, переводы ниже 5000 KZT"
100000000274067100,0.4108313,Неполный наблюдаемый баланс,Входящие вне выборки и остаток на начало июля
100000002528544100,0.41078448,Не видны внешние выходы,"Наличные, межбанк, переводы ниже 5000 KZT"
100000007510567100,0.4104972,Обрыв обхода на глубине 4,Исходящие переводы клиента и следующее колено за июль
100000002371892100,0.41035386,Обрыв обхода на глубине 4,Исходящие переводы клиента и следующее колено за июль
100000003073398100,0.41013239,Не видны внешние выходы,"Наличные, межбанк, переводы ниже 5000 KZT"
100000001648936100,0.40997105,Не видны внешние выходы,"Наличные, межбанк, переводы ниже 5000 KZT"
100000004049912100,0.40984416,Обрыв обхода на глубине 4,Исходящие переводы клиента и следующее колено за июль
100000002757797100,0.40932342,Не видны внешние выходы,"Наличные, межбанк, переводы ниже 5000 KZT"
100000008151098100,0.40896129,Обрыв обхода на глубине 4,Исходящие переводы клиента и следующее колено за июль
100000008088082100,0.40889983,Неполный наблюдаемый баланс,Входящие вне выборки и остаток на начало июля
100000002305477100,0.40886015,Обрыв обхода на глубине 4,Исходящие переводы клиента и следующее колено за июль
100000005203590100,0.40881737,Не видны внешние выходы,"Наличные, межбанк, переводы ниже 5000 KZT"
100000004291663100,0.4088173,Обрыв обхода на глубине 4,Исходящие переводы клиента и следующее колено за июль
100000007591246100,0.40853319,Неполный наблюдаемый баланс,Входящие вне выборки и остаток на начало июля
100000000971908100,0.40835224,Не видны внешние выходы,"Наличные, межбанк, переводы ниже 5000 KZT"
100000004584730100,0.40830648,Обрыв обхода на глубине 4,Исходящие переводы клиента и следующее колено за июль
100000002692044100,0.40823094,Не видны внешние выходы,"Наличные, межбанк, переводы ниже 5000 KZT"
100000002681449100,0.40819078,Неполный наблюдаемый баланс,Входящие вне выборки и остаток на начало июля
100000002612809100,0.40815763,Неполный наблюдаемый баланс,Входящие вне выборки и остаток на начало июля
100000005589319100,0.40807782,Обрыв обхода на глубине 4,Исходящие переводы клиента и следующее колено за июль
100000002689717100,0.40776376,Обрыв обхода на глубине 4,Исходящие переводы клиента и следующее колено за июль
100000005621418100,0.40756004,Обрыв обхода на глубине 4,Исходящие переводы клиента и следующее колено за июль
100000008703533100,0.40687816,Обрыв обхода на глубине 4,Исходящие переводы клиента и следующее колено за июль
100000008293431100,0.40686698,Неполный наблюдаемый баланс,Входящие вне выборки и остаток на начало июля
100000003078839100,0.406731,Обрыв обхода на глубине 4,Исходящие переводы клиента и следующее колено за июль
100000004130144100,0.40670515,Не видны внешние выходы,"Наличные, межбанк, переводы ниже 5000 KZT"
100000007641801100,0.40670515,Не видны внешние выходы,"Наличные, межбанк, переводы ниже 5000 KZT"
100000001831496100,0.40669252,Неполный наблюдаемый баланс,Входящие вне выборки и остаток на начало июля
100000008074304100,0.40647877,Обрыв обхода на глубине 4,Исходящие переводы клиента и следующее колено за июль
100000008628818100,0.40639754,Обрыв обхода на глубине 4,Исходящие переводы клиента и следующее колено за июль
100000003239379100,0.40633735,Не видны внешние выходы,"Наличные, межбанк, переводы ниже 5000 KZT"
100000001952325100,0.40604863,Не видны внешние выходы,"Наличные, межбанк, переводы ниже 5000 KZT"
100000008737422100,0.40556521,Не видны внешние выходы,"Наличные, межбанк, переводы ниже 5000 KZT"
100000008251939100,0.40469016,Обрыв обхода на глубине 4,Исходящие переводы клиента и следующее колено за июль
100000008759857100,0.40448176,Неполный наблюдаемый баланс,Входящие вне выборки и остаток на начало июля
100000004792397100,0.40376794,Не видны внешние выходы,"Наличные, межбанк, переводы ниже 5000 KZT"
100000006030946100,0.40366418,Не видны внешние выходы,"Наличные, межбанк, переводы ниже 5000 KZT"
100000000018102100,0.40337807,Обрыв обхода на глубине 4,Исходящие переводы клиента и следующее колено за июль
100000003819173100,0.40318313,Обрыв обхода на глубине 4,Исходящие переводы клиента и следующее колено за июль
100000007960337100,0.40313552,Обрыв обхода на глубине 4,Исходящие переводы клиента и следующее колено за июль
100000003123296100,0.40297156,Не видны внешние выходы,"Наличные, межбанк, переводы ниже 5000 KZT"
100000000267734100,0.40285735,Неполный наблюдаемый баланс,Входящие вне выборки и остаток на начало июля
100000003970394100,0.40233949,Не видны внешние выходы,"Наличные, межбанк, переводы ниже 5000 KZT"
100000008772058100,0.40183275,Не видны внешние выходы,"Наличные, межбанк, переводы ниже 5000 KZT"
100000005877725100,0.4013889,Не видны внешние выходы,"Наличные, межбанк, переводы ниже 5000 KZT"
100000004890713100,0.40101206,Обрыв обхода на глубине 4,Исходящие переводы клиента и следующее колено за июль
100000000500040100,0.4005194,Обрыв обхода на глубине 4,Исходящие переводы клиента и следующее колено за июль
100000004850609100,0.40036907,Обрыв обхода на глубине 4,Исходящие переводы клиента и следующее колено за июль
100000001632325100,0.40015359,Не видны внешние выходы,"Наличные, межбанк, переводы ниже 5000 KZT"
100000004877085100,0.3999799,Неполный наблюдаемый баланс,Входящие вне выборки и остаток на начало июля
100000002488629100,0.39982235,Не видны внешние выходы,"Наличные, межбанк, переводы ниже 5000 KZT"
100000008734279100,0.39951579,Обрыв обхода на глубине 4,Исходящие переводы клиента и следующее колено за июль
100000002914245100,0.39892196,Не видны внешние выходы,"Наличные, межбанк, переводы ниже 5000 KZT"
100000003146511100,0.3989011,Обрыв обхода на глубине 4,Исходящие переводы клиента и следующее колено за июль
100000000955529100,0.39886923,Неполный наблюдаемый баланс,Входящие вне выборки и остаток на начало июля
100000006918814100,0.39858435,Обрыв обхода на глубине 4,Исходящие переводы клиента и следующее колено за июль
100000002188586100,0.39849382,Обрыв обхода на глубине 4,Исходящие переводы клиента и следующее колено за июль
100000001311175100,0.39839998,Обрыв обхода на глубине 4,Исходящие переводы клиента и следующее колено за июль
100000002391278100,0.3979938,Неполный наблюдаемый баланс,Входящие вне выборки и остаток на начало июля
100000003843844100,0.39776815,Неполный наблюдаемый баланс,Входящие вне выборки и остаток на начало июля
100000002371751100,0.39774334,Неполный наблюдаемый баланс,Входящие вне выборки и остаток на начало июля
100000002304943100,0.39753406,Обрыв обхода на глубине 4,Исходящие переводы клиента и следующее колено за июль
100000005634552100,0.39727395,Неполный наблюдаемый баланс,Входящие вне выборки и остаток на начало июля
100000004019124100,0.39713776,Неполный наблюдаемый баланс,Входящие вне выборки и остаток на начало июля
100000002835874100,0.39698786,Обрыв обхода на глубине 4,Исходящие переводы клиента и следующее колено за июль
100000008737958100,0.39672919,Не видны внешние выходы,"Наличные, межбанк, переводы ниже 5000 KZT"
100000004674178100,0.39631567,Обрыв обхода на глубине 4,Исходящие переводы клиента и следующее колено за июль
100000008712827100,0.39628473,Не видны внешние выходы,"Наличные, межбанк, переводы ниже 5000 KZT"
100000003567087100,0.39571191,Не видны внешние выходы,"Наличные, межбанк, переводы ниже 5000 KZT"
100000008757369100,0.39567715,Неполный наблюдаемый баланс,Входящие вне выборки и остаток на начало июля
100000005507142100,0.39530066,Неполный наблюдаемый баланс,Входящие вне выборки и остаток на начало июля
100000008629504100,0.3951146,Обрыв обхода на глубине 4,Исходящие переводы клиента и следующее колено за июль
100000008760098100,0.39508857,Неполный наблюдаемый баланс,Входящие вне выборки и остаток на начало июля
100000005265073100,0.39503147,Неполный наблюдаемый баланс,Входящие вне выборки и остаток на начало июля
100000002970466100,0.39492057,Неполный наблюдаемый баланс,Входящие вне выборки и остаток на начало июля
100000002597074100,0.39474039,Обрыв обхода на глубине 4,Исходящие переводы клиента и следующее колено за июль
100000008718811100,0.39472466,Не видны внешние выходы,"Наличные, межбанк, переводы ниже 5000 KZT"
100000006008169100,0.39471631,Не видны внешние выходы,"Наличные, межбанк, переводы ниже 5000 KZT"
100000001696818100,0.39436602,Не видны внешние выходы,"Наличные, межбанк, переводы ниже 5000 KZT"
100000005025629100,0.39420264,Обрыв обхода на глубине 4,Исходящие переводы клиента и следующее колено за июль
100000008579978100,0.393369,Неполный наблюдаемый баланс,Входящие вне выборки и остаток на начало июля
100000008028628100,0.39307851,Не видны внешние выходы,"Наличные, межбанк, переводы ниже 5000 KZT"
100000008776420100,0.39289706,Не видны внешние выходы,"Наличные, межбанк, переводы ниже 5000 KZT"
100000008598972100,0.39271924,Не видны внешние выходы,"Наличные, межбанк, переводы ниже 5000 KZT"
100000006527156100,0.39266199,Обрыв обхода на глубине 4,Исходящие переводы клиента и следующее колено за июль
100000003616818100,0.39245963,Неполный наблюдаемый баланс,Входящие вне выборки и остаток на начало июля
100000008765627100,0.39216806,Не видны внешние выходы,"Наличные, межбанк, переводы ниже 5000 KZT"
100000007472293100,0.39216783,Неполный наблюдаемый баланс,Входящие вне выборки и остаток на начало июля
100000008745489100,0.39212621,Не видны внешние выходы,"Наличные, межбанк, переводы ниже 5000 KZT"
100000004848236100,0.39204585,Обрыв обхода на глубине 4,Исходящие переводы клиента и следующее колено за июль
100000004041294100,0.39180807,Обрыв обхода на глубине 4,Исходящие переводы клиента и следующее колено за июль
100000008736760100,0.39162569,Не видны внешние выходы,"Наличные, межбанк, переводы ниже 5000 KZT"
100000004856746100,0.39111104,Обрыв обхода на глубине 4,Исходящие переводы клиента и следующее колено за июль
100000006288612100,0.39092328,Обрыв обхода на глубине 4,Исходящие переводы клиента и следующее колено за июль
100000002702968100,0.39088953,Обрыв обхода на глубине 4,Исходящие переводы клиента и следующее колено за июль
100000008712991100,0.39083876,Не видны внешние выходы,"Наличные, межбанк, переводы ниже 5000 KZT"
100000000424935100,0.39079474,Обрыв обхода на глубине 4,Исходящие переводы клиента и следующее колено за июль
100000003896956100,0.3906481,Неполный наблюдаемый баланс,Входящие вне выборки и остаток на начало июля
100000004433250100,0.3904032,Обрыв обхода на глубине 4,Исходящие переводы клиента и следующее колено за июль
100000008746673100,0.39031834,Не видны внешние выходы,"Наличные, межбанк, переводы ниже 5000 KZT"
100000008516839100,0.39008125,Неполный наблюдаемый баланс,Входящие вне выборки и остаток на начало июля
100000007392365100,0.3900602,Неполный наблюдаемый баланс,Входящие вне выборки и остаток на начало июля
100000002660298100,0.39002536,Обрыв обхода на глубине 4,Исходящие переводы клиента и следующее колено за июль
100000001637376100,0.38973138,Неполный наблюдаемый баланс,Входящие вне выборки и остаток на начало июля
100000004841728100,0.3896634,Не видны внешние выходы,"Наличные, межбанк, переводы ниже 5000 KZT"
100000004225615100,0.38913321,Не видны внешние выходы,"Наличные, межбанк, переводы ниже 5000 KZT"
100000003835149100,0.38891964,Неполный наблюдаемый баланс,Входящие вне выборки и остаток на начало июля
100000008008463100,0.38843162,Не видны внешние выходы,"Наличные, межбанк, переводы ниже 5000 KZT"
100000003040087100,0.38767706,Обрыв обхода на глубине 4,Исходящие переводы клиента и следующее колено за июль
100000002506987100,0.38634694,Обрыв обхода на глубине 4,Исходящие переводы клиента и следующее колено за июль
100000002864680100,0.38607041,Не видны внешние выходы,"Наличные, межбанк, переводы ниже 5000 KZT"
100000008349740100,0.38577058,Обрыв обхода на глубине 4,Исходящие переводы клиента и следующее колено за июль
100000008721637100,0.38568048,Неполный наблюдаемый баланс,Входящие вне выборки и остаток на начало июля
100000001250022100,0.38521799,Не видны внешние выходы,"Наличные, межбанк, переводы ниже 5000 KZT"
100000006903193100,0.38518342,Обрыв обхода на глубине 4,Исходящие переводы клиента и следующее колено за июль
100000005668605100,0.38466525,Неполный наблюдаемый баланс,Входящие вне выборки и остаток на начало июля
100000002305007100,0.38434983,Не видны внешние выходы,"Наличные, межбанк, переводы ниже 5000 KZT"
100000008321975100,0.38294992,Обрыв обхода на глубине 4,Исходящие переводы клиента и следующее колено за июль
100000004931931100,0.38252126,Неполный наблюдаемый баланс,Входящие вне выборки и остаток на начало июля
100000005493505100,0.38239514,Неполный наблюдаемый баланс,Входящие вне выборки и остаток на начало июля
100000008304115100,0.38238165,Не видны внешние выходы,"Наличные, межбанк, переводы ниже 5000 KZT"
100000003087877100,0.38205281,Не видны внешние выходы,"Наличные, межбанк, переводы ниже 5000 KZT"
100000007303047100,0.38193265,Не видны внешние выходы,"Наличные, межбанк, переводы ниже 5000 KZT"
100000004257714100,0.38185917,Не видны внешние выходы,"Наличные, межбанк, переводы ниже 5000 KZT"
100000008071749100,0.38183314,Обрыв обхода на глубине 4,Исходящие переводы клиента и следующее колено за июль
100000008254576100,0.38182621,Неполный наблюдаемый баланс,Входящие вне выборки и остаток на начало июля
100000005608515100,0.38171768,Не видны внешние выходы,"Наличные, межбанк, переводы ниже 5000 KZT"
100000002227960100,0.38151898,Обрыв обхода на глубине 4,Исходящие переводы клиента и следующее колено за июль
100000003105089100,0.38151898,Обрыв обхода на глубине 4,Исходящие переводы клиента и следующее колено за июль
100000008684452100,0.38136377,Не видны внешние выходы,"Наличные, межбанк, переводы ниже 5000 KZT"
100000002369443100,0.37974646,Не видны внешние выходы,"Наличные, межбанк, переводы ниже 5000 KZT"
100000001380986100,0.37953133,Не видны внешние выходы,"Наличные, межбанк, переводы ниже 5000 KZT"
100000002609774100,0.37871773,Неполный наблюдаемый баланс,Входящие вне выборки и остаток на начало июля
100000008738526100,0.37812222,Неполный наблюдаемый баланс,Входящие вне выборки и остаток на начало июля
100000005052998100,0.37805283,Неполный наблюдаемый баланс,Входящие вне выборки и остаток на начало июля
100000007381662100,0.37700229,Обрыв обхода на глубине 4,Исходящие переводы клиента и следующее колено за июль
100000001669260100,0.37625948,Обрыв обхода на глубине 4,Исходящие переводы клиента и следующее колено за июль
100000003989033100,0.37575921,Обрыв обхода на глубине 4,Исходящие переводы клиента и следующее колено за июль
100000004526651100,0.37559656,Обрыв обхода на глубине 4,Исходящие переводы клиента и следующее колено за июль
100000005553088100,0.37552706,Обрыв обхода на глубине 4,Исходящие переводы клиента и следующее колено за июль
100000001297206100,0.37447205,Обрыв обхода на глубине 4,Исходящие переводы клиента и следующее колено за июль
100000001330595100,0.37420909,Неполный наблюдаемый баланс,Входящие вне выборки и остаток на начало июля
100000002527114100,0.37399577,Неполный наблюдаемый баланс,Входящие вне выборки и остаток на начало июля
100000003001564100,0.37391005,Неполный наблюдаемый баланс,Входящие вне выборки и остаток на начало июля
100000006351075100,0.37304548,Обрыв обхода на глубине 4,Исходящие переводы клиента и следующее колено за июль
100000002870937100,0.37293211,Не видны внешние выходы,"Наличные, межбанк, переводы ниже 5000 KZT"
100000005370558100,0.37272822,Обрыв обхода на глубине 4,Исходящие переводы клиента и следующее колено за июль
100000005409680100,0.37221124,Неполный наблюдаемый баланс,Входящие вне выборки и остаток на начало июля
100000008637537100,0.37173886,Неполный наблюдаемый баланс,Входящие вне выборки и остаток на начало июля
100000005264874100,0.37143843,Неполный наблюдаемый баланс,Входящие вне выборки и остаток на начало июля
100000004041163100,0.37024928,Неполный наблюдаемый баланс,Входящие вне выборки и остаток на начало июля
100000002748040100,0.3689191,Обрыв обхода на глубине 4,Исходящие переводы клиента и следующее колено за июль
100000008778753100,0.36874096,Обрыв обхода на глубине 4,Исходящие переводы клиента и следующее колено за июль
100000004340038100,0.36800679,Неполный наблюдаемый баланс,Входящие вне выборки и остаток на начало июля
100000001249054100,0.36736886,Обрыв обхода на глубине 4,Исходящие переводы клиента и следующее колено за июль
100000005367284100,0.36732711,Неполный наблюдаемый баланс,Входящие вне выборки и остаток на начало июля
100000006912294100,0.36685816,Неполный наблюдаемый баланс,Входящие вне выборки и остаток на начало июля
100000004780083100,0.36593729,Обрыв обхода на глубине 4,Исходящие переводы клиента и следующее колено за июль
100000003096787100,0.36535467,Обрыв обхода на глубине 4,Исходящие переводы клиента и следующее колено за июль
100000003221510100,0.36456703,Неполный наблюдаемый баланс,Входящие вне выборки и остаток на начало июля
100000002528978100,0.36432302,Обрыв обхода на глубине 4,Исходящие переводы клиента и следующее колено за июль
100000007648946100,0.36417107,Неполный наблюдаемый баланс,Входящие вне выборки и остаток на начало июля
100000002214207100,0.36403166,Обрыв обхода на глубине 4,Исходящие переводы клиента и следующее колено за июль
100000005958064100,0.36289888,Неполный наблюдаемый баланс,Входящие вне выборки и остаток на начало июля
100000002733083100,0.36252535,Обрыв обхода на глубине 4,Исходящие переводы клиента и следующее колено за июль
100000002844652100,0.36200481,Не видны внешние выходы,"Наличные, межбанк, переводы ниже 5000 KZT"
100000003083865100,0.36186903,Обрыв обхода на глубине 4,Исходящие переводы клиента и следующее колено за июль
100000003166017100,0.36186903,Обрыв обхода на глубине 4,Исходящие переводы клиента и следующее колено за июль
100000002606567100,0.36138382,Неполный наблюдаемый баланс,Входящие вне выборки и остаток на начало июля
100000004400480100,0.36121583,Обрыв обхода на глубине 4,Исходящие переводы клиента и следующее колено за июль
100000004911971100,0.36033068,Обрыв обхода на глубине 4,Исходящие переводы клиента и следующее колено за июль
100000002214383100,0.35727507,Обрыв обхода на глубине 4,Исходящие переводы клиента и следующее колено за июль
100000006735545100,0.35724779,Обрыв обхода на глубине 4,Исходящие переводы клиента и следующее колено за июль
100000008770483100,0.35688342,Обрыв обхода на глубине 4,Исходящие переводы клиента и следующее колено за июль
100000008219168100,0.35685557,Не видны внешние выходы,"Наличные, межбанк, переводы ниже 5000 KZT"
100000003786516100,0.35678071,Обрыв обхода на глубине 4,Исходящие переводы клиента и следующее колено за июль
100000000600707100,0.35674636,Обрыв обхода на глубине 4,Исходящие переводы клиента и следующее колено за июль
100000001732159100,0.3557923,Неполный наблюдаемый баланс,Входящие вне выборки и остаток на начало июля
100000004066370100,0.35451581,Обрыв обхода на глубине 4,Исходящие переводы клиента и следующее колено за июль
100000003069463100,0.35388277,Неполный наблюдаемый баланс,Входящие вне выборки и остаток на начало июля
100000004398811100,0.35362716,Неполный наблюдаемый баланс,Входящие вне выборки и остаток на начало июля
100000008710913100,0.35322765,Обрыв обхода на глубине 4,Исходящие переводы клиента и следующее колено за июль
100000005394708100,0.35264107,Неполный наблюдаемый баланс,Входящие вне выборки и остаток на начало июля
100000006888238100,0.35228202,Неполный наблюдаемый баланс,Входящие вне выборки и остаток на начало июля
100000004616845100,0.35226018,Обрыв обхода на глубине 4,Исходящие переводы клиента и следующее колено за июль
100000005636951100,0.35153747,Обрыв обхода на глубине 4,Исходящие переводы клиента и следующее колено за июль
100000004047887100,0.35070951,Обрыв обхода на глубине 4,Исходящие переводы клиента и следующее колено за июль
100000001782980100,0.34965204,Неполный наблюдаемый баланс,Входящие вне выборки и остаток на начало июля
100000002592567100,0.34919738,Неполный наблюдаемый баланс,Входящие вне выборки и остаток на начало июля
100000002999140100,0.34845626,Обрыв обхода на глубине 4,Исходящие переводы клиента и следующее колено за июль
100000002152857100,0.34828667,Неполный наблюдаемый баланс,Входящие вне выборки и остаток на начало июля
100000000581682100,0.3472389,Обрыв обхода на глубине 4,Исходящие переводы клиента и следующее колено за июль
100000001229743100,0.3466477,Неполный наблюдаемый баланс,Входящие вне выборки и остаток на начало июля
100000008525136100,0.34576049,Обрыв обхода на глубине 4,Исходящие переводы клиента и следующее колено за июль
100000004644615100,0.34560501,Неполный наблюдаемый баланс,Входящие вне выборки и остаток на начало июля
100000001825934100,0.34554192,Неполный наблюдаемый баланс,Входящие вне выборки и остаток на начало июля
100000000673915100,0.34431978,Обрыв обхода на глубине 4,Исходящие переводы клиента и следующее колено за июль
100000008778010100,0.34415781,Обрыв обхода на глубине 4,Исходящие переводы клиента и следующее колено за июль
100000004030553100,0.34397787,Обрыв обхода на глубине 4,Исходящие переводы клиента и следующее колено за июль
100000008758106100,0.34346269,Обрыв обхода на глубине 4,Исходящие переводы клиента и следующее колено за июль
100000008761132100,0.34346269,Обрыв обхода на глубине 4,Исходящие переводы клиента и следующее колено за июль
100000008761220100,0.34346269,Обрыв обхода на глубине 4,Исходящие переводы клиента и следующее колено за июль
100000001286703100,0.34269168,Обрыв обхода на глубине 4,Исходящие переводы клиента и следующее колено за июль
100000004070530100,0.34200072,Обрыв обхода на глубине 4,Исходящие переводы клиента и следующее колено за июль
100000004797167100,0.34166481,Обрыв обхода на глубине 4,Исходящие переводы клиента и следующее колено за июль
100000005834479100,0.34117131,Неполный наблюдаемый баланс,Входящие вне выборки и остаток на начало июля
100000000749118100,0.34105442,Неполный наблюдаемый баланс,Входящие вне выборки и остаток на начало июля
100000001498732100,0.34102058,Обрыв обхода на глубине 4,Исходящие переводы клиента и следующее колено за июль
100000008762843100,0.34076662,Обрыв обхода на глубине 4,Исходящие переводы клиента и следующее колено за июль
100000008762885100,0.34076662,Обрыв обхода на глубине 4,Исходящие переводы клиента и следующее колено за июль
100000002981489100,0.34058259,Обрыв обхода на глубине 4,Исходящие переводы клиента и следующее колено за июль
100000003951827100,0.34008405,Неполный наблюдаемый баланс,Входящие вне выборки и остаток на начало июля
100000004321983100,0.3371347,Неполный наблюдаемый баланс,Входящие вне выборки и остаток на начало июля
100000004272302100,0.33664576,Обрыв обхода на глубине 4,Исходящие переводы клиента и следующее колено за июль
100000002707106100,0.33627962,Обрыв обхода на глубине 4,Исходящие переводы клиента и следующее колено за июль
100000008745676100,0.33526632,Обрыв обхода на глубине 4,Исходящие переводы клиента и следующее колено за июль
100000004107228100,0.33496132,Обрыв обхода на глубине 4,Исходящие переводы клиента и следующее колено за июль
100000008762005100,0.33457184,Обрыв обхода на глубине 4,Исходящие переводы клиента и следующее колено за июль
100000006240939100,0.33435389,Неполный наблюдаемый баланс,Входящие вне выборки и остаток на начало июля
100000005685783100,0.33365709,Обрыв обхода на глубине 4,Исходящие переводы клиента и следующее колено за июль
100000008766031100,0.33350423,Обрыв обхода на глубине 4,Исходящие переводы клиента и следующее колено за июль
100000004613582100,0.33338953,Неполный наблюдаемый баланс,Входящие вне выборки и остаток на начало июля
100000000507799100,0.33244571,Неполный наблюдаемый баланс,Входящие вне выборки и остаток на начало июля
100000008758607100,0.33230316,Обрыв обхода на глубине 4,Исходящие переводы клиента и следующее колено за июль
100000008766764100,0.33230316,Обрыв обхода на глубине 4,Исходящие переводы клиента и следующее колено за июль
100000008775747100,0.33230316,Обрыв обхода на глубине 4,Исходящие переводы клиента и следующее колено за июль
100000008727982100,0.33167036,Обрыв обхода на глубине 4,Исходящие переводы клиента и следующее колено за июль
100000003054328100,0.33106505,Неполный наблюдаемый баланс,Входящие вне выборки и остаток на начало июля
100000000542087100,0.32880414,Обрыв обхода на глубине 4,Исходящие переводы клиента и следующее колено за июль
100000008314203100,0.32764824,Неполный наблюдаемый баланс,Входящие вне выборки и остаток на начало июля
100000003084870100,0.32474229,Обрыв обхода на глубине 4,Исходящие переводы клиента и следующее колено за июль
100000001256409100,0.32452242,Обрыв обхода на глубине 4,Исходящие переводы клиента и следующее колено за июль
100000000627521100,0.32390278,Обрыв обхода на глубине 4,Исходящие переводы клиента и следующее колено за июль
100000005146665100,0.32380528,Обрыв обхода на глубине 4,Исходящие переводы клиента и следующее колено за июль
100000008650785100,0.32335479,Неполный наблюдаемый баланс,Входящие вне выборки и остаток на начало июля
100000000704700100,0.32301142,Обрыв обхода на глубине 4,Исходящие переводы клиента и следующее колено за июль
100000008130868100,0.32242585,Обрыв обхода на глубине 4,Исходящие переводы клиента и следующее колено за июль
100000005087923100,0.32136015,Обрыв обхода на глубине 4,Исходящие переводы клиента и следующее колено за июль
100000004891562100,0.31954344,Обрыв обхода на глубине 4,Исходящие переводы клиента и следующее колено за июль
100000001287955100,0.31736939,Неполный наблюдаемый баланс,Входящие вне выборки и остаток на начало июля
100000003888271100,0.31570422,Неполный наблюдаемый баланс,Входящие вне выборки и остаток на начало июля
100000000581662100,0.30880627,Обрыв обхода на глубине 4,Исходящие переводы клиента и следующее колено за июль
100000000607731100,0.30508795,Неполный наблюдаемый баланс,Входящие вне выборки и остаток на начало июля
100000005519347100,0.30489609,Неполный наблюдаемый баланс,Входящие вне выборки и остаток на начало июля
100000003047800100,0.30374395,Обрыв обхода на глубине 4,Исходящие переводы клиента и следующее колено за июль
100000008713270100,0.3024436,Неполный наблюдаемый баланс,Входящие вне выборки и остаток на начало июля
100000007534354100,0.29975395,Неполный наблюдаемый баланс,Входящие вне выборки и остаток на начало июля
100000004784224100,0.29547754,Неполный наблюдаемый баланс,Входящие вне выборки и остаток на начало июля
100000005316708100,0.29450835,Неполный наблюдаемый баланс,Входящие вне выборки и остаток на начало июля
100000005041905100,0.29380378,Неполный наблюдаемый баланс,Входящие вне выборки и остаток на начало июля
100000006734554100,0.29078302,Неполный наблюдаемый баланс,Входящие вне выборки и остаток на начало июля
100000002706810100,0.28920038,Обрыв обхода на глубине 4,Исходящие переводы клиента и следующее колено за июль
100000003975102100,0.28826527,Неполный наблюдаемый баланс,Входящие вне выборки и остаток на начало июля
100000005386383100,0.27990351,Неполный наблюдаемый баланс,Входящие вне выборки и остаток на начало июля
100000002130400100,0.27977298,Обрыв обхода на глубине 4,Исходящие переводы клиента и следующее колено за июль
100000008715513100,0.27736329,Обрыв обхода на глубине 4,Исходящие переводы клиента и следующее колено за июль
100000007333038100,0.27676729,Неполный наблюдаемый баланс,Входящие вне выборки и остаток на начало июля
100000002670463100,0.27606131,Обрыв обхода на глубине 4,Исходящие переводы клиента и следующее колено за июль
100000004193835100,0.27520402,Неполный наблюдаемый баланс,Входящие вне выборки и остаток на начало июля
100000008673001100,0.27512594,Неполный наблюдаемый баланс,Входящие вне выборки и остаток на начало июля
100000005264990100,0.27306272,Неполный наблюдаемый баланс,Входящие вне выборки и остаток на начало июля
100000005454368100,0.26948185,Неполный наблюдаемый баланс,Входящие вне выборки и остаток на начало июля
100000001415126100,0.26681248,Неполный наблюдаемый баланс,Входящие вне выборки и остаток на начало июля
100000001991973100,0.25936622,Обрыв обхода на глубине 4,Исходящие переводы клиента и следующее колено за июль
100000005395727100,0.25918183,Неполный наблюдаемый баланс,Входящие вне выборки и остаток на начало июля
100000002748180100,0.25880306,Неполный наблюдаемый баланс,Входящие вне выборки и остаток на начало июля
100000001429930100,0.25877908,Неполный наблюдаемый баланс,Входящие вне выборки и остаток на начало июля
100000005370580100,0.25747522,Неполный наблюдаемый баланс,Входящие вне выборки и остаток на начало июля
100000007747786100,0.25262011,Неполный наблюдаемый баланс,Входящие вне выборки и остаток на начало июля
100000008759795100,0.25152043,Обрыв обхода на глубине 4,Исходящие переводы клиента и следующее колено за июль
100000003192309100,0.25142748,Неполный наблюдаемый баланс,Входящие вне выборки и остаток на начало июля
100000006491963100,0.24920553,Обрыв обхода на глубине 4,Исходящие переводы клиента и следующее колено за июль
100000005498992100,0.24818915,Неполный наблюдаемый баланс,Входящие вне выборки и остаток на начало июля
100000008571433100,0.24748736,Неполный наблюдаемый баланс,Входящие вне выборки и остаток на начало июля
100000006412162100,0.24651093,Обрыв обхода на глубине 4,Исходящие переводы клиента и следующее колено за июль
100000008659445100,0.24517678,Неполный наблюдаемый баланс,Входящие вне выборки и остаток на начало июля
100000008680731100,0.24511575,Неполный наблюдаемый баланс,Входящие вне выборки и остаток на начало июля
100000008554390100,0.24363047,Обрыв обхода на глубине 4,Исходящие переводы клиента и следующее колено за июль
100000000580561100,0.24249468,Неполный наблюдаемый баланс,Входящие вне выборки и остаток на начало июля
100000004358004100,0.24228576,Неполный наблюдаемый баланс,Входящие вне выборки и остаток на начало июля
100000003216073100,0.24181022,Неполный наблюдаемый баланс,Входящие вне выборки и остаток на начало июля
100000008631800100,0.2404865,Обрыв обхода на глубине 4,Исходящие переводы клиента и следующее колено за июль
100000002645046100,0.23761258,Обрыв обхода на глубине 4,Исходящие переводы клиента и следующее колено за июль
100000002876914100,0.23761258,Обрыв обхода на глубине 4,Исходящие переводы клиента и следующее колено за июль
100000004780327100,0.23761258,Обрыв обхода на глубине 4,Исходящие переводы клиента и следующее колено за июль
100000002214664100,0.2324146,Неполный наблюдаемый баланс,Входящие вне выборки и остаток на начало июля
100000000572276100,0.22968008,Неполный наблюдаемый баланс,Входящие вне выборки и остаток на начало июля
100000001325618100,0.22854083,Обрыв обхода на глубине 4,Исходящие переводы клиента и следующее колено за июль
100000008418835100,0.22741685,Неполный наблюдаемый баланс,Входящие вне выборки и остаток на начало июля
100000008601794100,0.22708236,Неполный наблюдаемый баланс,Входящие вне выборки и остаток на начало июля
100000004263867100,0.2268538,Обрыв обхода на глубине 4,Исходящие переводы клиента и следующее колено за июль
100000004449824100,0.2268538,Обрыв обхода на глубине 4,Исходящие переводы клиента и следующее колено за июль
100000003194831100,0.22469276,Обрыв обхода на глубине 4,Исходящие переводы клиента и следующее колено за июль
100000003977183100,0.22440339,Неполный наблюдаемый баланс,Входящие вне выборки и остаток на начало июля
100000001299443100,0.22316566,Обрыв обхода на глубине 4,Исходящие переводы клиента и следующее колено за июль
100000003005167100,0.21825796,Обрыв обхода на глубине 4,Исходящие переводы клиента и следующее колено за июль
100000001714883100,0.21782174,Обрыв обхода на глубине 4,Исходящие переводы клиента и следующее колено за июль
100000002474570100,0.21669565,Обрыв обхода на глубине 4,Исходящие переводы клиента и следующее колено за июль
100000004007116100,0.21526792,Неполный наблюдаемый баланс,Входящие вне выборки и остаток на начало июля
100000002512742100,0.21254049,Обрыв обхода на глубине 4,Исходящие переводы клиента и следующее колено за июль
100000002878483100,0.21254049,Обрыв обхода на глубине 4,Исходящие переводы клиента и следующее колено за июль
100000002986245100,0.21113886,Обрыв обхода на глубине 4,Исходящие переводы клиента и следующее колено за июль
100000004268036100,0.20961489,Обрыв обхода на глубине 4,Исходящие переводы клиента и следующее колено за июль
100000002635746100,0.20857848,Обрыв обхода на глубине 4,Исходящие переводы клиента и следующее колено за июль
100000008648783100,0.20808743,Обрыв обхода на глубине 4,Исходящие переводы клиента и следующее колено за июль
100000008738325100,0.20732366,Неполный наблюдаемый баланс,Входящие вне выборки и остаток на начало июля
100000006232815100,0.20717254,Неполный наблюдаемый баланс,Входящие вне выборки и остаток на начало июля
100000001590795100,0.20696556,Обрыв обхода на глубине 4,Исходящие переводы клиента и следующее колено за июль
100000004971871100,0.19383589,Неполный наблюдаемый баланс,Входящие вне выборки и остаток на начало июля
100000007982728100,0.12059027,Неполный наблюдаемый баланс,Входящие вне выборки и остаток на начало июля
100000004269433100,0.11865571,Неполный наблюдаемый баланс,Входящие вне выборки и остаток на начало июля
100000004388983100,0.11079625,Неполный наблюдаемый баланс,Входящие вне выборки и остаток на начало июля
100000004813068100,0.1078492,Неполный наблюдаемый баланс,Входящие вне выборки и остаток на начало июля
100000005485830100,0.10732842,Неполный наблюдаемый баланс,Входящие вне выборки и остаток на начало июля
100000007018630100,0.1050569,Неполный наблюдаемый баланс,Входящие вне выборки и остаток на начало июля
100000008522127100,0.10278597,Неполный наблюдаемый баланс,Входящие вне выборки и остаток на начало июля
100000005417257100,0.10057359,Неполный наблюдаемый баланс,Входящие вне выборки и остаток на начало июля
100000004723755100,0.09979989,Неполный наблюдаемый баланс,Входящие вне выборки и остаток на начало июля
100000006249740100,0.09965017,Неполный наблюдаемый баланс,Входящие вне выборки и остаток на начало июля
100000008575624100,0.09937875,Неполный наблюдаемый баланс,Входящие вне выборки и остаток на начало июля
100000005392290100,0.09871449,Неполный наблюдаемый баланс,Входящие вне выборки и остаток на начало июля
100000008654653100,0.09581083,Неполный наблюдаемый баланс,Входящие вне выборки и остаток на начало июля
100000005744674100,0.09527667,Неполный наблюдаемый баланс,Входящие вне выборки и остаток на начало июля
100000004714705100,0.09305467,Неполный наблюдаемый баланс,Входящие вне выборки и остаток на начало июля
100000002916006100,0.09211587,Неполный наблюдаемый баланс,Входящие вне выборки и остаток на начало июля
100000003200071100,0.09166013,Неполный наблюдаемый баланс,Входящие вне выборки и остаток на начало июля
100000006831291100,0.08676554,Неполный наблюдаемый баланс,Входящие вне выборки и остаток на начало июля
100000005543136100,0.08390249,Неполный наблюдаемый баланс,Входящие вне выборки и остаток на начало июля
100000000456947100,0.01886077,Неполный наблюдаемый баланс,Входящие вне выборки и остаток на начало июля
100000003265658100,0.01886077,Неполный наблюдаемый баланс,Входящие вне выборки и остаток на начало июля
100000003349739100,0.01886077,Неполный наблюдаемый баланс,Входящие вне выборки и остаток на начало июля
100000003770083100,0.01886077,Неполный наблюдаемый баланс,Входящие вне выборки и остаток на начало июля
100000004021459100,0.01886077,Неполный наблюдаемый баланс,Входящие вне выборки и остаток на начало июля
100000004174835100,0.01886077,Неполный наблюдаемый баланс,Входящие вне выборки и остаток на начало июля
100000005017150100,0.01886077,Неполный наблюдаемый баланс,Входящие вне выборки и остаток на начало июля
100000005087431100,0.01886077,Неполный наблюдаемый баланс,Входящие вне выборки и остаток на начало июля
100000005235389100,0.01886077,Неполный наблюдаемый баланс,Входящие вне выборки и остаток на начало июля
100000005480435100,0.01886077,Неполный наблюдаемый баланс,Входящие вне выборки и остаток на начало июля
100000005495722100,0.01886077,Неполный наблюдаемый баланс,Входящие вне выборки и остаток на начало июля
100000005550592100,0.01886077,Неполный наблюдаемый баланс,Входящие вне выборки и остаток на начало июля
100000005560900100,0.01886077,Неполный наблюдаемый баланс,Входящие вне выборки и остаток на начало июля
100000005568407100,0.01886077,Неполный наблюдаемый баланс,Входящие вне выборки и остаток на начало июля
100000008117324100,0.01886077,Неполный наблюдаемый баланс,Входящие вне выборки и остаток на начало июля
100000008205000100,0.01886077,Неполный наблюдаемый баланс,Входящие вне выборки и остаток на начало июля
100000008513251100,0.01886077,Неполный наблюдаемый баланс,Входящие вне выборки и остаток на начало июля
100000008669037100,0.01886077,Неполный наблюдаемый баланс,Входящие вне выборки и остаток на начало июля
100000008701222100,0.01886077,Неполный наблюдаемый баланс,Входящие вне выборки и остаток на начало июля
