gid,role,role_score,cluster_id,priority_score,evidence,depth,is_seed,in_deg,out_deg,in_kzt,out_kzt,in_tx,out_tx,pagerank,betweenness,pass_through_defined,pass_through,balance_comparable,truncated_by_depth,unobserved_funding,seed_reach,seed_payers,in_cycle,reciprocal_neighbors,repeat_routes,fast_out_share,matched_lag_days,max_payers_same_day,burst_share,near_threshold_share,in_avg_kzt,out_avg_kzt,volume_depth_percentile,neighbor_clusters,base_role,structural_neighbors,flags,priority_role,priority_reach,priority_volume,priority_pagerank,priority_patterns,seed_discount
100000000011452100,peripheral,0.5,1,0.50462212,"Колено 1; входящих связей 3, исходящих 1; вход 110,000 KZT. Пороги значимых ролей не достигнуты.",1,False,3,1,110000,16685,7,2,0.000487243914152,3.36849647358e-06,True,0.151681818182,True,False,False,7,1,True,1,3,0.124409090909,2,1,0.384299640841,0.555555555556,15714.2857143,8342.5,0.593220338983,2,peripheral,2,directed_cycle,0.03,0.1875,0.138286115021,0.115502669039,0.0333333333333,1
100000000018102100,peripheral,0.25,7,0.40337807,"4-е колено: исходящие не выгружены. Вход 1 плательщиков, 7,000 KZT. Роль за границей обхода не установлена.",4,False,1,0,7000,0,1,0,0.000318636859528,0,True,0,True,True,False,7,0,False,0,0,0,0,1,1,1,7000,0,0.112612612613,1,peripheral,0,truncated_depth4,0.03,0.1875,0.10420547279,0.0816725978648,0,1
100000000031787100,transit,0.861111,9,0.52795103,"Вход 90,000 KZT; выход/вход=1.00; сопоставлено за 1–2 дня 44%. Признаки транзита.",2,False,1,2,90000,90000,2,4,0.000428872329088,3.96293702774e-07,True,1,True,False,False,1,0,True,1,2,0.444444444444,1.5,1,0.333333333333,0,45000,22500,0.650432900433,1,transit,0,directed_cycle,0.18,0.0625,0.142420184438,0.109697508897,0.0333333333333,1
100000000041368100,terminal,0.622222,4,0.58618525,"Колено 1; вход 160,000 KZT; исходящих связей 0, выход/вход=0.00. Получатель в видимой выборке.",1,False,1,0,160000,0,1,0,0.000315815970809,0,True,0,True,False,False,10,1,False,0,0,0,0,1,1,0,160000,0,0.629237288136,1,terminal,1,none,0.15,0.216214476165,0.141033937507,0.0789368327402,0,1
100000000076451100,peripheral,0.5,3,0.53629529,"Колено 2; входящих связей 3, исходящих 4; вход 87,707 KZT. Пороги значимых ролей не достигнуты.",2,False,3,4,87707,58000,4,4,0.00138363695267,9.76863977338e-05,True,0.661292713238,True,False,False,7,0,True,2,1,0.0570079925206,2,2,0.293101909997,0.25,21926.75,14500,0.601731601732,1,peripheral,1,directed_cycle,0.03,0.1875,0.139932595202,0.145529359431,0.0333333333333,1
100000000089154100,distributor,0.583333,1,0.62286052,"Переводы 15 получателям; 21 операций; 425,500 KZT. Признаки веерного распределения.",1,False,1,15,10000,425500,1,21,0.000285899281973,0.000108954784611,True,42.55,True,False,True,7,1,True,1,4,0,0,1,0.290470723307,0.136363636364,10000,20261.9047619,0.805084745763,5,distributor,11,unobserved_funding;directed_cycle,0.24,0.1875,0.152819003436,0.00920818505338,0.0333333333333,1
100000000190228100,peripheral,0.5,9,0.48195564,"Колено 2; входящих связей 1, исходящих 1; вход 5,000 KZT. Пороги значимых ролей не достигнуты.",2,False,1,1,5000,28560,1,1,0.000578558029707,2.15980068012e-05,True,5.712,True,False,True,8,0,False,0,0,0,0,1,0.851013110846,0.5,5000,28560,0.296536796537,1,peripheral,0,unobserved_funding,0.03,0.19812031259,0.122652049654,0.131183274021,0,1
100000000201868100,transit,1,3,0.7279079,"Вход 190,000 KZT; выход/вход=1.00; сопоставлено за 1–2 дня 100%. Признаки транзита.",2,False,1,1,190000,190000,1,1,0.000967521063811,0,True,1,True,False,False,7,0,True,1,0,1,1,1,0.5,0,190000,190000,0.782467532468,1,transit,0,fast_temporal_match;directed_cycle,0.18,0.1875,0.151214538563,0.142526690391,0.0666666666667,1
100000000254336100,peripheral,0.5,11,0.42582146,"Колено 3; входящих связей 2, исходящих 1; вход 97,177 KZT. Пороги значимых ролей не достигнуты.",3,False,2,1,97177,60000,2,1,0.000290357280847,1.92202445845e-05,True,0.617430050321,True,False,False,7,0,False,0,0,0.617430050321,1,1,0.557263467301,0,48588.5,60000,0.643852978454,2,peripheral,2,fast_temporal_match,0.03,0.1875,0.140824425783,0.0341637010676,0.0333333333333,1
100000000267734100,peripheral,0.5,9,0.40285735,"Колено 1; входящих связей 2, исходящих 7; вход 180,000 KZT. Пороги значимых ролей не достигнуты.",1,False,2,7,180000,282000,4,8,0.00053390125963,3.56664332497e-06,True,1.56666666667,True,False,True,1,1,True,1,2,0.222222222222,1,1,0.25974025974,0,45000,35250,0.826271186441,1,peripheral,1,unobserved_funding;directed_cycle,0.03,0.0625,0.153514231211,0.123509786477,0.0333333333333,1
100000000274067100,peripheral,0.5,9,0.4108313,"Колено 1; входящих связей 2, исходящих 3; вход 517,704 KZT. Пороги значимых ролей не достигнуты.",1,False,2,3,517704,2969000,9,9,0.000411173583966,1.18888110832e-06,True,5.73493733871,True,False,True,1,1,True,1,3,0.106238313785,1,1,0.636045962032,0.222222222222,57522.6666667,329888.888889,0.993644067797,1,peripheral,1,unobserved_funding;directed_cycle,0.03,0.0625,0.177302233407,0.107695729537,0.0333333333333,1
100000000287768100,peripheral,0.5,11,0.35771799,"Колено 3; входящих связей 1, исходящих 0; вход 35,168 KZT. Пороги значимых ролей не достигнуты.",3,False,1,0,35168,0,1,0,0.000287132452737,0,True,0,True,False,False,7,0,False,0,0,0,0,1,1,0,35168,0,0.316856780735,1,peripheral,1,none,0.03,0.1875,0.123202869234,0.0170151245552,0,1
100000000288317100,peripheral,0.5,7,0.43217838,"Колено 3; входящих связей 2, исходящих 3; вход 100,000 KZT. Пороги значимых ролей не достигнуты.",3,False,2,3,100000,53500,2,3,0.000311104361844,5.82551743078e-05,True,0.535,True,False,False,7,0,False,0,0,0,0,1,0.4332247557,0.2,50000,17833.3333333,0.636248415716,1,peripheral,1,none,0.03,0.1875,0.140545818528,0.0741325622776,0,1
100000000291906100,transit,0.536553,1,0.69982739,"Вход 388,000 KZT; выход/вход=1.17; сопоставлено за 1–2 дня 2%. Признаки транзита.",2,False,2,2,388000,455854,3,6,0.000757952514139,7.80698594465e-05,True,1.1748814433,True,False,False,7,0,True,1,2,0.020618556701,1,1,0.640340627644,0.111111111111,129333.333333,75975.6666667,0.878787878788,1,transit,0,directed_cycle,0.18,0.1875,0.160604377562,0.138389679715,0.0333333333333,1
100000000291908100,terminal,0.772778,1,0.62306088,"Колено 3; вход 295,500 KZT; исходящих связей 1, выход/вход=0.05. Получатель в видимой выборке.",3,False,1,1,295500,13300,5,1,0.00070166835295,1.98146851387e-05,True,0.0450084602369,True,False,False,7,0,False,0,1,0,0,1,0.647668393782,0,59100,13300,0.770595690748,1,terminal,0,none,0.15,0.1875,0.148772626534,0.136788256228,0,1
100000000297649100,peripheral,0.5,12,0.53759896,"Колено 2; входящих связей 1, исходящих 1; вход 40,000 KZT. Пороги значимых ролей не достигнуты.",2,False,1,1,40000,70600,1,2,0.000802395501066,0,True,1.765,True,False,True,8,0,True,1,1,0,0,1,0.365280289331,0,40000,35300,0.556277056277,1,peripheral,0,unobserved_funding;directed_cycle,0.03,0.19812031259,0.136688014598,0.139457295374,0.0333333333333,1
100000000299820100,peripheral,0.25,7,0.43766889,"4-е колено: исходящие не выгружены. Вход 1 плательщиков, 10,000 KZT. Роль за границей обхода не установлена.",4,False,1,0,10000,0,1,0,0.000447548559215,0,True,0,True,True,False,7,0,False,0,0,0,0,1,1,0,10000,0,0.184684684685,1,peripheral,0,truncated_depth4,0.03,0.1875,0.10840287741,0.111766014235,0,1
100000000307908100,peripheral,0.5,36,0.24352448,"Колено 2; входящих связей 1, исходящих 0; вход 5,000 KZT. Пороги значимых ролей не достигнуты.",2,False,1,0,5000,0,1,0,0.000295513519356,0,True,0,True,False,False,1,0,False,0,0,0,0,1,1,1,5000,0,0.00757575757576,1,peripheral,0,none,0.03,0.0625,0.100246013331,0.0507784697509,0,1
100000000331309100,coordinator,1,5,0.92842527,Связывает 11 узлов сбора/рассылки; достижим от 7 seed; betweenness=0.00456. Гипотеза структурной координации.,2,False,5,99,984635,23001375,8,126,0.000869742178237,0.00455723405027,True,23.3603061033,True,False,True,7,0,True,0,22,1,1,3,0.0856288728305,0,123079.375,182550.595238,1,13,consolidator,11,unobserved_funding;fast_temporal_match;sync_inflow;directed_cycle,0.3,0.1875,0.2,0.140925266904,0.1,1
100000000332284100,consolidator,0.75,1,0.77981611,"Вход от 10 плательщиков (seed: 0); 107,426 KZT; исходящих связей 3. Признаки консолидации.",2,False,10,3,107426,289500,12,3,0.000712719941904,0.00010913726639,True,2.69487833485,True,False,True,7,0,False,0,2,0.107050434718,1.47826086957,3,0.687785632586,0.8,8952.16666667,96500,0.790043290043,4,consolidator,4,unobserved_funding;sync_inflow,0.27,0.1875,0.15172743856,0.137255338078,0.0333333333333,1
100000000343175100,consolidator,0.65,16,0.48443304,"Вход от 8 плательщиков (seed: 1); 178,712 KZT; исходящих связей 31. Признаки консолидации.",0,True,8,31,178712,4000039,14,33,0.000709762802885,0.00109469260903,True,22.3825988182,False,False,True,7,1,False,0,3,0.728613635346,1,2,0.206645478517,0.0851063829787,12765.1428571,121213.30303,0.950617283951,6,consolidator,2,seed;unobserved_funding;fast_temporal_match,0.27,0.1875,0.179433177584,0.137121886121,0.0333333333333,0.6
100000000369781100,peripheral,0.25,5,0.43938747,"4-е колено: исходящие не выгружены. Вход 1 плательщиков, 5,000 KZT. Роль за границей обхода не установлена.",4,False,1,0,5000,0,1,0,0.000529321411607,0,True,0,True,True,False,7,0,False,0,0,0,0,1,1,1,5000,0,0.0236486486486,1,peripheral,0,truncated_depth4,0.03,0.1875,0.100246013331,0.121641459075,0,1
100000000375150100,peripheral,0.25,17,0.53283633,"4-е колено: исходящие не выгружены. Вход 1 плательщиков, 300,000 KZT. Роль за границей обхода не установлена.",4,False,1,0,300000,0,1,0,0.000740800016566,0,True,0,True,True,False,10,0,False,0,0,0,0,1,1,0,300000,0,0.896396396396,1,peripheral,0,truncated_depth4,0.03,0.216214476165,0.148432353713,0.138189501779,0,1
100000000404740100,peripheral,0.25,26,0.46560111,"4-е колено: исходящие не выгружены. Вход 1 плательщиков, 25,000 KZT. Роль за границей обхода не установлена.",4,False,1,0,25000,0,1,0,0.000554595874844,0,True,0,True,True,False,7,0,False,0,0,0,0,1,1,0,25000,0,0.433558558559,1,peripheral,0,truncated_depth4,0.03,0.1875,0.119186514696,0.128914590747,0,1
100000000408846100,peripheral,0.5,27,0.38947282,"Колено 3; входящих связей 1, исходящих 0; вход 40,500 KZT. Пороги значимых ролей не достигнуты.",3,False,1,0,40500,0,1,0,0.000294103254055,0,True,0,True,False,False,7,0,False,0,0,0,0,1,1,0,40500,0,0.34474017744,1,peripheral,0,none,0.03,0.1875,0.124864280491,0.0471085409253,0,1
100000000413678100,peripheral,0.5,22,0.43656139,"Колено 3; входящих связей 2, исходящих 3; вход 306,500 KZT. Пороги значимых ролей не достигнуты.",3,False,2,3,306500,528198,2,18,0.000299057251119,5.76607337536e-05,True,1.72332137031,True,False,True,7,0,False,0,1,0.234907014682,1.16665509243,2,0.374386904006,0.25,153250,29344.3333333,0.925221799747,2,peripheral,2,unobserved_funding,0.03,0.1875,0.160475977514,0.0585854092527,0,1
100000000424935100,peripheral,0.25,24,0.39079474,"4-е колено: исходящие не выгружены. Вход 1 плательщиков, 15,000 KZT. Роль за границей обхода не установлена.",4,False,1,0,15000,0,1,0,0.000299774066488,0,True,0,True,True,False,7,0,False,0,0,0,0,1,1,0,15000,0,0.287162162162,1,peripheral,0,truncated_depth4,0.03,0.1875,0.113174633106,0.0601201067616,0,1
100000000425407100,peripheral,0.5,4,0.39938506,"Колено 2; входящих связей 1, исходящих 0; вход 20,000 KZT. Пороги значимых ролей не достигнуты.",2,False,1,0,20000,0,1,0,0.000303432651554,0,True,0,True,False,False,7,0,False,0,0,0,0,1,1,0,20000,0,0.154761904762,1,peripheral,0,none,0.03,0.1875,0.116560329835,0.0653247330961,0,1
100000000437046100,coordinator,0.552261,11,0.91463901,Связывает 14 узлов сбора/рассылки; достижим от 7 seed; betweenness=0.00220. Гипотеза структурной координации.,2,False,9,42,1107200,7606224,20,73,0.000787536290382,0.0021971484948,True,6.86978323699,True,False,True,7,0,True,3,13,0.864523121387,1.37803489344,3,0.13522571609,0.010752688172,55360,104194.849315,0.993506493506,9,consolidator,14,unobserved_funding;fast_temporal_match;sync_inflow;directed_cycle,0.3,0.1875,0.188082069589,0.139056939502,0.1,1
100000000440392100,terminal,0.561894,3,0.52376645,"Колено 1; вход 105,705 KZT; исходящих связей 0, выход/вход=0.00. Получатель в видимой выборке.",1,False,1,0,105705,0,4,0,0.000295327846027,0,True,0,True,False,False,7,1,False,0,1,0,0,1,0.329028901187,0,26426.25,0,0.567796610169,1,terminal,1,none,0.15,0.1875,0.136155236105,0.0501112099644,0,1
100000000456947100,peripheral,0.25,0,0.01886077,Seed; 0 связей и 0 KZT в выгрузке. Данных для поведенческой роли недостаточно.,0,True,0,0,0,0,0,0,0.000284037399667,0,False,0,False,False,False,0,0,False,0,0,0,0,0,0,0,0,0,0.123456790123,0,peripheral,0,seed;no_observed_edges,0.03,0,0,0.00143460854093,0,0.6
100000000470237100,peripheral,0.25,3,0.47129122,"4-е колено: исходящие не выгружены. Вход 1 плательщиков, 32,500 KZT. Роль за границей обхода не установлена.",4,False,1,0,32500,0,1,0,0.000584077710724,0,True,0,True,True,False,7,0,False,0,0,0,0,1,1,0,32500,0,0.496621621622,1,peripheral,0,truncated_depth4,0.03,0.1875,0.122274319346,0.131516903915,0,1
100000000481716100,peripheral,0.5,15,0.4245669,"Колено 3; входящих связей 1, исходящих 0; вход 8,000 KZT. Пороги значимых ролей не достигнуты.",3,False,1,0,8000,0,1,0,0.000374967146715,0,True,0,True,False,False,7,0,False,0,0,0,0,1,1,1,8000,0,0.0335868187579,1,peripheral,0,none,0.03,0.1875,0.105776869064,0.101290035587,0,1
100000000489417100,transit,0.63953,17,0.6356262,"Вход 73,504 KZT; выход/вход=1.09; сопоставлено за 1–2 дня 0%. Признаки транзита.",2,False,3,1,73504,80000,3,1,0.000548475555813,1.40454814359e-05,True,1.08837614279,True,False,False,7,0,False,0,0,0,0,2,0.651448822181,0,24501.3333333,80000,0.623376623377,2,transit,2,none,0.18,0.1875,0.14054612522,0.127580071174,0,1
100000000490383100,peripheral,0.5,3,0.4989415,"Колено 2; входящих связей 3, исходящих 8; вход 62,600 KZT. Пороги значимых ролей не достигнуты.",2,False,3,8,62600,461375,3,9,0.000544770683168,5.16502792616e-05,True,7.37020766773,True,False,True,7,0,False,0,1,0,0,1,0.655565628131,0.5,20866.6666667,51263.8888889,0.835497835498,1,peripheral,0,unobserved_funding,0.03,0.1875,0.154995770249,0.126445729537,0,1
100000000500040100,peripheral,0.25,4,0.4005194,"4-е колено: исходящие не выгружены. Вход 1 плательщиков, 20,000 KZT. Роль за границей обхода не установлена.",4,False,1,0,20000,0,1,0,0.000304384502509,0,True,0,True,True,False,7,0,False,0,0,0,0,1,1,0,20000,0,0.370495495495,1,peripheral,1,truncated_depth4,0.03,0.1875,0.116560329835,0.0664590747331,0,1
100000000507799100,peripheral,0.5,34,0.33244571,"Колено 1; входящих связей 1, исходящих 1; вход 5,132 KZT. Пороги значимых ролей не достигнуты.",1,False,1,1,5132,8000,1,1,0.000284585553215,0.000115321467507,True,1.55884645362,True,False,True,7,1,False,0,0,0,0,1,0.609198903442,1,5132,8000,0.0487288135593,2,peripheral,1,unobserved_funding,0.03,0.1875,0.111609413722,0.00333629893238,0,1
100000000533217100,terminal,0.503986,1,0.6006464,"Колено 2; вход 53,587 KZT; исходящих связей 0, выход/вход=0.00. Получатель в видимой выборке.",2,False,1,0,53587,0,1,0,0.000648452389425,0,True,0,True,False,False,7,0,False,0,0,0,0,1,1,0,53587,0,0.398268398268,1,terminal,0,none,0.15,0.1875,0.128159741029,0.134986654804,0,1
100000000534581100,peripheral,0.5,7,0.40543059,"Колено 3; входящих связей 2, исходящих 1; вход 55,960 KZT. Пороги значимых ролей не достигнуты.",3,False,2,1,55960,40000,2,1,0.000296821347247,1.92202445845e-05,True,0.714796283059,True,False,False,7,0,False,0,0,0,0,1,0.489495623176,0.333333333333,27980,40000,0.529784537389,2,peripheral,2,none,0.03,0.1875,0.135016886161,0.0529137010676,0,1
100000000542087100,peripheral,0.25,5,0.32880414,"4-е колено: исходящие не выгружены. Вход 1 плательщиков, 8,507 KZT. Роль за границей обхода не установлена.",4,False,1,0,8506.91,0,1,0,0.000284877160395,0,True,0,True,True,False,7,0,False,0,0,0,0,1,1,1,8506.91,0,0.137387387387,1,peripheral,0,truncated_depth4,0.03,0.1875,0.106499870919,0.00480427046263,0,1
100000000552584100,terminal,1,12,0.60164411,"Колено 3; вход 2,500,000 KZT; исходящих связей 1, выход/вход=0.02. Получатель в видимой выборке.",3,False,1,1,2500000,57500,3,1,0.0013958085598,0,True,0.023,True,False,False,2,0,True,0,1,0,0,1,0.782013685239,0,833333.333333,57500,0.987325728771,1,terminal,1,directed_cycle,0.15,0.0990601562951,0.173654532653,0.145596085409,0.0333333333333,1
100000000555721100,terminal,0.57,1,0.54336861,"Колено 1; вход 113,000 KZT; исходящих связей 0, выход/вход=0.00. Получатель в видимой выборке.",1,False,2,0,113000,0,3,0,0.000306382481758,0,True,0,True,False,False,7,1,False,0,1,0,0,2,0.911504424779,0,37666.6666667,0,0.580508474576,2,terminal,2,none,0.15,0.1875,0.136940678179,0.0689279359431,0,1
100000000557536100,peripheral,0.25,5,0.41692646,"4-е колено: исходящие не выгружены. Вход 1 плательщиков, 153,000 KZT. Роль за границей обхода не установлена.",4,False,1,0,153000,0,7,0,0.000299140814578,0,True,0,True,True,False,7,0,False,0,1,0,0,1,0.490196078431,0.571428571429,21857.1428571,0,0.797297297297,1,peripheral,0,truncated_depth4,0.03,0.1875,0.140507418858,0.0589190391459,0,1
100000000560751100,peripheral,0.5,17,0.46453349,"Колено 3; входящих связей 1, исходящих 0; вход 25,000 KZT. Пороги значимых ролей не достигнуты.",3,False,1,0,25000,0,1,0,0.000549128568414,0,True,0,True,False,False,7,0,False,0,0,0,0,1,1,0,25000,0,0.229404309252,1,peripheral,0,none,0.03,0.1875,0.119186514696,0.127846975089,0,1
100000000561160100,peripheral,0.25,7,0.47387101,"4-е колено: исходящие не выгружены. Вход 1 плательщиков, 240,000 KZT. Роль за границей обхода не установлена.",4,False,1,0,240000,0,1,0,0.000433670565872,0,True,0,True,True,False,7,0,False,0,0,0,0,1,1,0,240000,0,0.86036036036,1,peripheral,0,truncated_depth4,0.03,0.1875,0.145806060969,0.110564946619,0,1
100000000569479100,terminal,0.8,7,0.59158518,"Колено 3; вход 320,000 KZT; исходящих связей 0, выход/вход=0.00. Получатель в видимой выборке.",3,False,1,0,320000,0,1,0,0.00039267205037,0,True,0,True,False,False,7,0,False,0,0,0,0,1,1,0,320000,0,0.778833967047,1,terminal,0,none,0.15,0.1875,0.149191941586,0.104893238434,0,1
100000000572276100,peripheral,0.5,6,0.22968008,"Колено 3; входящих связей 1, исходящих 1; вход 13,075 KZT. Пороги значимых ролей не достигнуты.",3,False,1,1,13075,34547,1,1,0.000286063164413,1.38702795971e-06,True,2.64221797323,True,False,True,1,0,False,0,0,0,0,1,0.725442022595,0,13075,34547,0.390367553866,1,peripheral,1,unobserved_funding,0.03,0.0625,0.126770822602,0.010409252669,0,1
100000000580561100,peripheral,0.5,37,0.24249468,"Колено 0; входящих связей 2, исходящих 3; вход 27,980 KZT. Пороги значимых ролей не достигнуты.",0,True,2,3,27980,1488077,3,13,0.000828964037003,1.18888110832e-06,True,53.1835954253,False,False,True,0,0,True,2,4,0.846318799142,2,1,0.401370133181,0.375,9326.66666667,114467.461538,0.851851851852,1,peripheral,0,seed;unobserved_funding;fast_temporal_match;directed_cycle,0.03,0,0.167500026222,0.139991103203,0.0666666666667,0.6
100000000581662100,peripheral,0.25,10,0.30880627,"4-е колено: исходящие не выгружены. Вход 1 плательщиков, 21,160 KZT. Роль за границей обхода не установлена.",4,False,1,0,21160,0,1,0,0.000301268636068,0,True,0,True,True,False,2,0,False,0,0,0,0,1,1,0,21160,0,0.40990990991,1,peripheral,0,truncated_depth4,0.03,0.0990601562951,0.11722386958,0.0625222419929,0,1
100000000581682100,peripheral,0.25,24,0.3472389,"4-е колено: исходящие не выгружены. Вход 1 плательщиков, 5,000 KZT. Роль за границей обхода не установлена.",4,False,1,0,5000,0,1,0,0.000289282955274,0,True,0,True,True,False,7,0,False,0,0,0,0,1,1,1,5000,0,0.0236486486486,1,peripheral,0,truncated_depth4,0.03,0.1875,0.100246013331,0.0294928825623,0,1
100000000583220100,peripheral,0.5,22,0.46288244,"Колено 3; входящих связей 1, исходящих 1; вход 5,000 KZT. Пороги значимых ролей не достигнуты.",3,False,1,1,5000,761255,1,4,0.000296489904054,1.96165382873e-05,True,152.251,True,False,True,7,0,False,0,1,1,2,1,0.471155163751,0.2,5000,190313.75,0.908745247148,1,peripheral,0,unobserved_funding;fast_temporal_match,0.03,0.1875,0.159469033982,0.0525800711744,0.0333333333333,1
100000000594783100,terminal,1,12,0.60312472,"Колено 3; вход 2,635,000 KZT; исходящих связей 2, выход/вход=0.06. Получатель в видимой выборке.",3,False,1,2,2635000,152500,10,2,0.00145584420245,0,True,0.0578747628083,True,False,False,2,0,True,1,1,0.022770398482,2,1,0.391928251121,0.0833333333333,263500,76250,0.989860583016,1,terminal,1,directed_cycle,0.15,0.0990601562951,0.174668067405,0.14606316726,0.0333333333333,1
100000000596954100,peripheral,0.5,4,0.50560101,"Колено 2; входящих связей 1, исходящих 2; вход 120,000 KZT. Пороги значимых ролей не достигнуты.",2,False,1,2,120000,48100,1,2,0.000512506282562,4.83478317384e-05,True,0.400833333333,True,False,False,10,0,False,0,0,0.400833333333,2,1,0.713860797145,0.333333333333,120000,24050,0.645021645022,1,peripheral,0,none,0.03,0.216214476165,0.141615176585,0.117771352313,0,1
100000000600707100,peripheral,0.25,33,0.35674636,"4-е колено: исходящие не выгружены. Вход 1 плательщиков, 89,000 KZT. Роль за границей обхода не установлена.",4,False,1,0,89000,0,2,0,0.000566529394439,0,True,0,True,True,False,1,0,False,0,1,0,0,1,0.561797752809,0,44500,0,0.70045045045,1,peripheral,0,truncated_depth4,0.03,0.0625,0.134130705546,0.130115658363,0,1
100000000607731100,peripheral,0.5,28,0.30508795,"Колено 1; входящих связей 1, исходящих 1; вход 20,000 KZT. Пороги значимых ролей не достигнуты.",1,False,1,1,20000,66666,1,1,0.000315727207986,5.94440554161e-07,True,3.3333,True,False,True,1,1,False,0,0,0,0,1,0.769228994069,0,20000,66666,0.523305084746,1,peripheral,0,unobserved_funding,0.03,0.0625,0.133817936214,0.0787700177936,0,1
100000000607941100,peripheral,0.5,3,0.51926432,"Колено 2; входящих связей 2, исходящих 1; вход 50,000 KZT. Пороги значимых ролей не достигнуты.",2,False,2,1,50000,70000,3,4,0.000574373089876,5.76607337536e-05,True,1.4,True,False,True,7,0,True,1,2,0.2,1,1,0.333333333333,0.142857142857,16666.6666667,17500,0.571428571429,1,peripheral,0,unobserved_funding;directed_cycle,0.03,0.1875,0.13764806915,0.130782918149,0.0333333333333,1
100000000608031100,peripheral,0.25,13,0.46287588,"4-е колено: исходящие не выгружены. Вход 1 плательщиков, 30,000 KZT. Роль за границей обхода не установлена.",4,False,1,0,30000,0,1,0,0.000535430190399,0,True,0,True,True,False,7,0,False,0,0,0,0,1,1,0,30000,0,0.470720720721,1,peripheral,0,truncated_depth4,0.03,0.1875,0.121332281665,0.124043594306,0,1
100000000611474100,peripheral,0.5,1,0.47150911,"Колено 3; входящих связей 1, исходящих 0; вход 32,000 KZT. Пороги значимых ролей не достигнуты.",3,False,1,0,32000,0,1,0,0.000591952297989,0,True,0,True,False,False,7,0,False,0,0,0,0,1,1,0,32000,0,0.298479087452,1,peripheral,0,none,0.03,0.1875,0.122091847471,0.131917259786,0,1
100000000625169100,peripheral,0.5,20,0.22042023,"Колено 2; входящих связей 1, исходящих 0; вход 10,000 KZT. Пороги значимых ролей не достигнуты.",2,False,1,0,10000,0,1,0,0.000287408133052,0,True,0,True,False,False,1,0,False,0,0,0,0,1,1,0,10000,0,0.0530303030303,1,peripheral,1,none,0.03,0.0625,0.10840287741,0.0195173487544,0,1
100000000627521100,peripheral,0.25,5,0.32390278,"4-е колено: исходящие не выгружены. Вход 1 плательщиков, 6,500 KZT. Роль за границей обхода не установлена.",4,False,1,0,6500,0,1,0,0.000284563570765,0,True,0,True,True,False,7,0,False,0,0,0,0,1,1,1,6500,0,0.0957207207207,1,peripheral,0,truncated_depth4,0.03,0.1875,0.103333383505,0.00306939501779,0,1
100000000629812100,peripheral,0.5,19,0.41627641,"Колено 2; входящих связей 2, исходящих 0; вход 22,000 KZT. Пороги значимых ролей не достигнуты.",2,False,2,0,22000,0,2,0,0.000296361933411,0,True,0,True,False,False,10,0,False,0,0,0,0,1,0.545454545455,0,11000,0,0.178571428571,1,peripheral,1,none,0.03,0.216214476165,0.117682035704,0.0523798932384,0,1
100000000634341100,peripheral,0.25,11,0.46438668,"4-е колено: исходящие не выгружены. Вход 1 плательщиков, 24,000 KZT. Роль за границей обхода не установлена.",4,False,1,0,24000,0,2,0,0.000551576680865,0,True,0,True,True,False,7,0,False,0,1,0,0,1,0.625,0.5,12000,0,0.421171171171,1,peripheral,0,truncated_depth4,0.03,0.1875,0.118706077189,0.128180604982,0,1
100000000640800100,peripheral,0.5,18,0.43737669,"Колено 3; входящих связей 1, исходящих 4; вход 80,000 KZT. Пороги значимых ролей не достигнуты.",3,False,1,4,80000,518135,1,6,0.000301572057914,0.000145174954828,True,6.4766875,True,False,True,7,0,False,0,1,0,0,1,0.437090288982,0,80000,86355.8333333,0.887198986058,2,peripheral,2,unobserved_funding,0.03,0.1875,0.15655373431,0.0633229537367,0,1
100000000646541100,peripheral,0.5,1,0.45379754,"Колено 2; входящих связей 3, исходящих 0; вход 25,300 KZT. Пороги значимых ролей не достигнуты.",2,False,3,0,25300,0,4,0,0.000502843255042,0,True,0,True,False,False,7,0,False,0,1,0,0,1,0.395256916996,0.75,6325,0,0.225108225108,2,peripheral,1,none,0.03,0.1875,0.119326903205,0.116970640569,0,1
100000000655469100,peripheral,0.25,19,0.42654254,"4-е колено: исходящие не выгружены. Вход 1 плательщиков, 20,000 KZT. Роль за границей обхода не установлена.",4,False,1,0,20000,0,2,0,0.000343469912236,0,True,0,True,True,False,7,0,False,0,1,0,0,1,0.5,0,10000,0,0.370495495495,1,peripheral,0,truncated_depth4,0.03,0.1875,0.116560329835,0.0924822064057,0,1
100000000656682100,transit,0.591549,1,0.53073957,"Вход 71,000 KZT; выход/вход=1.13; сопоставлено за 1–2 дня 0%. Признаки транзита.",3,False,1,2,71000,80000,1,3,0.000288008206485,3.84404891691e-05,True,1.12676056338,True,False,False,7,0,False,0,1,0,0,1,0.470198675497,0,71000,26666.6666667,0.629911280101,1,transit,1,none,0.18,0.1875,0.140352554944,0.0228870106762,0,1
100000000661131100,peripheral,0.5,6,0.21791335,"Колено 3; входящих связей 1, исходящих 0; вход 15,600 KZT. Пороги значимых ролей не достигнуты.",3,False,1,0,15600,0,1,0,0.000286454373283,0,True,0,True,False,False,1,0,False,0,0,0,0,1,1,0,15600,0,0.113434727503,1,peripheral,1,none,0.03,0.0625,0.113636213665,0.0117771352313,0,1
100000000661912100,consolidator,0.5,7,0.79808432,"Вход от 5 плательщиков (seed: 1); 393,036 KZT; исходящих связей 2. Признаки консолидации.",1,False,5,2,393036,430700,9,8,0.00179314493242,0.00133369054521,True,1.09582837196,True,False,False,7,1,True,1,3,0.128006085957,1.29814553477,2,0.186011052085,0.117647058824,43670.6666667,53837.5,0.902542372881,2,consolidator,4,directed_cycle,0.27,0.1875,0.160320385316,0.146930604982,0.0333333333333,1
100000000667713100,peripheral,0.5,3,0.47569089,"Колено 1; входящих связей 2, исходящих 6; вход 119,495 KZT. Пороги значимых ролей не достигнуты.",1,False,2,6,119495,79236,10,7,0.000318341844851,0.000139676253688,True,0.663090505879,True,False,False,7,1,True,1,2,0.206703209339,1.60728744939,1,0.207290256679,0.352941176471,11949.5,11319.4285714,0.669491525424,2,peripheral,2,directed_cycle,0.03,0.1875,0.14358530991,0.0812722419929,0.0333333333333,1
100000000673868100,terminal,1,29,0.68786791,"Колено 3; вход 2,030,650 KZT; исходящих связей 5, выход/вход=0.19. Получатель в видимой выборке.",3,False,1,5,2030650,383000,5,19,0.0011624917526,4.10163982371e-05,True,0.188609558516,True,False,False,7,0,True,1,4,0.129022726713,1.71374045802,1,0.271932550287,0.208333333333,406130,20157.8947368,0.983523447402,1,terminal,1,directed_cycle,0.15,0.1875,0.172973191695,0.1440613879,0.0333333333333,1
100000000673915100,peripheral,0.25,5,0.34431978,"4-е колено: исходящие не выгружены. Вход 1 плательщиков, 20,200 KZT. Роль за границей обхода не установлена.",4,False,1,0,20200,0,1,0,0.000286031445296,0,True,0,True,True,False,7,0,False,0,0,0,0,1,1,0,20200,0,0.397522522523,1,peripheral,0,truncated_depth4,0.03,0.1875,0.116677435075,0.0101423487544,0,1
100000000703894100,peripheral,0.5,28,0.34719497,"Колено 1; входящих связей 1, исходящих 1; вход 120,000 KZT. Пороги значимых ролей не достигнуты.",1,False,1,1,120000,35000,1,1,0.000474176249581,5.94440554161e-07,True,0.291666666667,True,False,False,1,1,False,0,0,0,0,1,0.774193548387,0,120000,35000,0.621822033898,1,peripheral,0,none,0.03,0.0625,0.140660271509,0.114034697509,0,1
100000000703902100,peripheral,0.5,8,0.24187908,"Колено 1; входящих связей 1, исходящих 0; вход 25,499 KZT. Пороги значимых ролей не достигнуты.",1,False,1,0,25499,0,1,0,0.000289349047576,0,True,0,True,False,False,1,1,False,0,0,0,0,1,1,0,25499,0,0.201271186441,1,peripheral,1,none,0.03,0.0625,0.119419112234,0.0299599644128,0,1
100000000704700100,peripheral,0.25,25,0.32301142,"4-е колено: исходящие не выгружены. Вход 1 плательщиков, 10,000 KZT. Роль за границей обхода не установлена.",4,False,1,0,10000,0,1,0,0.000530097370559,0,True,0,True,True,False,1,0,False,0,0,0,0,1,1,0,10000,0,0.184684684685,1,peripheral,0,truncated_depth4,0.03,0.0625,0.10840287741,0.122108540925,0,1
100000000706545100,terminal,1,3,0.6849074,"Колено 1; вход 1,070,300 KZT; исходящих связей 1, выход/вход=0.07. Получатель в видимой выборке.",1,False,3,1,1070300,75800,8,3,0.00341353780799,1.96165382873e-05,True,0.0708212650659,True,False,False,7,1,True,1,2,0,0,1,0.29971206701,0.0909090909091,133787.5,25266.6666667,0.930084745763,1,terminal,1,directed_cycle,0.15,0.1875,0.164207516304,0.149866548043,0.0333333333333,1
100000000718427100,peripheral,0.5,20,0.20523399,"Колено 2; входящих связей 1, исходящих 0; вход 6,000 KZT. Пороги значимых ролей не достигнуты.",2,False,1,0,6000,0,1,0,0.000286059839698,0,True,0,True,False,False,1,0,False,0,0,0,0,1,1,1,6000,0,0.0183982683983,1,peripheral,1,none,0.03,0.0625,0.102391466514,0.0103425266904,0,1
100000000723383100,peripheral,0.5,19,0.45379621,"Колено 2; входящих связей 1, исходящих 2; вход 6,800 KZT. Пороги значимых ролей не достигнуты.",2,False,1,2,6800,75000,1,2,0.000386796544032,0.000238965102773,True,11.0294117647,True,False,True,7,0,False,0,0,0,0,1,0.916870415648,0.333333333333,6800,37500,0.47619047619,1,peripheral,0,unobserved_funding,0.03,0.1875,0.13313784696,0.103158362989,0,1
100000000724540100,peripheral,0.5,2,0.43892402,"Колено 2; входящих связей 1, исходящих 1; вход 50,000 KZT. Пороги значимых ролей не достигнуты.",2,False,1,1,50000,100000,1,1,0.000307942352959,1.98146851387e-05,True,2,True,False,True,8,0,False,0,0,0,0,1,0.666666666667,0,50000,100000,0.609307359307,1,peripheral,0,unobserved_funding,0.03,0.19812031259,0.140274352086,0.0705293594306,0,1
100000000733373100,peripheral,0.5,3,0.39276883,"Колено 2; входящих связей 1, исходящих 0; вход 10,710 KZT. Пороги значимых ролей не достигнуты.",2,False,1,0,10710,0,1,0,0.000304116597947,0,True,0,True,False,False,7,0,False,0,0,0,0,1,1,0,10710,0,0.0757575757576,1,peripheral,0,none,0.03,0.1875,0.109210106717,0.0660587188612,0,1
100000000733451100,peripheral,0.5,17,0.52215963,"Колено 3; входящих связей 1, исходящих 1; вход 70,000 KZT. Пороги значимых ролей не достигнуты.",3,False,1,1,70000,300000,2,1,0.00053736772991,2.4570209572e-05,True,4.28571428571,True,False,True,10,0,False,0,1,0,0,1,0.810810810811,0,35000,300000,0.808618504436,1,peripheral,0,unobserved_funding,0.03,0.216214476165,0.150900665731,0.125044483986,0,1
100000000733940100,peripheral,0.25,32,0.48397666,"4-е колено: исходящие не выгружены. Вход 1 плательщиков, 752,000 KZT. Роль за границей обхода не установлена.",4,False,1,0,752000,0,2,0,0.000408735778289,0,True,0,True,True,False,7,0,False,0,1,0,0,1,0.904255319149,0,376000,0,0.966216216216,1,peripheral,0,truncated_depth4,0.03,0.1875,0.159248017276,0.107228647687,0,1
100000000737152100,peripheral,0.25,1,0.43286181,"4-е колено: исходящие не выгружены. Вход 1 плательщиков, 35,000 KZT. Роль за границей обхода не установлена.",4,False,1,0,35000,0,1,0,0.000342564838196,0,True,0,True,True,False,7,0,False,0,0,0,0,1,1,0,35000,0,0.511261261261,1,peripheral,0,truncated_depth4,0.03,0.1875,0.123146512081,0.0922153024911,0,1
100000000749118100,peripheral,0.5,1,0.34105442,"Колено 3; входящих связей 1, исходящих 1; вход 10,330 KZT. Пороги значимых ролей не достигнуты.",3,False,1,1,10330,16500,1,1,0.000284615124096,1.92202445845e-05,True,1.59728944821,True,False,True,7,0,False,0,0,0,0,1,0.61498322773,0,10330,16500,0.25855513308,1,peripheral,1,unobserved_funding,0.03,0.1875,0.120017941624,0.00353647686833,0,1
100000000764836100,terminal,0.724129,7,0.57501194,"Колено 3; вход 251,716 KZT; исходящих связей 2, выход/вход=0.20. Получатель в видимой выборке.",3,False,1,2,251716,50000,1,2,0.000334847774515,3.84404891691e-05,True,0.198636558661,True,False,False,7,0,False,0,0,0,0,1,0.917140622307,0,251716,25000,0.765525982256,1,terminal,1,none,0.15,0.1875,0.148499483592,0.089012455516,0,1
100000000765628100,peripheral,0.5,3,0.39521487,"Колено 2; входящих связей 1, исходящих 0; вход 5,000 KZT. Пороги значимых ролей не достигнуты.",2,False,1,0,5000,0,1,0,0.000313696205986,0,True,0,True,False,False,7,0,False,0,0,0,0,1,1,1,5000,0,0.00757575757576,1,peripheral,0,none,0.03,0.1875,0.100246013331,0.07746886121,0,1
100000000769919100,terminal,0.722222,45,0.49657566,"Колено 2; вход 250,000 KZT; исходящих связей 0, выход/вход=0.00. Получатель в видимой выборке.",2,False,1,0,250000,0,1,0,0.000730686265041,0,True,0,True,False,False,1,0,False,0,0,0,0,1,1,0,250000,0,0.72619047619,1,terminal,0,none,0.15,0.0625,0.146286516129,0.137789145907,0,1
100000000782285100,peripheral,0.5,1,0.40232363,"Колено 3; входящих связей 1, исходящих 0; вход 6,151 KZT. Пороги значимых ролей не достигнуты.",3,False,1,0,6151,0,1,0,0.000319140555506,0,True,0,True,False,False,7,0,False,0,0,0,0,1,1,1,6151,0,0.0240811153359,1,peripheral,1,none,0.03,0.1875,0.102683953273,0.0821396797153,0,1
100000000783406100,peripheral,0.5,13,0.34647705,"Колено 3; входящих связей 1, исходящих 0; вход 6,066 KZT. Пороги значимых ролей не достигнуты.",3,False,1,0,6066,0,1,0,0.000288618319031,0,True,0,True,False,False,7,0,False,0,0,0,0,1,1,1,6066,0,0.0221799746515,1,peripheral,0,none,0.03,0.1875,0.102520203511,0.0264568505338,0,1
100000000785800100,peripheral,0.5,43,0.3469673,"Колено 2; входящих связей 1, исходящих 1; вход 19,000 KZT. Пороги значимых ролей не достигнуты.",2,False,1,1,19000,19000,1,1,0.00035805240327,0,True,1,True,False,False,1,0,True,0,0,0,0,1,1,0,19000,19000,0.320346320346,1,peripheral,0,directed_cycle,0.03,0.0625,0.124114392184,0.0970195729537,0.0333333333333,1
100000000790311100,peripheral,0.5,3,0.40159073,"Колено 2; входящих связей 1, исходящих 0; вход 46,300 KZT. Пороги значимых ролей не достигнуты.",2,False,1,0,46300,0,1,0,0.000298653633348,0,True,0,True,False,False,7,0,False,0,0,0,0,1,1,0,46300,0,0.344155844156,1,peripheral,1,none,0.03,0.1875,0.126439482526,0.0576512455516,0,1
100000000791285100,peripheral,0.5,27,0.5499381,"Колено 3; входящих связей 1, исходящих 3; вход 1,120,000 KZT. Пороги значимых ролей не достигнуты.",3,False,1,3,1120000,650000,2,3,0.000562401767909,3.88367828719e-05,True,0.580357142857,True,False,False,7,0,True,1,1,0,0,1,0.983050847458,0,560000,216666.666667,0.973384030418,1,peripheral,0,directed_cycle,0.03,0.1875,0.169322738357,0.12978202847,0.0333333333333,1
100000000795033100,peripheral,0.5,1,0.45485876,"Колено 2; входящих связей 1, исходящих 0; вход 18,200 KZT. Пороги значимых ролей не достигнуты.",2,False,1,0,18200,0,1,0,0.000529861294437,0,True,0,True,False,False,7,0,False,0,0,0,0,1,1,0,18200,0,0.142857142857,1,peripheral,0,none,0.03,0.1875,0.115450392352,0.121908362989,0,1
100000000795129100,terminal,0.813333,3,0.59088412,"Колено 2; вход 332,000 KZT; исходящих связей 0, выход/вход=0.00. Получатель в видимой выборке.",2,False,1,0,332000,0,1,0,0.000388844950032,0,True,0,True,False,False,7,0,False,0,0,0,0,1,1,0,332000,0,0.75974025974,1,terminal,1,none,0.15,0.1875,0.14962522471,0.103758896797,0,1
100000000795374100,terminal,0.5,7,0.51211968,"Колено 3; вход 50,000 KZT; исходящих связей 0, выход/вход=0.00. Получатель в видимой выборке.",3,False,1,0,50000,0,1,0,0.000294130197671,0,True,0,True,False,False,7,0,False,0,0,0,0,1,1,0,50000,0,0.399873257288,1,terminal,1,none,0.15,0.1875,0.127344320171,0.0472753558719,0,1
100000000802149100,terminal,0.560142,11,0.51811801,"Колено 3; вход 104,128 KZT; исходящих связей 0, выход/вход=0.00. Получатель в видимой выборке.",3,False,1,0,104128,0,1,0,0.00029320146035,0,True,0,True,False,False,7,0,False,0,0,0,0,1,1,0,104128,0,0.550063371356,1,terminal,1,none,0.15,0.1875,0.135978326118,0.0446396797153,0,1
100000000803368100,peripheral,0.25,15,0.48343294,"4-е колено: исходящие не выгружены. Вход 1 плательщиков, 139,503 KZT. Роль за границей обхода не установлена.",4,False,1,0,139503,0,1,0,0.00054513100664,0,True,0,True,True,False,7,0,False,0,0,0,0,1,1,0,139503,0,0.781531531532,1,peripheral,0,truncated_depth4,0.03,0.1875,0.139420485603,0.126512455516,0,1
100000000806727100,peripheral,0.5,4,0.47415359,"Колено 2; входящих связей 1, исходящих 1; вход 45,000 KZT. Пороги значимых ролей не достигнуты.",2,False,1,1,45000,5000,1,1,0.000343872935191,0,True,0.111111111111,True,False,False,11,0,False,0,0,0,0,1,0.9,0.5,45000,5000,0.373376623377,1,peripheral,0,none,0.03,0.224060156295,0.127344320171,0.0927491103203,0,1
100000000810551100,peripheral,0.5,4,0.4483492,"Колено 1; входящих связей 1, исходящих 1; вход 100,000 KZT. Пороги значимых ролей не достигнуты.",1,False,1,1,100000,7100,1,1,0.000303899006631,7.76955820606e-05,True,0.071,True,False,False,10,1,False,0,0,0,0,1,0.93370681606,0.5,100000,7100,0.569915254237,2,peripheral,1,none,0.03,0.216214476165,0.136309542857,0.0658251779359,0,1
100000000817146100,terminal,0.522244,3,0.62057861,"Колено 1; вход 70,020 KZT; исходящих связей 0, выход/вход=0.00. Получатель в видимой выборке.",1,False,1,0,70020,0,1,0,0.000585649568764,0,True,0,True,False,False,9,1,False,0,0,0,0,1,1,0,70020,0,0.459745762712,1,terminal,0,none,0.15,0.20762050593,0.131307747012,0.131650355872,0,1
100000000821507100,terminal,0.888889,29,0.57799706,"Колено 2; вход 400,000 KZT; исходящих связей 0, выход/вход=0.00. Получатель в видимой выборке.",2,False,1,0,400000,0,1,0,0.000333553503174,0,True,0,True,False,False,7,0,False,0,0,0,0,1,1,0,400000,0,0.792207792208,1,terminal,1,none,0.15,0.1875,0.151818236782,0.0886788256228,0,1
100000000831684100,peripheral,0.5,12,0.43726344,"Колено 2; входящих связей 1, исходящих 1; вход 15,000 KZT. Пороги значимых ролей не достигнуты.",2,False,1,1,15000,50000,2,3,0.00198967803607,0,True,3.33333333333,True,False,True,1,0,True,1,2,1,1,1,0.615384615385,0.6,7500,16666.6666667,0.444805194805,1,peripheral,0,unobserved_funding;fast_temporal_match;directed_cycle,0.03,0.0625,0.130432179138,0.147664590747,0.0666666666667,1
100000000838385100,peripheral,0.5,3,0.55496708,"Колено 3; входящих связей 1, исходящих 2; вход 436,900 KZT. Пороги значимых ролей не достигнуты.",3,False,1,2,436900,177500,8,6,0.00192786028158,2.17961536526e-05,True,0.406271458,True,False,False,7,0,True,1,2,0.163653009842,1.45454545455,1,0.262858072917,0,54612.5,29583.3333333,0.89226869455,1,peripheral,0,directed_cycle,0.03,0.1875,0.1568695077,0.147264234875,0.0333333333333,1
100000000850297100,peripheral,0.5,10,0.29106402,"Колено 2; входящих связей 1, исходящих 1; вход 17,520 KZT. Пороги значимых ролей не достигнуты.",2,False,1,1,17520,17520,1,1,0.000292324601232,0,True,1,True,False,False,1,0,True,1,0,0,0,1,1,0,17520,17520,0.311688311688,1,peripheral,1,directed_cycle,0.03,0.0625,0.123159954949,0.0420707295374,0.0333333333333,1
100000000860514100,peripheral,0.5,26,0.41410202,"Колено 3; входящих связей 1, исходящих 1; вход 12,000 KZT. Пороги значимых ролей не достигнуты.",3,False,1,1,12000,50000,1,1,0.000304597397271,2.00128319901e-05,True,4.16666666667,True,False,True,7,0,False,0,0,0,0,1,0.806451612903,0,12000,50000,0.449302915082,1,peripheral,0,unobserved_funding,0.03,0.1875,0.129876041996,0.0667259786477,0,1
100000000861294100,terminal,0.611111,21,0.42844161,"Колено 2; вход 150,000 KZT; исходящих связей 0, выход/вход=0.00. Получатель в видимой выборке.",2,False,1,0,150000,0,1,0,0.00031227570263,0,True,0,True,False,False,1,0,False,0,0,0,0,1,1,0,150000,0,0.609307359307,1,terminal,1,none,0.15,0.0625,0.140274352086,0.0756672597865,0,1
100000000870121100,peripheral,0.5,22,0.40558411,"Колено 3; входящих связей 1, исходящих 0; вход 12,000 KZT. Пороги значимых ролей не достигнуты.",3,False,1,0,12000,0,1,0,0.000313923410195,0,True,0,True,False,False,7,0,False,0,0,0,0,1,1,0,12000,0,0.0760456273764,1,peripheral,0,none,0.03,0.1875,0.110548526699,0.0775355871886,0,1
100000000878006100,peripheral,0.5,5,0.3517236,"Колено 3; входящих связей 1, исходящих 0; вход 47,003 KZT. Пороги значимых ролей не достигнуты.",3,False,1,0,47003,0,1,0,0.000285548110277,0,True,0,True,False,False,7,0,False,0,0,0,0,1,1,0,47003,0,0.382762991128,1,peripheral,1,none,0.03,0.1875,0.126616839812,0.00760676156584,0,1
100000000896111100,terminal,0.763444,12,0.46323979,"Колено 3; вход 287,100 KZT; исходящих связей 0, выход/вход=0.00. Получатель в видимой выборке.",3,False,1,0,287100,0,1,0,0.000384631923701,0,True,0,True,False,False,1,0,False,0,0,0,0,1,1,0,287100,0,0.752851711027,1,terminal,0,none,0.15,0.0625,0.147915060874,0.102824733096,0,1
100000000907277100,peripheral,0.5,8,0.22836352,"Колено 1; входящих связей 1, исходящих 0; вход 17,534 KZT. Пороги значимых ролей не достигнуты.",1,False,1,0,17534,0,1,0,0.000287689873663,0,True,0,True,False,False,1,1,False,0,0,0,0,1,1,0,17534,0,0.111228813559,1,peripheral,1,none,0.03,0.0625,0.115011650576,0.0208518683274,0,1
100000000910216100,peripheral,0.5,17,0.43864694,"Колено 2; входящих связей 1, исходящих 1; вход 71,000 KZT. Пороги значимых ролей не достигнуты.",2,False,1,1,71000,52010,3,1,0.000321455679979,0.000480161845848,True,0.732535211268,True,False,False,7,0,False,0,1,0,0,1,0.422811153565,0.25,23666.6666667,52010,0.575757575758,2,peripheral,2,none,0.03,0.1875,0.137939644897,0.0832072953737,0,1
100000000912487100,peripheral,0.5,4,0.37958655,"Колено 2; входящих связей 1, исходящих 0; вход 10,000 KZT. Пороги значимых ролей не достигнуты.",2,False,1,0,10000,0,1,0,0.000290101659298,0,True,0,True,False,False,9,0,False,0,0,0,0,1,1,0,10000,0,0.0530303030303,1,peripheral,1,none,0.03,0.20762050593,0.10840287741,0.0335631672598,0,1
100000000913911100,peripheral,0.5,4,0.49309893,"Колено 2; входящих связей 2, исходящих 1; вход 467,000 KZT. Пороги значимых ролей не достигнуты.",2,False,2,1,467000,600000,2,1,0.000456623047309,1.94183914359e-05,True,1.28479657388,True,False,True,7,0,False,0,0,0,0,2,0.562324273664,0,233500,600000,0.898268398268,2,peripheral,1,unobserved_funding,0.03,0.1875,0.163365829539,0.112233096085,0,1
100000000917179100,terminal,0.549406,15,0.58109543,"Колено 2; вход 94,465 KZT; исходящих связей 0, выход/вход=0.00. Получатель в видимой выборке.",2,False,1,0,94465,0,2,0,0.000423415265952,0,True,0,True,False,False,7,0,False,0,1,0,0,1,1,0,47232.5,0,0.521645021645,1,terminal,0,none,0.15,0.1875,0.134832081892,0.108763345196,0,1
100000000922570100,peripheral,0.5,12,0.26775832,"Колено 1; входящих связей 1, исходящих 1; вход 47,101 KZT. Пороги значимых ролей не достигнуты.",1,False,1,1,47101,50000,1,1,0.00029180306263,1.98146851387e-07,True,1.06154858708,True,False,False,1,1,False,0,0,0,0,1,0.514927755636,0,47101,50000,0.550847457627,1,peripheral,1,none,0.03,0.0625,0.135156003756,0.0401023131673,0,1
100000000926078100,peripheral,0.25,7,0.48169132,"4-е колено: исходящие не выгружены. Вход 1 плательщиков, 250,000 KZT. Роль за границей обхода не установлена.",4,False,1,0,250000,0,1,0,0.000513417411109,0,True,0,True,True,False,7,0,False,0,0,0,0,1,1,0,250000,0,0.867117117117,1,peripheral,0,truncated_depth4,0.03,0.1875,0.146286516129,0.11790480427,0,1
100000000926766100,peripheral,0.5,26,0.44917203,"Колено 3; входящих связей 1, исходящих 1; вход 18,750 KZT. Пороги значимых ролей не достигнуты.",3,False,1,1,18750,6000,1,1,0.000316162395924,0,True,0.32,True,False,False,7,0,True,1,0,0,0,1,1,0.5,18750,6000,0.223067173638,1,peripheral,0,directed_cycle,0.03,0.1875,0.119068231369,0.0792704626335,0.0333333333333,1
100000000933075100,peripheral,0.5,12,0.53574277,"Колено 3; входящих связей 1, исходящих 2; вход 40,000 KZT. Пороги значимых ролей не достигнуты.",3,False,1,2,40000,55000,1,2,0.000801915194987,2.13998599498e-05,True,1.375,True,False,True,8,0,True,1,0,0,0,1,0.842105263158,0,40000,27500,0.526615969582,1,peripheral,0,unobserved_funding;directed_cycle,0.03,0.19812031259,0.134898549763,0.139390569395,0.0333333333333,1
100000000941942100,terminal,0.588889,4,0.57753592,"Колено 1; вход 130,000 KZT; исходящих связей 0, выход/вход=0.00. Получатель в видимой выборке.",1,False,1,0,130000,0,1,0,0.00030985748872,0,True,0,True,False,False,10,1,False,0,0,0,0,1,1,0,130000,0,0.595338983051,1,terminal,1,none,0.15,0.216214476165,0.138590129463,0.072731316726,0,1
100000000942301100,terminal,0.508422,7,0.5248241,"Колено 3; вход 57,580 KZT; исходящих связей 0, выход/вход=0.00. Получатель в видимой выборке.",3,False,1,0,57580,0,2,0,0.0002989352656,0,True,0,True,False,False,7,0,False,0,1,0,0,1,0.596109760333,0,28790,0,0.441064638783,1,terminal,1,none,0.15,0.1875,0.129005590128,0.0583185053381,0,1
100000000943371100,peripheral,0.5,17,0.42610063,"Колено 2; входящих связей 1, исходящих 0; вход 15,500 KZT. Пороги значимых ролей не достигнуты.",2,False,1,0,15500,0,1,0,0.000304269427971,0,True,0,True,False,False,10,0,False,0,0,0,0,1,1,0,15500,0,0.116883116883,1,peripheral,0,none,0.03,0.216214476165,0.11356052975,0.0663256227758,0,1
100000000945428100,terminal,0.544032,1,0.53323494,"Колено 1; вход 89,629 KZT; исходящих связей 0, выход/вход=0.00. Получатель в видимой выборке.",1,False,1,0,89629,0,1,0,0.000300725264584,0,True,0,True,False,False,7,1,False,0,0,0,0,1,1,0,89629,0,0.529661016949,1,terminal,1,none,0.15,0.1875,0.13421359247,0.0615213523132,0,1
100000000954884100,peripheral,0.5,13,0.41276976,"Колено 3; входящих связей 1, исходящих 0; вход 34,000 KZT. Пороги значимых ролей не достигнуты.",3,False,1,0,34000,0,1,0,0.000309713505561,0,True,0,True,False,False,7,0,False,0,0,0,0,1,1,0,34000,0,0.31051964512,1,peripheral,0,none,0.03,0.1875,0.122805351269,0.0724644128114,0,1
100000000955444100,peripheral,0.5,37,0.29130408,"Колено 2; входящих связей 1, исходящих 0; вход 6,910 KZT. Пороги значимых ролей не достигнуты.",2,False,1,0,6910,0,1,0,0.00035055400801,0,True,0,True,False,False,1,0,False,0,0,0,0,1,1,1,6910,0,0.0238095238095,1,peripheral,0,none,0.03,0.0625,0.104053190496,0.0947508896797,0,1
100000000955529100,peripheral,0.5,4,0.39886923,"Колено 3; входящих связей 1, исходящих 1; вход 27,000 KZT. Пороги значимых ролей не достигнуты.",3,False,1,1,27000,63500,1,1,0.000294027215942,3.36849647358e-06,True,2.35185185185,True,False,True,7,0,False,0,0,0,0,1,0.701657458564,0,27000,63500,0.51711026616,2,peripheral,1,unobserved_funding,0.03,0.1875,0.134327413757,0.0470418149466,0,1
100000000957746100,peripheral,0.25,13,0.4117146,"4-е колено: исходящие не выгружены. Вход 1 плательщиков, 5,300 KZT. Роль за границей обхода не установлена.",4,False,1,0,5300,0,1,0,0.00034534069185,0,True,0,True,True,False,7,0,False,0,0,0,0,1,1,1,5300,0,0.0574324324324,1,peripheral,0,truncated_depth4,0.03,0.1875,0.100931679824,0.0932829181495,0,1
100000000961900100,peripheral,0.5,1,0.3842165,"Колено 1; входящих связей 2, исходящих 0; вход 36,000 KZT. Пороги значимых ролей не достигнуты.",1,False,2,0,36000,0,3,0,0.000292721929583,0,True,0,True,False,False,7,1,False,0,1,0,0,1,0.416666666667,0.333333333333,12000,0,0.283898305085,1,peripheral,2,none,0.03,0.1875,0.123478061711,0.0432384341637,0,1
100000000967918100,peripheral,0.5,1,0.4490477,"Колено 2; входящих связей 1, исходящих 0; вход 21,200 KZT. Пороги значимых ролей не достигнуты.",2,False,1,0,21200,0,3,0,0.000476435141721,0,True,0,True,False,False,7,0,False,0,1,0,0,1,0.339622641509,1,7066.66666667,0,0.172077922078,1,peripheral,0,none,0.03,0.1875,0.117246096233,0.114301601423,0,1
100000000968253100,peripheral,0.5,8,0.22295666,"Колено 1; входящих связей 1, исходящих 0; вход 15,000 KZT. Пороги значимых ролей не достигнуты.",1,False,1,0,15000,0,1,0,0.000287162020971,0,True,0,True,False,False,1,1,False,0,0,0,0,1,1,0,15000,0,0.0699152542373,1,peripheral,1,none,0.03,0.0625,0.113174633106,0.0172820284698,0,1
100000000971908100,terminal,0.543333,21,0.40835224,"Колено 2; вход 89,000 KZT; исходящих связей 0, выход/вход=0.00. Получатель в видимой выборке.",2,False,1,0,89000,0,1,0,0.000300792126092,0,True,0,True,False,False,1,0,False,0,0,0,0,1,1,0,89000,0,0.5,1,terminal,1,none,0.15,0.0625,0.134130705546,0.0617215302491,0,1
100000000976943100,transit,0.5,1,0.61879337,"Вход 70,000 KZT; выход/вход=1.20; сопоставлено за 1–2 дня 0%. Признаки транзита.",3,False,1,1,70000,84000,1,3,0.000371288161792,2.17961536526e-05,True,1.2,True,False,False,8,0,False,0,1,0,0,1,0.525974025974,0,70000,28000,0.638149556401,1,transit,1,none,0.18,0.19812031259,0.140584093321,0.100088967972,0,1
100000000978041100,peripheral,0.5,8,0.26349828,"Колено 1; входящих связей 1, исходящих 0; вход 44,445 KZT. Пороги значимых ролей не достигнуты.",1,False,1,0,44445,0,1,0,0.00029329565259,0,True,0,True,False,False,1,1,False,0,0,0,0,1,1,0,44445,0,0.341101694915,1,peripheral,1,none,0.03,0.0625,0.125958241604,0.0450400355872,0,1
100000000979567100,peripheral,0.5,8,0.32094291,"Колено 2; входящих связей 1, исходящих 0; вход 10,000 KZT. Пороги значимых ролей не достигнуты.",2,False,1,0,10000,0,1,0,0.000527593951096,0,True,0,True,False,False,1,0,False,0,0,0,0,1,1,0,10000,0,0.0530303030303,1,peripheral,0,none,0.03,0.0625,0.10840287741,0.120040035587,0,1
100000000979923100,terminal,0.553222,16,0.54135764,"Колено 1; вход 97,900 KZT; исходящих связей 0, выход/вход=0.00. Получатель в видимой выборке.",1,False,1,0,97900,0,1,0,0.000298802985446,0,True,0,True,False,False,8,1,False,0,0,0,0,1,1,0,97900,0,0.555084745763,1,terminal,1,none,0.15,0.19812031259,0.135252452889,0.0579848754448,0,1
100000000981693100,peripheral,0.25,1,0.45076874,"4-е колено: исходящие не выгружены. Вход 1 плательщиков, 16,500 KZT. Роль за границей обхода не установлена.",4,False,1,0,16500,0,1,0,0.000525960274195,0,True,0,True,True,False,7,0,False,0,0,0,0,1,1,0,16500,0,0.318693693694,1,peripheral,0,truncated_depth4,0.03,0.1875,0.114296321144,0.118972419929,0,1
100000000993112100,terminal,0.601111,13,0.5988319,"Колено 2; вход 141,000 KZT; исходящих связей 0, выход/вход=0.00. Получатель в видимой выборке.",2,False,1,0,141000,0,1,0,0.000438496289068,0,True,0,True,False,False,8,0,False,0,0,0,0,1,1,0,141000,0,0.597402597403,1,terminal,0,none,0.15,0.19812031259,0.139546110502,0.111165480427,0,1
100000000998559100,terminal,0.555556,4,0.5675419,"Колено 1; вход 100,000 KZT; исходящих связей 0, выход/вход=0.00. Получатель в видимой выборке.",1,False,1,0,100000,0,1,0,0.000303899006631,0,True,0,True,False,False,10,1,False,0,0,0,0,1,1,0,100000,0,0.560381355932,1,terminal,1,none,0.15,0.216214476165,0.135502243335,0.0658251779359,0,1
100000001009583100,terminal,0.881933,5,0.54191284,"Колено 3; вход 393,740 KZT; исходящих связей 0, выход/вход=0.00. Получатель в видимой выборке.",3,False,1,0,393740,0,1,0,0.000296692489671,0,True,0,True,False,False,7,0,False,0,0,0,0,1,1,0,393740,0,0.81875792142,1,terminal,1,none,0.15,0.1875,0.151632587024,0.0527802491103,0,1
100000001046057100,terminal,0.537133,31,0.55067293,"Колено 3; вход 83,420 KZT; исходящих связей 0, выход/вход=0.00. Получатель в видимой выборке.",3,False,1,0,83420,0,1,0,0.000316760072163,0,True,0,True,False,False,7,0,False,0,0,0,0,1,1,0,83420,0,0.494296577947,1,terminal,0,none,0.15,0.1875,0.133368655285,0.0798042704626,0,1
100000001046626100,terminal,0.611111,5,0.50539891,"Колено 3; вход 150,000 KZT; исходящих связей 0, выход/вход=0.00. Получатель в видимой выборке.",3,False,1,0,150000,0,1,0,0.000288858508776,0,True,0,True,False,False,7,0,False,0,0,0,0,1,1,0,150000,0,0.624207858048,1,terminal,1,none,0.15,0.1875,0.140274352086,0.0276245551601,0,1
100000001049200100,peripheral,0.5,3,0.44044831,"Колено 1; входящих связей 2, исходящих 4; вход 76,624 KZT. Пороги значимых ролей не достигнуты.",1,False,2,4,76624,36000,2,5,0.000296669452292,0.00115965336572,True,0.469826686156,True,False,False,7,1,True,1,1,0,0,1,0.626953402472,0.714285714286,38312,7200,0.576271186441,2,peripheral,4,directed_cycle,0.03,0.1875,0.13690145078,0.0527135231317,0.0333333333333,1
100000001052789100,terminal,0.523306,11,0.52088,"Колено 3; вход 70,975 KZT; исходящих связей 0, выход/вход=0.00. Получатель в видимой выборке.",3,False,1,0,70975,0,1,0,0.000296089069118,0,True,0,True,False,False,7,0,False,0,0,0,0,1,1,0,70975,0,0.471482889734,1,terminal,1,none,0.15,0.1875,0.131467184539,0.0519128113879,0,1
100000001052945100,peripheral,0.5,15,0.44646603,"Колено 3; входящих связей 1, исходящих 3; вход 56,520 KZT. Пороги значимых ролей не достигнуты.",3,False,1,3,56520,1595700,1,6,0.000299958209426,5.76607337536e-05,True,28.2324840764,True,False,True,7,0,False,0,2,0,0,1,0.605246274709,0.285714285714,56520,265950,0.970849176172,1,peripheral,1,unobserved_funding,0.03,0.1875,0.16851229001,0.0604537366548,0,1
100000001053894100,peripheral,0.25,5,0.49989316,"4-е колено: исходящие не выгружены. Вход 1 плательщиков, 2,000,000 KZT. Роль за границей обхода не установлена.",4,False,1,0,2000000,0,7,0,0.000445936198969,0,True,0,True,True,False,7,0,False,0,1,0,0,1,0.25,0,285714.285714,0,0.997747747748,1,peripheral,0,truncated_depth4,0.03,0.1875,0.170760597512,0.111632562278,0,1
100000001056414100,terminal,0.722222,10,0.44692585,"Колено 3; вход 250,000 KZT; исходящих связей 0, выход/вход=0.00. Получатель в видимой выборке.",3,False,1,0,250000,0,1,0,0.000295860116408,0,True,0,True,False,False,2,0,False,0,0,0,0,1,1,0,250000,0,0.728136882129,1,terminal,1,none,0.15,0.0990601562951,0.146286516129,0.0515791814947,0,1
100000001063678100,peripheral,0.5,30,0.47450456,"Колено 3; входящих связей 1, исходящих 2; вход 35,000 KZT. Пороги значимых ролей не достигнуты.",3,False,1,2,35000,90000,1,2,0.000326469710879,3.96293702774e-05,True,2.57142857143,True,False,True,7,0,False,0,0,0.571428571429,2,1,0.56,0,35000,45000,0.584283903676,1,peripheral,0,unobserved_funding;fast_temporal_match,0.03,0.1875,0.138128522348,0.0855427046263,0.0333333333333,1
100000001065234100,peripheral,0.25,3,0.4947241,"4-е колено: исходящие не выгружены. Вход 1 плательщиков, 360,000 KZT. Роль за границей обхода не установлена.",4,False,1,0,360000,0,1,0,0.000545243229573,0,True,0,True,True,False,7,0,False,0,0,0,0,1,1,0,360000,0,0.914414414414,1,peripheral,0,truncated_depth4,0.03,0.1875,0.150578192604,0.126645907473,0,1
100000001065481100,peripheral,0.25,22,0.44139859,"4-е колено: исходящие не выгружены. Вход 1 плательщиков, 16,000 KZT. Роль за границей обхода не установлена.",4,False,1,0,16000,0,2,0,0.000429736438704,0,True,0,True,True,False,7,0,False,0,1,0,0,1,0.625,0.5,8000,0,0.310810810811,1,peripheral,0,truncated_depth4,0.03,0.1875,0.113934174394,0.109964412811,0,1
100000001066017100,peripheral,0.5,7,0.42199456,"Колено 3; входящих связей 2, исходящих 4; вход 136,123 KZT. Пороги значимых ролей не достигнуты.",3,False,2,4,136123,82500,3,4,0.000299584729364,7.68809783382e-05,True,0.606069510663,True,False,False,7,0,False,0,1,0.0587703767916,1,1,0.477991794093,0.285714285714,45374.3333333,20625,0.700887198986,2,peripheral,2,none,0.03,0.1875,0.144708081411,0.0597864768683,0,1
100000001072022100,terminal,1,4,0.65138783,"Колено 1; вход 1,684,000 KZT; исходящих связей 0, выход/вход=0.00. Получатель в видимой выборке.",1,False,3,0,1684000,0,6,0,0.000498874406986,0,True,0,True,False,False,10,1,False,0,2,0,0,2,0.439429928741,0,280666.666667,0,0.955508474576,2,terminal,3,none,0.15,0.216214476165,0.168736524544,0.11643683274,0,1
100000001073568100,peripheral,0.5,15,0.49417887,"Колено 3; входящих связей 1, исходящих 2; вход 707,465 KZT. Пороги значимых ролей не достигнуты.",3,False,1,2,707465,219503,4,3,0.000483319347227,1.92202445845e-05,True,0.310266939001,True,False,False,7,0,False,0,2,0,0,1,0.537105919514,0,176866.25,73167.6666667,0.93536121673,1,peripheral,1,none,0.03,0.1875,0.161710003973,0.11496886121,0,1
100000001074553100,peripheral,0.5,9,0.27260178,"Колено 1; входящих связей 2, исходящих 0; вход 28,971 KZT. Пороги значимых ролей не достигнуты.",1,False,2,0,28971,0,2,0,0.000287941226924,0,True,0,True,False,False,2,2,False,0,0,0,0,1,0.517759138449,0,14485.5,0,0.228813559322,2,peripheral,2,none,0.03,0.0990601562951,0.120921513626,0.0226201067616,0,1
100000001083990100,peripheral,0.5,12,0.47194463,"Колено 2; входящих связей 1, исходящих 0; вход 49,900 KZT. Пороги значимых ролей не достигнуты.",2,False,1,0,49900,0,2,0,0.000499146714234,0,True,0,True,False,False,8,0,False,0,1,0,0,1,1,0,24950,0,0.361471861472,1,peripheral,0,none,0.03,0.19812031259,0.127320757941,0.116503558719,0,1
100000001089055100,peripheral,0.25,13,0.41493358,"4-е колено: исходящие не выгружены. Вход 1 плательщиков, 13,000 KZT. Роль за границей обхода не установлена.",4,False,1,0,13000,0,1,0,0.000327470723683,0,True,0,True,True,False,7,0,False,0,0,0,0,1,1,0,13000,0,0.243243243243,1,peripheral,0,truncated_depth4,0.03,0.1875,0.111490519117,0.0859430604982,0,1
100000001102676100,transit,0.75,4,0.58802202,"Вход 50,000 KZT; выход/вход=1.00; сопоставлено за 1–2 дня 0%. Признаки транзита.",2,False,1,1,50000,50000,1,1,0.000311314654907,2.39757690178e-05,True,1,True,False,False,8,0,False,0,0,0,0,1,1,0,50000,50000,0.538961038961,1,transit,1,none,0.18,0.19812031259,0.135502243335,0.0743994661922,0,1
100000001103905100,peripheral,0.5,8,0.22963974,"Колено 1; входящих связей 1, исходящих 0; вход 18,000 KZT. Пороги значимых ролей не достигнуты.",1,False,1,0,18000,0,1,0,0.000287786945232,0,True,0,True,False,False,1,1,False,0,0,0,0,1,1,0,18000,0,0.120762711864,1,peripheral,1,none,0.03,0.0625,0.115320347771,0.0218193950178,0,1
100000001110358100,peripheral,0.5,7,0.37802601,"Колено 3; входящих связей 2, исходящих 0; вход 32,000 KZT. Пороги значимых ролей не достигнуты.",3,False,2,0,32000,0,2,0,0.000291394522712,0,True,0,True,False,False,7,0,False,0,0,0,0,2,1,0.5,16000,0,0.298479087452,2,peripheral,2,none,0.03,0.1875,0.122091847471,0.0384341637011,0,1
100000001111763100,peripheral,0.5,8,0.22749826,"Колено 1; входящих связей 1, исходящих 0; вход 17,144 KZT. Пороги значимых ролей не достигнуты.",1,False,1,0,17144,0,1,0,0.000287608633509,0,True,0,True,False,False,1,1,False,0,0,0,0,1,1,0,17144,0,0.102754237288,1,peripheral,1,none,0.03,0.0625,0.114746926015,0.0202513345196,0,1
100000001114385100,peripheral,0.5,1,0.36525814,"Колено 2; входящих связей 1, исходящих 0; вход 29,500 KZT. Пороги значимых ролей не достигнуты.",2,False,1,0,29500,0,1,0,0.000288656693128,0,True,0,True,False,False,7,0,False,0,0,0,0,1,1,0,29500,0,0.251082251082,1,peripheral,1,none,0.03,0.1875,0.121134475841,0.0266236654804,0,1
100000001126374100,peripheral,0.5,1,0.43696281,"Колено 1; входящих связей 4, исходящих 2; вход 182,500 KZT. Пороги значимых ролей не достигнуты.",1,False,4,2,182500,29200,7,4,0.000311765461351,3.92330765746e-05,True,0.16,True,False,False,7,1,False,0,3,0.0832876712329,1,1,0.576287198866,0.636363636364,26071.4285714,7300,0.688559322034,2,peripheral,4,none,0.03,0.1875,0.144329354961,0.0751334519573,0,1
100000001130176100,peripheral,0.5,21,0.46566783,"Колено 3; входящих связей 1, исходящих 0; вход 25,000 KZT. Пороги значимых ролей не достигнуты.",3,False,1,0,25000,0,2,0,0.000554679562408,0,True,0,True,False,False,7,0,False,0,1,0,0,1,0.8,0.5,12500,0,0.229404309252,1,peripheral,0,none,0.03,0.1875,0.119186514696,0.128981316726,0,1
100000001130553100,peripheral,0.25,1,0.45826519,"4-е колено: исходящие не выгружены. Вход 1 плательщиков, 18,000 KZT. Роль за границей обхода не установлена.",4,False,1,0,18000,0,2,0,0.000540082223754,0,True,0,True,True,False,7,0,False,0,1,0,0,1,1,0.5,9000,0,0.341216216216,1,peripheral,1,truncated_depth4,0.03,0.1875,0.115320347771,0.125444839858,0,1
100000001131403100,peripheral,0.25,15,0.50925494,"4-е колено: исходящие не выгружены. Вход 1 плательщиков, 1,570,000 KZT. Роль за границей обхода не установлена.",4,False,1,0,1570000,0,3,0,0.000534895495344,0,True,0,True,True,False,7,0,False,0,1,0,0,1,0.636942675159,0,523333.333333,0,0.990990990991,1,peripheral,0,truncated_depth4,0.03,0.1875,0.167911522128,0.12384341637,0,1
100000001138283100,peripheral,0.5,7,0.45097365,"Колено 3; входящих связей 1, исходящих 2; вход 81,805 KZT. Пороги значимых ролей не достигнуты.",3,False,1,2,81805,50000,1,2,0.000300550226482,1.90220977332e-05,True,0.611209583766,True,False,False,7,0,True,1,0,0,0,1,0.924130344069,0,81805,25000,0.594423320659,1,peripheral,1,directed_cycle,0.03,0.1875,0.138752420018,0.0613879003559,0.0333333333333,1
100000001138376100,peripheral,0.5,3,0.35866569,"Колено 2; входящих связей 1, исходящих 0; вход 15,300 KZT. Пороги значимых ролей не достигнуты.",2,False,1,0,15300,0,1,0,0.000288867386175,0,True,0,True,False,False,7,0,False,0,0,0,0,1,1,0,15300,0,0.114718614719,1,peripheral,1,none,0.03,0.1875,0.113407686032,0.0277580071174,0,1
100000001140785100,terminal,0.683333,2,0.57003385,"Колено 3; вход 215,000 KZT; исходящих связей 0, выход/вход=0.00. Получатель в видимой выборке.",3,False,2,0,215000,0,2,0,0.000313618998296,0,True,0,True,False,False,8,0,False,0,0,0,0,2,1,0,107500,0,0.695817490494,1,terminal,2,none,0.15,0.19812031259,0.144511403975,0.0774021352313,0,1
100000001141268100,terminal,0.977778,2,0.61024808,"Колено 3; вход 480,000 KZT; исходящих связей 1, выход/вход=0.02. Получатель в видимой выборке.",3,False,2,1,480000,10000,2,1,0.00036279882895,2.23905942067e-05,True,0.0208333333333,True,False,False,9,0,False,0,0,0.0208333333333,1,2,0.979591836735,0,240000,10000,0.856780735108,1,terminal,1,none,0.15,0.20762050593,0.15420675685,0.0984208185053,0,1
100000001145749100,peripheral,0.5,4,0.46885223,"Колено 3; входящих связей 1, исходящих 0; вход 10,000 KZT. Пороги значимых ролей не достигнуты.",3,False,1,0,10000,0,1,0,0.000475585132479,0,True,0,True,False,False,10,0,False,0,0,0,0,1,1,0,10000,0,0.0551330798479,1,peripheral,0,none,0.03,0.216214476165,0.10840287741,0.114234875445,0,1
100000001149815100,peripheral,0.5,6,0.21212326,"Колено 3; входящих связей 1, исходящих 0; вход 12,000 KZT. Пороги значимых ролей не достигнуты.",3,False,1,0,12000,0,1,0,0.000285896610141,0,True,0,True,False,False,1,0,False,0,0,0,0,1,1,0,12000,0,0.0760456273764,1,peripheral,1,none,0.03,0.0625,0.110548526699,0.00907473309609,0,1
100000001155773100,peripheral,0.5,6,0.22906183,"Колено 3; входящих связей 1, исходящих 0; вход 21,500 KZT. Пороги значимых ролей не достигнуты.",3,False,1,0,21500,0,1,0,0.000287368485099,0,True,0,True,False,False,1,0,False,0,0,0,0,1,1,0,21500,0,0.187579214195,1,peripheral,1,none,0.03,0.0625,0.117411471514,0.0191503558719,0,1
100000001160401100,peripheral,0.5,1,0.40928813,"Колено 3; входящих связей 1, исходящих 0; вход 47,190 KZT. Пороги значимых ролей не достигнуты.",3,False,1,0,47190,0,2,0,0.000303214617059,0,True,0,True,False,False,7,0,False,0,1,0,0,1,0.502648866285,0,23595,0,0.387198986058,1,peripheral,1,none,0.03,0.1875,0.126663570776,0.0651245551601,0,1
100000001162560100,distributor,0.533333,2,0.59479627,"Переводы 12 получателям; 14 операций; 2,904,398 KZT. Признаки веерного распределения.",1,False,1,12,331300,2904398,2,14,0.000319384736864,2.97220277081e-06,True,8.76667069122,True,False,True,1,1,False,0,3,0.519166918201,2,1,0.286738750032,0,165650,207457,0.991525423729,2,distributor,2,unobserved_funding;fast_temporal_match,0.24,0.0625,0.176422903478,0.0825400355872,0.0333333333333,1
100000001164648100,peripheral,0.5,10,0.35586337,"Колено 1; входящих связей 2, исходящих 0; вход 13,660 KZT. Пороги значимых ролей не достигнуты.",1,False,2,0,13660,0,2,0,0.000288580558307,0,True,0,True,False,False,7,1,False,0,0,0,0,1,0.531478770132,1,6830,0,0.0529661016949,2,peripheral,2,none,0.03,0.1875,0.112073333625,0.0262900355872,0,1
100000001166289100,terminal,1,20,0.55325281,"Колено 2; вход 721,039 KZT; исходящих связей 1, выход/вход=0.03. Получатель в видимой выборке.",2,False,2,1,721039,25000,10,1,0.00211622462518,0,True,0.0346721883282,True,False,False,1,0,True,1,1,0.0346721883282,1,1,0.647203430384,0.181818181818,72103.9,25000,0.87012987013,1,terminal,1,directed_cycle,0.15,0.0625,0.15915434995,0.148265124555,0.0333333333333,1
100000001169666100,terminal,0.688889,14,0.58455972,"Колено 3; вход 220,000 KZT; исходящих связей 1, выход/вход=0.11. Получатель в видимой выборке.",3,False,1,1,220000,24000,2,1,0.000317781170221,2.1994300504e-05,True,0.109090909091,True,False,False,9,0,False,0,1,0,0,1,0.704918032787,0,110000,24000,0.722433460076,1,terminal,0,none,0.15,0.20762050593,0.14600060286,0.0809386120996,0,1
100000001184915100,terminal,0.667778,3,0.57510238,"Колено 2; вход 201,000 KZT; исходящих связей 0, выход/вход=0.00. Получатель в видимой выборке.",2,False,1,0,201000,0,2,0,0.000347490163593,0,True,0,True,False,False,7,0,False,0,1,0,0,1,1,0,100500,0,0.686147186147,1,terminal,1,none,0.15,0.1875,0.143718926249,0.0938834519573,0,1
100000001194266100,terminal,0.5,4,0.54033371,"Колено 1; вход 50,000 KZT; исходящих связей 0, выход/вход=0.00. Получатель в видимой выборке.",1,False,1,0,50000,0,1,0,0.000293968203149,0,True,0,True,False,False,10,1,False,0,0,0,0,1,1,0,50000,0,0.380296610169,1,terminal,1,none,0.15,0.216214476165,0.127344320171,0.046774911032,0,1
100000001202637100,peripheral,0.25,14,0.47286947,"4-е колено: исходящие не выгружены. Вход 1 плательщиков, 10,000 KZT. Роль за границей обхода не установлена.",4,False,1,0,10000,0,1,0,0.000545481566997,0,True,0,True,True,False,9,0,False,0,0,0,0,1,1,0,10000,0,0.184684684685,1,peripheral,0,truncated_depth4,0.03,0.20762050593,0.10840287741,0.126846085409,0,1
100000001202787100,peripheral,0.25,1,0.42484016,"4-е колено: исходящие не выгружены. Вход 2 плательщиков, 14,850 KZT. Роль за границей обхода не установлена.",4,False,2,0,14850,0,2,0,0.000349179441385,0,True,0,True,True,False,7,0,False,0,0,0,0,1,0.59595959596,1,7425,0,0.272522522523,2,peripheral,0,truncated_depth4,0.03,0.1875,0.113056352949,0.0942838078292,0,1
100000001220124100,peripheral,0.25,7,0.4668622,"4-е колено: исходящие не выгружены. Вход 1 плательщиков, 40,000 KZT. Роль за границей обхода не установлена.",4,False,1,0,40000,0,1,0,0.00053633556502,0,True,0,True,True,False,7,0,False,0,0,0,0,1,1,0,40000,0,0.533783783784,1,peripheral,0,truncated_depth4,0.03,0.1875,0.124718076465,0.124644128114,0,1
100000001222245100,peripheral,0.25,5,0.49693874,"4-е колено: исходящие не выгружены. Вход 1 плательщиков, 420,000 KZT. Роль за границей обхода не установлена.",4,False,1,0,420000,0,5,0,0.00054583789856,0,True,0,True,True,False,7,0,False,0,1,0,0,1,0.714285714286,0.4,84000,0,0.93018018018,1,peripheral,0,truncated_depth4,0.03,0.1875,0.152392474394,0.127046263345,0,1
100000001222263100,peripheral,0.5,5,0.45263532,"Колено 3; входящих связей 1, исходящих 1; вход 745,570 KZT. Пороги значимых ролей не достигнуты.",3,False,1,1,745570,420000,1,5,0.00030800056179,1.92202445845e-05,True,0.5633273871,True,False,False,7,0,False,0,1,0,0,1,0.897046080458,0.333333333333,745570,84000,0.951837769328,1,peripheral,1,none,0.03,0.1875,0.164405778732,0.0707295373665,0,1
100000001223977100,peripheral,0.5,4,0.43014476,"Колено 3; входящих связей 1, исходящих 1; вход 5,000 KZT. Пороги значимых ролей не достигнуты.",3,False,1,1,5000,18000,1,1,0.000303864019229,2.41739158692e-05,True,3.6,True,False,True,10,0,False,0,0,0,0,1,0.782608695652,0.5,5000,18000,0.200253485425,1,peripheral,0,unobserved_funding,0.03,0.216214476165,0.118205190358,0.065725088968,0,1
100000001227106100,terminal,0.627517,5,0.50870584,"Колено 3; вход 164,765 KZT; исходящих связей 0, выход/вход=0.00. Получатель в видимой выборке.",3,False,1,0,164765,0,1,0,0.000289333066616,0,True,0,True,False,False,7,0,False,0,0,0,0,1,1,0,164765,0,0.650190114068,1,terminal,1,none,0.15,0.1875,0.141379329757,0.0298265124555,0,1
100000001229743100,peripheral,0.5,1,0.3466477,"Колено 3; входящих связей 1, исходящих 1; вход 7,000 KZT. Пороги значимых ролей не достигнуты.",3,False,1,1,7000,9000,1,1,0.000286882081205,1.92202445845e-05,True,1.28571428571,True,False,True,7,0,False,0,0,0,0,1,0.5625,1,7000,9000,0.122306717364,1,peripheral,1,unobserved_funding,0.03,0.1875,0.113934174394,0.0152135231317,0,1
100000001232297100,peripheral,0.5,17,0.4422569,"Колено 2; входящих связей 1, исходящих 2; вход 5,000 KZT. Пороги значимых ролей не достигнуты.",2,False,1,2,5000,45000,1,2,0.00029056386041,0,True,9,True,False,True,10,0,True,1,0,0,0,1,0.6,0.333333333333,5000,22500,0.373376623377,1,peripheral,0,unobserved_funding;directed_cycle,0.03,0.216214476165,0.127344320171,0.0353647686833,0.0333333333333,1
100000001236706100,peripheral,0.5,17,0.49829128,"Колено 3; входящих связей 3, исходящих 2; вход 142,700 KZT. Пороги значимых ролей не достигнуты.",3,False,3,2,142700,36000,3,2,0.000761275893778,3.92330765746e-05,True,0.252277505256,True,False,False,7,0,False,0,0,0,0,2,0.64801343033,0,47566.6666667,18000,0.666666666667,2,peripheral,2,none,0.03,0.1875,0.14233487406,0.138456405694,0,1
100000001241318100,terminal,0.503333,1,0.58577032,"Колено 2; вход 53,000 KZT; исходящих связей 0, выход/вход=0.00. Получатель в видимой выборке.",2,False,1,0,53000,0,1,0,0.000527699883271,0,True,0,True,False,False,7,0,False,0,0,0,0,1,1,0,53000,0,0.396103896104,1,terminal,0,none,0.15,0.1875,0.128030106554,0.120240213523,0,1
100000001246806100,peripheral,0.25,2,0.49798555,"4-е колено: исходящие не выгружены. Вход 1 плательщиков, 130,000 KZT. Роль за границей обхода не установлена.",4,False,1,0,130000,0,1,0,0.00052982370576,0,True,0,True,True,False,9,0,False,0,0,0,0,1,1,0,130000,0,0.775900900901,1,peripheral,0,truncated_depth4,0.03,0.20762050593,0.138590129463,0.121774911032,0,1
100000001248999100,peripheral,0.5,13,0.35707281,"Колено 3; входящих связей 1, исходящих 0; вход 23,425 KZT. Пороги значимых ролей не достигнуты.",3,False,1,0,23425,0,1,0,0.000287697571896,0,True,0,True,False,False,7,0,False,0,0,0,0,1,1,0,23425,0,0.205323193916,1,peripheral,1,none,0.03,0.1875,0.118420677247,0.0211521352313,0,1
100000001249054100,peripheral,0.25,14,0.36736886,"4-е колено: исходящие не выгружены. Вход 1 плательщиков, 17,375 KZT. Роль за границей обхода не установлена.",4,False,1,0,17375,0,1,0,0.000290491973421,0,True,0,True,True,False,7,0,False,0,0,0,0,1,1,0,17375,0,0.326576576577,1,peripheral,1,truncated_depth4,0.03,0.1875,0.114904442316,0.0349644128114,0,1
100000001250022100,terminal,0.5,21,0.38521799,"Колено 2; вход 50,000 KZT; исходящих связей 0, выход/вход=0.00. Получатель в видимой выборке.",2,False,1,0,50000,0,1,0,0.000293450167321,0,True,0,True,False,False,1,0,False,0,0,0,0,1,1,0,50000,0,0.373376623377,1,terminal,1,none,0.15,0.0625,0.127344320171,0.0453736654804,0,1
100000001251686100,peripheral,0.5,4,0.40231808,"Колено 2; входящих связей 1, исходящих 0; вход 18,000 KZT. Пороги значимых ролей не достигнуты.",2,False,1,0,18000,0,1,0,0.000294953067004,0,True,0,True,False,False,9,0,False,0,0,0,0,1,1,0,18000,0,0.138528138528,1,peripheral,1,none,0.03,0.20762050593,0.115320347771,0.0493772241993,0,1
100000001252290100,peripheral,0.5,5,0.38361323,"Колено 3; входящих связей 1, исходящих 1; вход 141,005 KZT. Пороги значимых ролей не достигнуты.",3,False,1,1,141005,5000,1,1,0.000288569402933,1.92202445845e-05,True,0.0354597354704,True,False,False,7,0,False,0,0,0,0,1,0.965754597445,0.5,141005,5000,0.613434727503,1,peripheral,1,none,0.03,0.1875,0.139956641574,0.0261565836299,0,1
100000001253557100,consolidator,0.5,22,0.72481068,"Вход от 5 плательщиков (seed: 1); 210,200 KZT; исходящих связей 0. Признаки консолидации.",1,False,5,0,210200,0,5,0,0.000349201598245,0,True,0,True,False,False,10,1,False,0,0,0,0,1,0.380589914367,0,42040,0,0.686440677966,5,consolidator,4,none,0.27,0.216214476165,0.14424566528,0.0943505338078,0,1
100000001256409100,peripheral,0.25,18,0.32452242,"4-е колено: исходящие не выгружены. Вход 1 плательщиков, 8,000 KZT. Роль за границей обхода не установлена.",4,False,1,0,8000,0,1,0,0.000543889280593,0,True,0,True,True,False,1,0,False,0,0,0,0,1,1,1,8000,0,0.130630630631,1,peripheral,0,truncated_depth4,0.03,0.0625,0.105776869064,0.126245551601,0,1
100000001262647100,peripheral,0.5,3,0.39962304,"Колено 2; входящих связей 1, исходящих 0; вход 23,650 KZT. Пороги значимых ролей не достигнуты.",2,False,1,0,23650,0,1,0,0.000301742817771,0,True,0,True,False,False,7,0,False,0,0,0,0,1,1,0,23650,0,0.190476190476,1,peripheral,0,none,0.03,0.1875,0.118533181115,0.0635898576512,0,1
100000001270349100,terminal,0.666667,2,0.4513782,"Колено 3; вход 200,000 KZT; исходящих связей 0, выход/вход=0.00. Получатель в видимой выборке.",3,False,1,0,200000,0,1,0,0.000353302675228,0,True,0,True,False,False,1,0,False,0,0,0,0,1,1,0,200000,0,0.687579214195,1,terminal,0,none,0.15,0.0625,0.143660225347,0.0952179715302,0,1
100000001270470100,peripheral,0.25,7,0.44764305,"4-е колено: исходящие не выгружены. Вход 1 плательщиков, 28,300 KZT. Роль за границей обхода не установлена.",4,False,1,0,28300,0,2,0,0.000427262796674,0,True,0,True,True,False,7,0,False,0,1,0,0,1,0.515901060071,0,14150,0,0.457207207207,1,peripheral,0,truncated_depth4,0.03,0.1875,0.12064572086,0.109497330961,0,1
100000001273783100,peripheral,0.5,10,0.26031776,"Колено 2; входящих связей 1, исходящих 0; вход 23,200 KZT. Пороги значимых ролей не достигнуты.",2,False,1,0,23200,0,1,0,0.000295011319547,0,True,0,True,False,False,1,0,False,0,0,0,0,1,1,0,23200,0,0.188311688312,1,peripheral,1,none,0.03,0.0625,0.11830708758,0.0495106761566,0,1
100000001275557100,peripheral,0.25,30,0.4274767,"4-е колено: исходящие не выгружены. Вход 1 плательщиков, 20,000 KZT. Роль за границей обхода не установлена.",4,False,1,0,20000,0,1,0,0.000345703907447,0,True,0,True,True,False,7,0,False,0,0,0,0,1,1,0,20000,0,0.370495495495,1,peripheral,0,truncated_depth4,0.03,0.1875,0.116560329835,0.0934163701068,0,1
100000001275752100,terminal,0.612778,2,0.53798083,"Колено 3; вход 151,500 KZT; исходящих связей 0, выход/вход=0.00. Получатель в видимой выборке.",3,False,1,0,151500,0,1,0,0.000291790044689,0,True,0,True,False,False,9,0,False,0,0,0,0,1,1,0,151500,0,0.632446134347,1,terminal,1,none,0.15,0.20762050593,0.140391462375,0.03996886121,0,1
100000001276409100,peripheral,0.25,14,0.43464191,"4-е колено: исходящие не выгружены. Вход 1 плательщиков, 94,760 KZT. Роль за границей обхода не установлена.",4,False,1,0,94760,0,1,0,0.000319239437592,0,True,0,True,True,False,7,0,False,0,0,0,0,1,1,0,94760,0,0.709459459459,1,peripheral,1,truncated_depth4,0.03,0.1875,0.134868778817,0.0822731316726,0,1
100000001279272100,peripheral,0.5,11,0.50418298,"Колено 3; входящих связей 1, исходящих 2; вход 250,000 KZT. Пороги значимых ролей не достигнуты.",3,False,1,2,250000,136758,1,2,0.000306039312415,0.000299195454137,True,0.547032,True,False,False,7,0,True,0,0,0.52,2,1,0.646399040227,0.333333333333,250000,68379,0.816223067174,2,peripheral,2,fast_temporal_match;directed_cycle,0.03,0.1875,0.151422010994,0.0685943060498,0.0666666666667,1
100000001279875100,peripheral,0.5,10,0.28305254,"Колено 2; входящих связей 1, исходящих 0; вход 49,235 KZT. Пороги значимых ролей не достигнуты.",2,False,1,0,49235,0,1,0,0.000301625229008,0,True,0,True,False,False,1,0,False,0,0,0,0,1,1,0,49235,0,0.359307359307,1,peripheral,0,none,0.03,0.0625,0.127162857699,0.0633896797153,0,1
100000001280798100,peripheral,0.5,14,0.37953878,"Колено 3; входящих связей 1, исходящих 0; вход 23,785 KZT. Пороги значимых ролей не достигнуты.",3,False,1,0,23785,0,1,0,0.000292837687819,0,True,0,True,False,False,7,0,False,0,0,0,0,1,1,0,23785,0,0.214195183777,1,peripheral,1,none,0.03,0.1875,0.118600170831,0.0434386120996,0,1
100000001282143100,consolidator,0.5,2,0.79448994,"Вход от 5 плательщиков (seed: 0); 1,700,000 KZT; исходящих связей 0. Признаки консолидации.",3,False,5,0,1700000,0,6,0,0.000399449346842,0,True,0,True,False,False,10,0,False,0,1,0,0,4,0.647058823529,0,283333.333333,0,0.972116603295,2,consolidator,5,sync_inflow,0.27,0.216214476165,0.168847821431,0.10609430605,0.0333333333333,1
100000001285440100,terminal,0.714444,2,0.58517865,"Колено 3; вход 243,000 KZT; исходящих связей 0, выход/вход=0.00. Получатель в видимой выборке.",3,False,2,0,243000,0,2,0,0.000318599960305,0,True,0,True,False,False,9,0,False,0,0,0,0,2,1,0,121500,0,0.721166032953,1,terminal,1,none,0.15,0.20762050593,0.145952268021,0.0816058718861,0,1
100000001286703100,peripheral,0.25,5,0.34269168,"4-е колено: исходящие не выгружены. Вход 1 плательщиков, 20,500 KZT. Роль за границей обхода не установлена.",4,False,1,0,20500,0,1,0,0.00028569686236,0,True,0,True,True,False,7,0,False,0,0,0,0,1,1,0,20500,0,0.400900900901,1,peripheral,0,truncated_depth4,0.03,0.1875,0.116850936793,0.00834074733096,0,1
100000001287955100,peripheral,0.5,10,0.31736939,"Колено 2; входящих связей 1, исходящих 4; вход 17,520 KZT. Пороги значимых ролей не достигнуты.",2,False,1,4,17520,310000,1,5,0.000292324601232,0.000680304189762,True,17.6940639269,True,False,True,1,0,False,0,1,1,1,1,0.701331216414,0,17520,62000,0.755411255411,2,peripheral,4,unobserved_funding;fast_temporal_match,0.03,0.0625,0.149465325684,0.0420707295374,0.0333333333333,1
100000001290243100,peripheral,0.5,3,0.40697494,"Колено 2; входящих связей 1, исходящих 0; вход 10,000 KZT. Пороги значимых ролей не достигнуты.",2,False,1,0,10000,0,1,0,0.000318187355548,0,True,0,True,False,False,7,0,False,0,0,0,0,1,1,0,10000,0,0.0530303030303,1,peripheral,0,none,0.03,0.1875,0.10840287741,0.0810720640569,0,1
100000001297206100,peripheral,0.25,11,0.37447205,"4-е колено: исходящие не выгружены. Вход 1 плательщиков, 6,758 KZT. Роль за границей обхода не установлена.",4,False,1,0,6758,0,1,0,0.000296892090174,0,True,0,True,True,False,7,0,False,0,0,0,0,1,1,1,6758,0,0.103603603604,1,peripheral,0,truncated_depth4,0.03,0.1875,0.103791442489,0.0531806049822,0,1
100000001298099100,peripheral,0.5,14,0.37082321,"Колено 3; входящих связей 1, исходящих 0; вход 19,000 KZT. Пороги значимых ролей не достигнуты.",3,False,1,0,19000,0,1,0,0.000291067270379,0,True,0,True,False,False,7,0,False,0,0,0,0,1,1,0,19000,0,0.15969581749,1,peripheral,1,none,0.03,0.1875,0.115956661039,0.0373665480427,0,1
100000001299323100,peripheral,0.25,2,0.42148735,"4-е колено: исходящие не выгружены. Вход 1 плательщиков, 109,000 KZT. Роль за границей обхода не установлена.",4,False,1,0,109000,0,1,0,0.000298278035662,0,True,0,True,True,False,8,0,False,0,0,0,0,1,1,0,109000,0,0.752252252252,1,peripheral,1,truncated_depth4,0.03,0.19812031259,0.136516507623,0.0568505338078,0,1
100000001299443100,peripheral,0.25,10,0.22316566,"4-е колено: исходящие не выгружены. Вход 1 плательщиков, 8,000 KZT. Роль за границей обхода не установлена.",4,False,1,0,8000,0,1,0,0.000288290368118,0,True,0,True,True,False,1,0,False,0,0,0,0,1,1,1,8000,0,0.130630630631,1,peripheral,1,truncated_depth4,0.03,0.0625,0.105776869064,0.0248887900356,0,1
100000001299828100,peripheral,0.25,11,0.47931452,"4-е колено: исходящие не выгружены. Вход 1 плательщиков, 100,000 KZT. Роль за границей обхода не установлена.",4,False,1,0,100000,0,1,0,0.00054397259898,0,True,0,True,True,False,7,0,False,0,0,0,0,1,1,0,100000,0,0.728603603604,1,peripheral,0,truncated_depth4,0.03,0.1875,0.135502243335,0.12631227758,0,1
100000001303311100,consolidator,0.5,2,0.79322972,"Вход от 5 плательщиков (seed: 0); 1,324,000 KZT; исходящих связей 0. Признаки консолидации.",3,False,5,0,1324000,0,5,0,0.000498732797632,0,True,0,True,False,False,9,0,False,0,0,0,0,4,0.898036253776,0,264800,0,0.95690747782,1,consolidator,3,sync_inflow,0.27,0.20762050593,0.165905775872,0.116370106762,0.0333333333333,1
100000001307612100,peripheral,0.5,8,0.25779952,"Колено 1; входящих связей 1, исходящих 0; вход 38,483 KZT. Пороги значимых ролей не достигнуты.",1,False,1,0,38483,0,1,0,0.000292053719776,0,True,0,True,False,False,1,1,False,0,0,0,0,1,1,0,38483,0,0.298728813559,1,peripheral,1,none,0.03,0.0625,0.124263042913,0.0410364768683,0,1
100000001308856100,peripheral,0.5,20,0.25709851,"Колено 2; входящих связей 1, исходящих 0; вход 27,000 KZT. Пороги значимых ролей не достигнуты.",2,False,1,0,27000,0,1,0,0.000293138379807,0,True,0,True,False,False,1,0,False,0,0,0,0,1,1,0,27000,0,0.235930735931,1,peripheral,1,none,0.03,0.0625,0.120092277808,0.044506227758,0,1
100000001311175100,peripheral,0.25,10,0.39839998,"4-е колено: исходящие не выгружены. Вход 1 плательщиков, 300,000 KZT. Роль за границей обхода не установлена.",4,False,1,0,300000,0,1,0,0.000528336592493,0,True,0,True,True,False,2,0,False,0,0,0,0,1,1,0,300000,0,0.896396396396,1,peripheral,0,truncated_depth4,0.03,0.0990601562951,0.148432353713,0.12090747331,0,1
100000001317336100,peripheral,0.5,32,0.47930056,"Колено 3; входящих связей 1, исходящих 2; вход 131,196 KZT. Пороги значимых ролей не достигнуты.",3,False,1,2,131196,1752000,1,3,0.000341789018191,4.00256639802e-05,True,13.3540656727,True,False,True,7,0,False,0,1,0,0,1,0.892100450511,0,131196,584000,0.977186311787,1,peripheral,0,unobserved_funding,0.03,0.1875,0.170052342558,0.0917482206406,0,1
100000001325618100,peripheral,0.25,10,0.22854083,"4-е колено: исходящие не выгружены. Вход 1 плательщиков, 9,300 KZT. Роль за границей обхода не установлена.",4,False,1,0,9300,0,1,0,0.000288981475492,0,True,0,True,True,False,1,0,False,0,0,0,0,1,1,1,9300,0,0.150900900901,1,peripheral,1,truncated_depth4,0.03,0.0625,0.107548840496,0.0284919928826,0,1
100000001329153100,terminal,0.611874,1,0.52026586,"Колено 3; вход 150,687 KZT; исходящих связей 0, выход/вход=0.00. Получатель в видимой выборке.",3,False,1,0,150687,0,1,0,0.000292464849906,0,True,0,True,False,False,7,0,False,0,0,0,0,1,1,0,150687,0,0.628643852978,1,terminal,1,none,0.15,0.1875,0.14032813327,0.0424377224199,0,1
100000001330595100,peripheral,0.5,25,0.37420909,"Колено 2; входящих связей 3, исходящих 1; вход 87,000 KZT. Пороги значимых ролей не достигнуты.",2,False,3,1,87000,154000,6,1,0.000671140335168,1.18888110832e-06,True,1.77011494253,True,False,True,1,0,False,0,2,0,0,2,0.639004149378,0.142857142857,14500,154000,0.718614718615,1,peripheral,1,unobserved_funding,0.03,0.0625,0.145854998737,0.135854092527,0,1
100000001330685100,terminal,1,5,0.62182226,"Колено 1; вход 2,435,923 KZT; исходящих связей 1, выход/вход=0.04. Получатель в видимой выборке.",1,False,3,1,2435923,100500,7,1,0.000435436803624,1.92202445845e-05,True,0.0412574617506,True,False,False,7,1,False,0,1,0,0,2,0.447073693938,0,347989,100500,0.983050847458,3,terminal,3,none,0.15,0.1875,0.173557134855,0.110765124555,0,1
100000001339466100,peripheral,0.5,4,0.42327663,"Колено 2; входящих связей 1, исходящих 0; вход 30,000 KZT. Пороги значимых ролей не достигнуты.",2,False,1,0,30000,0,1,0,0.000302230178561,0,True,0,True,False,False,9,0,False,0,0,0,0,1,1,0,30000,0,0.266233766234,1,peripheral,1,none,0.03,0.20762050593,0.121332281665,0.0643238434164,0,1
100000001346560100,peripheral,0.5,4,0.54100884,"Колено 2; входящих связей 2, исходящих 1; вход 10,000 KZT. Пороги значимых ролей не достигнуты.",2,False,2,1,10000,22200,2,1,0.000582977812081,2.57590906803e-05,True,2.22,True,False,True,11,0,False,0,0,0.5,2,1,0.689440993789,0.666666666667,5000,22200,0.290043290043,1,peripheral,0,unobserved_funding;fast_temporal_match,0.03,0.224060156295,0.122165176048,0.131450177936,0.0333333333333,1
100000001362940100,terminal,0.534444,4,0.56002402,"Колено 1; вход 81,000 KZT; исходящих связей 0, выход/вход=0.00. Получатель в видимой выборке.",1,False,1,0,81000,0,1,0,0.000300125301308,0,True,0,True,False,False,10,1,False,0,0,0,0,1,1,0,81000,0,0.495762711864,1,terminal,1,none,0.15,0.216214476165,0.133022176049,0.060787366548,0,1
100000001363952100,peripheral,0.5,22,0.43316466,"Колено 1; входящих связей 2, исходящих 1; вход 196,655 KZT. Пороги значимых ролей не достигнуты.",1,False,2,1,196655,91000,2,2,0.000305404600224,1.92202445845e-05,True,0.462739315044,True,False,False,7,1,False,0,1,0,0,1,0.443239297075,0,98327.5,45500,0.743644067797,2,peripheral,2,none,0.03,0.1875,0.147937790865,0.0677268683274,0,1
100000001373265100,peripheral,0.5,7,0.43404308,"Колено 3; входящих связей 1, исходящих 1; вход 142,482 KZT. Пороги значимых ролей не достигнуты.",3,False,1,1,142482,5000,1,1,0.000312798240571,1.92202445845e-05,True,0.0350921519911,True,False,False,7,0,False,0,0,0,0,1,0.966097557668,0.5,142482,5000,0.618504435995,1,peripheral,1,none,0.03,0.1875,0.140075104579,0.0764679715302,0,1
100000001378288100,peripheral,0.25,18,0.48284324,"4-е колено: исходящие не выгружены. Вход 1 плательщиков, 268,000 KZT. Роль за границей обхода не установлена.",4,False,1,0,268000,0,3,0,0.000520299084389,0,True,0,True,True,False,7,0,False,0,1,0,0,1,0.932835820896,0.666666666667,89333.3333333,0,0.878378378378,1,peripheral,0,truncated_depth4,0.03,0.1875,0.147104804487,0.118238434164,0,1
100000001379511100,terminal,0.505556,31,0.53395983,"Колено 3; вход 55,000 KZT; исходящих связей 0, выход/вход=0.00. Получатель в видимой выборке.",3,False,1,0,55000,0,1,0,0.000305611926007,0,True,0,True,False,False,7,0,False,0,0,0,0,1,1,0,55000,0,0.432826362484,1,terminal,0,none,0.15,0.1875,0.128466058137,0.067993772242,0,1
100000001380054100,peripheral,0.5,28,0.41715763,"Колено 1; входящих связей 2, исходящих 3; вход 127,050 KZT. Пороги значимых ролей не достигнуты.",1,False,2,3,127050,360000,2,4,0.000711185443227,2.77405591942e-06,True,2.83353010626,True,False,True,1,1,True,2,1,0,0,1,0.425110358279,0.166666666667,63525,90000,0.838983050847,1,peripheral,0,unobserved_funding;directed_cycle,0.03,0.0625,0.154135685254,0.1371886121,0.0333333333333,1
100000001380107100,peripheral,0.5,19,0.37863263,"Колено 3; входящих связей 1, исходящих 0; вход 6,000 KZT. Пороги значимых ролей не достигнуты.",3,False,1,0,6000,0,1,0,0.000289377155034,0,True,0,True,False,False,10,0,False,0,0,0,0,1,1,1,6000,0,0.0177439797212,1,peripheral,0,none,0.03,0.216214476165,0.102391466514,0.0300266903915,0,1
100000001380986100,terminal,0.522411,2,0.37953133,"Колено 2; вход 70,170 KZT; исходящих связей 0, выход/вход=0.00. Получатель в видимой выборке.",2,False,1,0,70170,0,1,0,0.000290596261252,0,True,0,True,False,False,1,0,False,0,0,0,0,1,1,0,70170,0,0.454545454545,1,terminal,1,none,0.15,0.0625,0.131332932977,0.0356983985765,0,1
100000001382002100,transit,0.715909,1,0.6731372,"Вход 55,000 KZT; выход/вход=1.03; сопоставлено за 1–2 дня 0%. Признаки транзита.",2,False,1,1,55000,56500,2,3,0.000658061406174,0,True,1.02727272727,True,False,False,7,0,True,1,2,0,0,1,0.358744394619,0.2,27500,18833.3333333,0.558441558442,1,transit,0,directed_cycle,0.18,0.1875,0.1367834002,0.135520462633,0.0333333333333,1
100000001384826100,terminal,0.849178,5,0.53978095,"Колено 3; вход 364,260 KZT; исходящих связей 1, выход/вход=0.03. Получатель в видимой выборке.",3,False,1,1,364260,10000,1,1,0.000295744981027,1.92202445845e-05,True,0.0274529182452,True,False,False,7,0,False,0,0,0,0,1,0.973280607065,0,364260,10000,0.811153358682,1,terminal,1,none,0.15,0.1875,0.151035400259,0.0512455516014,0,1
100000001386612100,terminal,0.513627,23,0.57745719,"Колено 2; вход 62,264 KZT; исходящих связей 0, выход/вход=0.00. Получатель в видимой выборке.",2,False,1,0,62264,0,1,0,0.000430968393541,0,True,0,True,False,False,7,0,False,0,0,0,0,1,1,0,62264,0,0.435064935065,1,terminal,0,none,0.15,0.1875,0.129926050363,0.11003113879,0,1
100000001389255100,peripheral,0.5,8,0.22595105,"Колено 1; входящих связей 1, исходящих 0; вход 16,136 KZT. Пороги значимых ролей не достигнуты.",1,False,1,0,16136,0,1,0,0.000287398658958,0,True,0,True,False,False,1,1,False,0,0,0,0,1,1,0,16136,0,0.0953389830508,1,peripheral,1,none,0.03,0.0625,0.114033786717,0.0194172597865,0,1
100000001411870100,terminal,1,9,0.52459082,"Колено 1; вход 900,000 KZT; исходящих связей 0, выход/вход=0.00. Получатель в видимой выборке.",1,False,2,0,900000,0,4,0,0.000475211558795,0,True,0,True,False,False,2,1,False,0,1,0,0,1,0.777777777778,0,225000,0,0.911016949153,1,terminal,0,none,0.15,0.0990601562951,0.161362516399,0.114168149466,0,1
100000001415126100,peripheral,0.5,23,0.26681248,"Колено 0; входящих связей 1, исходящих 0; вход 27,000 KZT. Пороги значимых ролей не достигнуты.",0,True,1,0,27000,0,1,0,0.000407179480873,0,True,0,False,False,False,7,0,False,0,0,0,0,1,1,0,27000,0,0.308641975309,1,peripheral,0,seed,0.03,0.1875,0.120092277808,0.10709519573,0,0.6
100000001418900100,peripheral,0.5,20,0.2719745,"Колено 2; входящих связей 1, исходящих 0; вход 40,140 KZT. Пороги значимых ролей не достигнуты.",2,False,1,0,40140,0,2,0,0.000297567523476,0,True,0,True,False,False,1,0,False,0,1,0,0,1,0.534130543099,0,20070,0,0.329004329004,1,peripheral,1,none,0.03,0.0625,0.124759196996,0.0547153024911,0,1
100000001420847100,peripheral,0.5,11,0.39644912,"Колено 2; входящих связей 1, исходящих 0; вход 20,000 KZT. Пороги значимых ролей не достигнуты.",2,False,1,0,20000,0,2,0,0.00030118046643,0,True,0,True,False,False,7,0,False,0,1,0,0,1,0.5,0,10000,0,0.154761904762,1,peripheral,0,none,0.03,0.1875,0.116560329835,0.0623887900356,0,1
100000001427082100,peripheral,0.5,19,0.46697965,"Колено 3; входящих связей 1, исходящих 5; вход 5,000 KZT. Пороги значимых ролей не достигнуты.",3,False,1,5,5000,124900,1,6,0.000436654128209,7.84661531493e-05,True,24.98,True,False,True,7,0,False,0,1,0,0,1,0.461893764434,0.428571428571,5000,20816.6666667,0.591888466413,1,peripheral,0,unobserved_funding,0.03,0.1875,0.138581072537,0.110898576512,0,1
100000001429930100,peripheral,0.5,22,0.25877908,"Колено 0; входящих связей 1, исходящих 0; вход 26,000 KZT. Пороги значимых ролей не достигнуты.",0,True,1,0,26000,0,1,0,0.000348790422477,0,True,0,False,False,False,7,0,False,0,0,0,0,1,1,0,26000,0,0.296296296296,1,peripheral,0,seed,0.03,0.1875,0.119648107326,0.0941503558719,0,0.6
100000001439416100,peripheral,0.5,1,0.48460346,"Колено 3; входящих связей 1, исходящих 2; вход 10,000 KZT. Пороги значимых ролей не достигнуты.",3,False,1,2,10000,165000,1,3,0.000341106422328,1.98146851387e-05,True,16.5,True,False,True,7,0,True,1,1,0,0,1,0.857142857143,0.25,10000,55000,0.662864385298,1,peripheral,1,unobserved_funding;directed_cycle,0.03,0.1875,0.142088627337,0.0916814946619,0.0333333333333,1
100000001445848100,peripheral,0.5,13,0.5488225,"Колено 3; входящих связей 1, исходящих 1; вход 546,000 KZT. Пороги значимых ролей не достигнуты.",3,False,1,1,546000,351850,13,14,0.000696365453143,0,True,0.644413919414,True,False,False,7,0,True,1,2,0.341575091575,1.62198391421,1,0.267305229159,0.148148148148,42000,25132.1428571,0.934093789607,1,peripheral,0,directed_cycle,0.03,0.1875,0.16133436661,0.13665480427,0.0333333333333,1
100000001463701100,terminal,1,16,0.63549814,"Колено 1; вход 621,000 KZT; исходящих связей 0, выход/вход=0.00. Получатель в видимой выборке.",1,False,2,0,621000,0,2,0,0.000568859145191,0,True,0,True,False,False,8,1,False,0,0,0,0,2,1,0,310500,0,0.875,1,terminal,1,none,0.15,0.19812031259,0.156995264123,0.130382562278,0,1
100000001471706100,peripheral,0.25,23,0.50405251,"4-е колено: исходящие не выгружены. Вход 1 плательщиков, 377,000 KZT. Роль за границей обхода не установлена.",4,False,1,0,377000,0,8,0,0.00053691390317,0,True,0,True,True,False,8,0,False,0,1,0,0,1,0.663129973475,0,47125,0,0.918918918919,1,peripheral,0,truncated_depth4,0.03,0.19812031259,0.151121252469,0.12481094306,0,1
100000001477796100,terminal,0.646667,4,0.44172728,"Колено 1; вход 182,000 KZT; исходящих связей 0, выход/вход=0.00. Получатель в видимой выборке.",1,False,1,0,182000,0,1,0,0.000328835879747,0,True,0,True,False,False,1,1,False,0,0,0,0,1,1,0,182000,0,0.656779661017,1,terminal,1,none,0.15,0.0625,0.142550235486,0.0866770462633,0,1
100000001484381100,terminal,0.55065,14,0.55507756,"Колено 3; вход 95,585 KZT; исходящих связей 0, выход/вход=0.00. Получатель в видимой выборке.",3,False,2,0,95585,0,4,0,0.000319510401232,0,True,0,True,False,False,7,0,False,0,1,0,0,1,0.505309410472,0,23896.25,0,0.528517110266,1,terminal,2,none,0.15,0.1875,0.13497080251,0.0826067615658,0,1
100000001490461100,peripheral,0.5,14,0.43901343,"Колено 2; входящих связей 1, исходящих 1; вход 20,000 KZT. Пороги значимых ролей не достигнуты.",2,False,1,1,20000,5000,1,1,0.000319216539596,2.1994300504e-05,True,0.25,True,False,False,9,0,False,0,0,0,0,1,0.8,0.5,20000,5000,0.214285714286,1,peripheral,0,none,0.03,0.20762050593,0.119186514696,0.082206405694,0,1
100000001498732100,peripheral,0.25,31,0.34102058,"4-е колено: исходящие не выгружены. Вход 1 плательщиков, 5,500 KZT. Роль за границей обхода не установлена.",4,False,1,0,5500,0,1,0,0.000287852620448,0,True,0,True,True,False,7,0,False,0,0,0,0,1,1,1,5500,0,0.0709459459459,1,peripheral,0,truncated_depth4,0.03,0.1875,0.101367558745,0.022153024911,0,1
100000001524952100,terminal,0.559786,1,0.53869999,"Колено 1; вход 103,807 KZT; исходящих связей 0, выход/вход=0.00. Получатель в видимой выборке.",1,False,1,0,103807,0,1,0,0.000303365041317,0,True,0,True,False,False,7,1,False,0,0,0,0,1,1,0,103807,0,0.565677966102,1,terminal,1,none,0.15,0.1875,0.135941987867,0.0652580071174,0,1
100000001526235100,peripheral,0.5,26,0.54674549,"Колено 2; входящих связей 3, исходящих 8; вход 82,000 KZT. Пороги значимых ролей не достигнуты.",2,False,3,8,82000,432750,4,9,0.000872288053856,0.000256600172546,True,5.27743902439,True,False,True,7,0,True,3,2,0.481707317073,1.78481012658,1,0.601262748907,0.307692307692,20500,48083.3333333,0.829004329004,1,peripheral,0,unobserved_funding;directed_cycle,0.03,0.1875,0.154786712253,0.14112544484,0.0333333333333,1
100000001527186100,terminal,1,4,0.63227266,"Колено 1; вход 678,000 KZT; исходящих связей 0, выход/вход=0.00. Получатель в видимой выборке.",1,False,1,0,678000,0,2,0,0.000418699094882,0,True,0,True,False,False,10,1,False,0,1,0,0,1,1,0,339000,0,0.887711864407,1,terminal,1,none,0.15,0.216214476165,0.158028821082,0.108029359431,0,1
100000001530709100,terminal,0.504401,1,0.48188928,"Колено 3; вход 53,961 KZT; исходящих связей 0, выход/вход=0.00. Получатель в видимой выборке.",3,False,1,0,53961,0,1,0,0.000287055268776,0,True,0,True,False,False,7,0,False,0,0,0,0,1,1,0,53961,0,0.427122940431,1,terminal,1,none,0.15,0.1875,0.128241597563,0.0161476868327,0,1
100000001530740100,peripheral,0.5,3,0.44998068,"Колено 2; входящих связей 1, исходящих 0; вход 15,000 KZT. Пороги значимых ролей не достигнуты.",2,False,1,0,15000,0,1,0,0.000526693501815,0,True,0,True,False,False,7,0,False,0,0,0,0,1,1,0,15000,0,0.108225108225,1,peripheral,0,none,0.03,0.1875,0.113174633106,0.119306049822,0,1
100000001530983100,distributor,0.516667,19,0.69579364,"Переводы 11 получателям; 17 операций; 1,829,538 KZT. Признаки веерного распределения.",1,False,4,11,564158,1829538,4,17,0.00035407433473,0.000332072106608,True,3.24295321523,True,False,True,7,2,False,0,1,0.0820514820316,2,1,0.271546595725,0,141039.5,107619.882353,0.978813559322,4,distributor,4,unobserved_funding,0.24,0.1875,0.172875486577,0.0954181494662,0,1
100000001533161100,peripheral,0.25,38,0.43681007,"4-е колено: исходящие не выгружены. Вход 1 плательщиков, 100,000 KZT. Роль за границей обхода не установлена.",4,False,1,0,100000,0,1,0,0.000322546024737,0,True,0,True,True,False,7,0,False,0,0,0,0,1,1,0,100000,0,0.728603603604,1,peripheral,0,truncated_depth4,0.03,0.1875,0.135502243335,0.0838078291815,0,1
100000001534244100,terminal,0.851111,2,0.59160571,"Колено 3; вход 366,000 KZT; исходящих связей 1, выход/вход=0.12. Получатель в видимой выборке.",3,False,2,1,366000,45000,2,1,0.000339680986679,2.15980068012e-05,True,0.122950819672,True,False,False,8,0,False,0,0,0,0,2,0.890510948905,0,183000,45000,0.828263624842,1,terminal,2,none,0.15,0.19812031259,0.152137528611,0.0913478647687,0,1
100000001537524100,peripheral,0.25,2,0.4219089,"4-е колено: исходящие не выгружены. Вход 1 плательщиков, 150,000 KZT. Роль за границей обхода не установлена.",4,False,1,0,150000,0,1,0,0.000297054305595,0,True,0,True,True,False,8,0,False,0,0,0,0,1,1,0,150000,0,0.795045045045,1,peripheral,1,truncated_depth4,0.03,0.19812031259,0.140274352086,0.0535142348754,0,1
100000001538095100,terminal,0.755556,2,0.59171771,"Колено 3; вход 280,000 KZT; исходящих связей 0, выход/вход=0.00. Получатель в видимой выборке.",3,False,2,0,280000,0,2,0,0.000328309314823,0,True,0,True,False,False,9,0,False,0,0,0,0,2,1,0,140000,0,0.747782002535,1,terminal,2,none,0.15,0.20762050593,0.147620340423,0.0864768683274,0,1
100000001541418100,terminal,0.552111,2,0.53642165,"Колено 2; вход 96,900 KZT; исходящих связей 0, выход/вход=0.00. Получатель в видимой выборке.",2,False,2,0,96900,0,2,0,0.000301921955306,0,True,0,True,False,False,7,0,False,0,0,0,0,1,0.515995872033,0,48450,0,0.532467532468,2,terminal,2,none,0.15,0.1875,0.135131615645,0.0637900355872,0,1
100000001549194100,peripheral,0.5,15,0.3976379,"Колено 3; входящих связей 1, исходящих 0; вход 46,500 KZT. Пороги значимых ролей не достигнуты.",3,False,1,0,46500,0,1,0,0.000297135730414,0,True,0,True,False,False,7,0,False,0,0,0,0,1,1,0,46500,0,0.37515842839,1,peripheral,1,none,0.03,0.1875,0.126490212395,0.0536476868327,0,1
100000001550388100,terminal,0.5,1,0.5101179,"Колено 1; вход 50,000 KZT; исходящих связей 0, выход/вход=0.00. Получатель в видимой выборке.",1,False,1,0,50000,0,1,0,0.000293346811195,0,True,0,True,False,False,7,1,False,0,0,0,0,1,1,0,50000,0,0.380296610169,1,terminal,1,none,0.15,0.1875,0.127344320171,0.0452735765125,0,1
100000001550419100,peripheral,0.5,15,0.37093651,"Колено 3; входящих связей 1, исходящих 0; вход 23,000 KZT. Пороги значимых ролей не достигнуты.",3,False,1,0,23000,0,1,0,0.000290516143907,0,True,0,True,False,False,7,0,False,0,0,0,0,1,1,0,23000,0,0.200253485425,1,peripheral,1,none,0.03,0.1875,0.118205190358,0.035231316726,0,1
100000001554432100,terminal,0.504356,4,0.54329054,"Колено 1; вход 53,920 KZT; исходящих связей 0, выход/вход=0.00. Получатель в видимой выборке.",1,False,1,0,53920,0,1,0,0.000294746778142,0,True,0,True,False,False,10,1,False,0,0,0,0,1,1,0,53920,0,0.411016949153,1,terminal,1,none,0.15,0.216214476165,0.12823265172,0.0488434163701,0,1
100000001557930100,peripheral,0.5,21,0.25081268,"Колено 2; входящих связей 1, исходящих 0; вход 34,610 KZT. Пороги значимых ролей не достигнуты.",2,False,1,0,34610,0,1,0,0.000290552917437,0,True,0,True,False,False,1,0,False,0,0,0,0,1,1,0,34610,0,0.30303030303,1,peripheral,1,none,0.03,0.0625,0.123014633141,0.0352980427046,0,1
100000001567366100,terminal,1,3,0.59818103,"Колено 1; вход 824,070 KZT; исходящих связей 0, выход/вход=0.00. Получатель в видимой выборке.",1,False,1,0,824070,0,4,0,0.000372057059393,0,True,0,True,False,False,7,1,False,0,1,0,0,1,0.601054522067,0,206017.5,0,0.904661016949,1,terminal,1,none,0.15,0.1875,0.160325156545,0.100355871886,0,1
100000001578517100,peripheral,0.5,19,0.36722419,"Колено 2; входящих связей 1, исходящих 0; вход 30,000 KZT. Пороги значимых ролей не достигнуты.",2,False,1,0,30000,0,1,0,0.000288972468699,0,True,0,True,False,False,7,0,False,0,0,0,0,1,1,0,30000,0,0.266233766234,1,peripheral,1,none,0.03,0.1875,0.121332281665,0.0283919039146,0,1
100000001584286100,terminal,1,10,0.59276772,"Колено 2; вход 738,699 KZT; исходящих связей 0, выход/вход=0.00. Получатель в видимой выборке.",2,False,2,0,738699,0,3,0,0.000326620978483,0,True,0,True,False,False,8,0,False,0,1,0,0,1,0.864628217989,0,246233,0,0.867965367965,2,terminal,2,none,0.15,0.19812031259,0.159037980334,0.085609430605,0,1
100000001590795100,peripheral,0.25,10,0.20696556,"4-е колено: исходящие не выгружены. Вход 1 плательщиков, 5,060 KZT. Роль за границей обхода не установлена.",4,False,1,0,5060,0,1,0,0.000286727402213,0,True,0,True,True,False,1,0,False,0,0,0,0,1,1,1,5060,0,0.0472972972973,1,peripheral,1,truncated_depth4,0.03,0.0625,0.100386379516,0.0140791814947,0,1
100000001597424100,peripheral,0.5,15,0.3991704,"Колено 3; входящих связей 1, исходящих 0; вход 48,100 KZT. Пороги значимых ролей не достигнуты.",3,False,1,0,48100,0,1,0,0.000297586425665,0,True,0,True,False,False,7,0,False,0,0,0,0,1,1,0,48100,0,0.392902408112,1,peripheral,1,none,0.03,0.1875,0.126888366768,0.0547820284698,0,1
100000001597505100,peripheral,0.5,13,0.42932269,"Колено 2; входящих связей 1, исходящих 1; вход 26,460 KZT. Пороги значимых ролей не достигнуты.",2,False,1,1,26460,12920,1,1,0.000313023089125,9.78845445852e-06,True,0.48828420257,True,False,False,8,0,False,0,0,0,0,1,0.671914677501,0,26460,12920,0.324675324675,2,peripheral,1,none,0.03,0.19812031259,0.124534224238,0.0766681494662,0,1
100000001598625100,peripheral,0.25,7,0.44608376,"4-е колено: исходящие не выгружены. Вход 1 плательщиков, 25,000 KZT. Роль за границей обхода не установлена.",4,False,1,0,25000,0,1,0,0.000426347715739,0,True,0,True,True,False,7,0,False,0,0,0,0,1,1,0,25000,0,0.433558558559,1,peripheral,0,truncated_depth4,0.03,0.1875,0.119186514696,0.109397241993,0,1
100000001600934100,peripheral,0.5,1,0.5429025,"Колено 3; входящих связей 1, исходящих 1; вход 180,300 KZT. Пороги значимых ролей не достигнуты.",3,False,1,1,180300,11000,2,1,0.00251020484112,0,True,0.0610094287299,True,False,False,7,0,True,1,1,0,0,1,0.522739153163,0,90150,11000,0.680608365019,1,peripheral,0,directed_cycle,0.03,0.1875,0.143136782617,0.148932384342,0.0333333333333,1
100000001601320100,peripheral,0.5,9,0.36638039,"Колено 2; входящих связей 2, исходящих 1; вход 43,500 KZT. Пороги значимых ролей не достигнуты.",2,False,2,1,43500,46200,2,1,0.000806330335147,9.90734256935e-07,True,1.06206896552,True,False,False,1,0,False,0,0,0,0,1,0.515050167224,0.333333333333,21750,46200,0.502164502165,1,peripheral,0,none,0.03,0.0625,0.134222911987,0.13965747331,0,1
100000001609499100,terminal,0.736792,1,0.60069826,"Колено 1; вход 263,113 KZT; исходящих связей 2, выход/вход=0.08. Получатель в видимой выборке.",1,False,3,2,263113,21000,3,2,0.000319110675555,0.000184223171747,True,0.0798136162029,True,False,False,7,1,True,1,0,0.0380064839062,2,1,0.399559330266,0,87704.3333333,10500,0.737288135593,2,terminal,4,directed_cycle,0.15,0.1875,0.147791968829,0.0820729537367,0.0333333333333,1
100000001611488100,terminal,1,5,0.63822644,"Колено 3; вход 779,300 KZT; исходящих связей 0, выход/вход=0.00. Получатель в видимой выборке.",3,False,2,0,779300,0,3,0,0.000871594108737,0,True,0,True,False,False,7,0,False,0,1,0,0,1,0.35801360195,0,259766.666667,0,0.910012674271,2,terminal,2,none,0.15,0.1875,0.159667716558,0.141058718861,0,1
100000001616816100,consolidator,0.5,9,0.49130616,"Вход от 5 плательщиков (seed: 0); 176,195 KZT; исходящих связей 3. Признаки консолидации.",0,True,5,3,176195,181326,12,10,0.00241194126346,0.000104700965277,True,1.02912114419,False,False,False,10,0,True,2,3,0.464031328925,1.58495596869,1,0.296486080538,0.5,14682.9166667,18132.6,0.679012345679,2,consolidator,1,seed;directed_cycle,0.27,0.216214476165,0.150496865962,0.148798932384,0.0333333333333,0.6
100000001632325100,terminal,0.539556,6,0.40015359,"Колено 3; вход 85,600 KZT; исходящих связей 0, выход/вход=0.00. Получатель в видимой выборке.",3,False,1,0,85600,0,3,0,0.000297299767713,0,True,0,True,False,False,1,0,False,0,1,0,0,1,0.883177570093,0,28533.3333333,0,0.501901140684,1,terminal,1,none,0.15,0.0625,0.13367227345,0.053981316726,0,1
100000001633685100,peripheral,0.5,13,0.41019683,"Колено 2; входящих связей 3, исходящих 0; вход 45,000 KZT. Пороги значимых ролей не достигнуты.",2,False,3,0,45000,0,3,0,0.00030451858056,0,True,0,True,False,False,7,0,False,0,0,0,0,1,0.622222222222,0.333333333333,15000,0,0.337662337662,2,peripheral,2,none,0.03,0.1875,0.126104298878,0.0665925266904,0,1
100000001637376100,peripheral,0.5,5,0.38973138,"Колено 3; входящих связей 1, исходящих 1; вход 116,700 KZT. Пороги значимых ролей не достигнуты.",3,False,1,1,116700,234250,1,2,0.000287788222554,1.92202445845e-05,True,2.00728363325,True,False,True,7,0,False,0,1,0,0,1,0.663057415586,0,116700,117125,0.798479087452,1,peripheral,1,unobserved_funding,0.03,0.1875,0.150278537163,0.0219528469751,0,1
100000001639766100,peripheral,0.5,21,0.34391353,"Колено 3; входящих связей 1, исходящих 0; вход 20,000 KZT. Пороги значимых ролей не достигнуты.",3,False,1,0,20000,0,1,0,0.000647182331562,0,True,0,True,False,False,1,0,False,0,0,0,0,1,1,0,20000,0,0.17237008872,1,peripheral,0,none,0.03,0.0625,0.116560329835,0.134853202847,0,1
100000001641789100,peripheral,0.5,9,0.48443522,"Колено 1; входящих связей 1, исходящих 0; вход 17,826 KZT. Пороги значимых ролей не достигнуты.",1,False,1,0,17826,0,1,0,0.000485585886237,0,True,0,True,False,False,11,1,False,0,0,0,0,1,1,0,17826,0,0.116525423729,1,peripheral,1,none,0.03,0.224060156295,0.11520602822,0.115169039146,0,1
100000001641951100,peripheral,0.5,4,0.45351802,"Колено 2; входящих связей 1, исходящих 0; вход 25,000 KZT. Пороги значимых ролей не достигнуты.",2,False,1,0,25000,0,4,0,0.000317279363847,0,True,0,True,False,False,11,0,False,0,1,0,0,1,0.4,0.75,6250,0,0.214285714286,1,peripheral,0,none,0.03,0.224060156295,0.119186514696,0.0802713523132,0,1
100000001648936100,terminal,0.547489,21,0.40997105,"Колено 2; вход 92,740 KZT; исходящих связей 0, выход/вход=0.00. Получатель в видимой выборке.",2,False,1,0,92740,0,1,0,0.000301496201112,0,True,0,True,False,False,1,0,False,0,0,0,0,1,1,0,92740,0,0.512987012987,1,terminal,1,none,0.15,0.0625,0.134615176815,0.0628558718861,0,1
100000001650895100,peripheral,0.5,14,0.4489714,"Колено 3; входящих связей 1, исходящих 1; вход 153,500 KZT. Пороги значимых ролей не достигнуты.",3,False,1,1,153500,10000,1,1,0.000307581348667,2.1994300504e-05,True,0.0651465798046,True,False,False,9,0,False,0,0,0,0,1,0.938837920489,0,153500,10000,0.648922686946,1,peripheral,0,none,0.03,0.20762050593,0.141288619612,0.0700622775801,0,1
100000001660397100,peripheral,0.5,1,0.43162351,"Колено 1; входящих связей 2, исходящих 3; вход 48,600 KZT. Пороги значимых ролей не достигнуты.",1,False,2,3,48600,49000,2,4,0.000293545212147,0.000503295133351,True,1.00823045267,True,False,False,7,1,True,1,1,0.246913580247,1,1,0.433401639344,0,24300,12250,0.552966101695,2,peripheral,4,directed_cycle,0.03,0.1875,0.135216331803,0.0455738434164,0.0333333333333,1
100000001669260100,peripheral,0.25,18,0.37625948,"4-е колено: исходящие не выгружены. Вход 1 плательщиков, 500,000 KZT. Роль за границей обхода не установлена.",4,False,1,0,500000,0,1,0,0.000556729407298,0,True,0,True,True,False,1,0,False,0,0,0,0,1,1,0,500000,0,0.949324324324,1,peripheral,0,truncated_depth4,0.03,0.0625,0.154444533449,0.129314946619,0,1
100000001674850100,terminal,0.707778,2,0.56964577,"Колено 3; вход 237,000 KZT; исходящих связей 0, выход/вход=0.00. Получатель в видимой выборке.",3,False,2,0,237000,0,2,0,0.000312392668726,0,True,0,True,False,False,8,0,False,0,0,0,0,2,1,0,118500,0,0.714828897338,1,terminal,2,none,0.15,0.19812031259,0.145658014794,0.0758674377224,0,1
100000001677389100,peripheral,0.5,13,0.34807264,"Колено 3; входящих связей 1, исходящих 1; вход 11,000 KZT. Пороги значимых ролей не достигнуты.",3,False,1,1,11000,5400,1,1,0.000287076948203,1.92202445845e-05,True,0.490909090909,True,False,False,7,0,False,0,0,0,0,1,0.670731707317,0.5,11000,5400,0.128010139417,1,peripheral,0,none,0.03,0.1875,0.114224777765,0.0163478647687,0,1
100000001677929100,peripheral,0.5,9,0.42795771,"Колено 2; входящих связей 3, исходящих 2; вход 126,777 KZT. Пороги значимых ролей не достигнуты.",2,False,3,2,126777,286098,3,4,0.00348970661743,1.18888110832e-06,True,2.25670271421,True,False,True,1,0,True,2,1,0,0,1,0.373418104753,0.285714285714,42259,71524.5,0.796536796537,1,peripheral,0,unobserved_funding;directed_cycle,0.03,0.0625,0.152191099648,0.149933274021,0.0333333333333,1
100000001680944100,terminal,0.881111,2,0.60184661,"Колено 3; вход 393,000 KZT; исходящих связей 0, выход/вход=0.00. Получатель в видимой выборке.",3,False,1,0,393000,0,1,0,0.000343654065388,0,True,0,True,False,False,9,0,False,0,0,0,0,1,1,0,393000,0,0.817490494297,1,terminal,1,none,0.15,0.20762050593,0.151610446396,0.092615658363,0,1
100000001684867100,peripheral,0.5,3,0.3577961,"Колено 1; входящих связей 1, исходящих 0; вход 30,550 KZT. Пороги значимых ролей не достигнуты.",1,False,1,0,30550,0,1,0,0.000287300472713,0,True,0,True,False,False,7,1,False,0,0,0,0,1,1,0,30550,0,0.247881355932,1,peripheral,1,none,0.03,0.1875,0.121546095869,0.01875,0,1
100000001686328100,terminal,0.6,2,0.5742848,"Колено 3; вход 140,000 KZT; исходящих связей 0, выход/вход=0.00. Получатель в видимой выборке.",3,False,1,0,140000,0,1,0,0.000313326041523,0,True,0,True,False,False,9,0,False,0,0,0,0,1,1,0,140000,0,0.605830164766,1,terminal,0,none,0.15,0.20762050593,0.139462341598,0.0772019572954,0,1
100000001688676100,terminal,0.593,11,0.54568199,"Колено 3; вход 133,700 KZT; исходящих связей 0, выход/вход=0.00. Получатель в видимой выборке.",3,False,1,0,133700,0,1,0,0.000306739875266,0,True,0,True,False,False,7,0,False,0,0,0,0,1,1,0,133700,0,0.599493029151,1,terminal,1,none,0.15,0.1875,0.138920428428,0.0692615658363,0,1
100000001689968100,terminal,0.827038,1,0.57796824,"Колено 3; вход 344,334 KZT; исходящих связей 0, выход/вход=0.00. Получатель в видимой выборке.",3,False,3,0,344333.75,0,3,0,0.000337221426428,0,True,0,True,False,False,7,0,False,0,0,0,0,1,0.548209404393,0,114777.916667,0,0.787072243346,2,terminal,3,none,0.15,0.1875,0.150054535058,0.0904137010676,0,1
100000001690439100,peripheral,0.5,1,0.44399758,"Колено 3; входящих связей 1, исходящих 0; вход 14,200 KZT. Пороги значимых ролей не достигнуты.",3,False,1,0,14200,0,1,0,0.000474100250921,0,True,0,True,False,False,7,0,False,0,0,0,0,1,1,0,14200,0,0.0944233206591,1,peripheral,1,none,0.03,0.1875,0.112529608201,0.11396797153,0,1
100000001690558100,terminal,1,11,0.60412097,"Колено 3; вход 740,000 KZT; исходящих связей 0, выход/вход=0.00. Получатель в видимой выборке.",3,False,1,0,740000,0,1,0,0.000409690592957,0,True,0,True,False,False,7,0,False,0,0,0,0,1,1,0,740000,0,0.903675538657,1,terminal,1,none,0.15,0.1875,0.159058690685,0.10756227758,0,1
100000001696818100,terminal,0.503944,4,0.39436602,"Колено 1; вход 53,550 KZT; исходящих связей 0, выход/вход=0.00. Получатель в видимой выборке.",1,False,1,0,53550,0,1,0,0.000297218490921,0,True,0,True,False,False,1,1,False,0,0,0,0,1,1,0,53550,0,0.406779661017,1,terminal,1,none,0.15,0.0625,0.12815161189,0.0537144128114,0,1
100000001697501100,distributor,0.966667,20,0.63579773,"Переводы 38 получателям; 55 операций; 1,482,606 KZT. Признаки веерного распределения.",1,False,3,38,123700,1482606,3,55,0.000587937540492,0.000205478284888,True,11.9854971706,True,False,True,1,1,True,3,7,0.45432497979,1.55516014235,1,0.165597339486,0.103448275862,41233.3333333,26956.4727273,0.953389830508,3,distributor,2,unobserved_funding;directed_cycle,0.24,0.0625,0.16818059203,0.131783807829,0.0333333333333,1
100000001703168100,peripheral,0.5,1,0.42736765,"Колено 2; входящих связей 1, исходящих 1; вход 45,000 KZT. Пороги значимых ролей не достигнуты.",2,False,1,1,45000,90000,1,1,0.000291083779523,1.92202445845e-05,True,2,True,False,True,7,0,False,0,0,1,2,1,0.666666666667,0,45000,90000,0.585497835498,1,peripheral,1,unobserved_funding;fast_temporal_match,0.03,0.1875,0.139034313357,0.0375,0.0333333333333,1
100000001714173100,terminal,1,2,0.64519943,"Колено 3; вход 638,905 KZT; исходящих связей 0, выход/вход=0.00. Получатель в видимой выборке.",3,False,1,0,638905,0,6,0,0.000567261904039,0,True,0,True,False,False,9,0,False,0,1,0,0,1,0.37931304341,0,106484.166667,0,0.896070975919,1,terminal,0,none,0.15,0.20762050593,0.15732980985,0.13024911032,0,1
100000001714413100,terminal,0.722413,5,0.52496454,"Колено 3; вход 250,172 KZT; исходящих связей 0, выход/вход=0.00. Получатель в видимой выборке.",3,False,1,0,250172,0,1,0,0.000292078109721,0,True,0,True,False,False,7,0,False,0,0,0,0,1,1,0,250172,0,0.730038022814,1,terminal,1,none,0.15,0.1875,0.146294610773,0.0411699288256,0,1
100000001714883100,peripheral,0.25,10,0.21782174,"4-е колено: исходящие не выгружены. Вход 1 плательщиков, 6,900 KZT. Роль за границей обхода не установлена.",4,False,1,0,6900,0,1,0,0.000287705584956,0,True,0,True,True,False,1,0,False,0,0,0,0,1,1,1,6900,0,0.105855855856,1,peripheral,1,truncated_depth4,0.03,0.0625,0.104036147972,0.0212855871886,0,1
100000001716579100,peripheral,0.5,8,0.220339,"Колено 1; входящих связей 1, исходящих 0; вход 13,916 KZT. Пороги значимых ролей не достигнуты.",1,False,1,0,13916,0,1,0,0.000286936215005,0,True,0,True,False,False,1,1,False,0,0,0,0,1,1,0,13916,0,0.0550847457627,1,peripheral,1,none,0.03,0.0625,0.112291848036,0.0155471530249,0,1
100000001724740100,peripheral,0.25,2,0.50367277,"4-е колено: исходящие не выгружены. Вход 1 плательщиков, 185,000 KZT. Роль за границей обхода не установлена.",4,False,1,0,185000,0,4,0,0.000533298613023,0,True,0,True,True,False,9,0,False,0,1,0,0,1,0.702702702703,0.25,46250,0,0.826576576577,1,peripheral,0,truncated_depth4,0.03,0.20762050593,0.142742656681,0.123309608541,0,1
100000001726614100,terminal,0.598574,11,0.5290337,"Колено 3; вход 138,717 KZT; исходящих связей 0, выход/вход=0.00. Получатель в видимой выборке.",3,False,1,0,138717,0,1,0,0.00029624555699,0,True,0,True,False,False,7,0,False,0,0,0,0,1,1,0,138717,0,0.604562737643,1,terminal,1,none,0.15,0.1875,0.13935398545,0.0521797153025,0,1
100000001732159100,peripheral,0.5,1,0.3557923,"Колено 0; входящих связей 2, исходящих 4; вход 2,378,100 KZT. Пороги значимых ролей не достигнуты.",0,True,2,4,2378100,1505966,30,23,0.00108570578224,2.0270944336e-05,True,0.633264370716,False,False,False,9,2,True,2,6,0.174995164207,1.7957496708,2,0.278059126699,0.0188679245283,79270,65476.7826087,0.938271604938,1,peripheral,0,seed;directed_cycle,0.03,0.20762050593,0.178572471209,0.143460854093,0.0333333333333,0.6
100000001733216100,peripheral,0.25,1,0.45391851,"4-е колено: исходящие не выгружены. Вход 1 плательщиков, 60,000 KZT. Роль за границей обхода не установлена.",4,False,1,0,60000,0,2,0,0.000405323758019,0,True,0,True,True,False,7,0,False,0,1,0,0,1,1,0,30000,0,0.638513513514,1,peripheral,0,truncated_depth4,0.03,0.1875,0.129490126369,0.106928380783,0,1
100000001733687100,terminal,0.777778,2,0.56387918,"Колено 3; вход 300,000 KZT; исходящих связей 0, выход/вход=0.00. Получатель в видимой выборке.",3,False,1,0,300000,0,1,0,0.000305067827208,0,True,0,True,False,False,8,0,False,0,0,0,0,1,1,0,300000,0,0.762357414449,1,terminal,1,none,0.15,0.19812031259,0.148432353713,0.0673265124555,0,1
100000001737722100,terminal,0.511622,4,0.5577715,"Колено 2; вход 60,460 KZT; исходящих связей 0, выход/вход=0.00. Получатель в видимой выборке.",2,False,1,0,60460,0,1,0,0.000317021056703,0,True,0,True,False,False,8,0,False,0,0,0,0,1,1,0,60460,0,0.4329004329,1,terminal,0,none,0.15,0.19812031259,0.129580014073,0.0800711743772,0,1
100000001740277100,peripheral,0.5,9,0.37229754,"Колено 3; входящих связей 1, исходящих 1; вход 8,700 KZT. Пороги значимых ролей не достигнуты.",3,False,1,1,8700,5000,1,1,0.000374238250627,0,True,0.574712643678,True,False,False,1,0,True,1,0,0.574712643678,2,1,0.63503649635,1,8700,5000,0.0874524714829,1,peripheral,0,fast_temporal_match;directed_cycle,0.03,0.0625,0.112107745067,0.101023131673,0.0666666666667,1
100000001745217100,terminal,0.5,11,0.49053382,"Колено 3; вход 50,000 KZT; исходящих связей 0, выход/вход=0.00. Получатель в видимой выборке.",3,False,1,0,50000,0,1,0,0.000288437782217,0,True,0,True,False,False,7,0,False,0,0,0,0,1,1,0,50000,0,0.399873257288,1,terminal,1,none,0.15,0.1875,0.127344320171,0.0256895017794,0,1
100000001746925100,peripheral,0.5,4,0.4309416,"Колено 1; входящих связей 1, исходящих 1; вход 65,250 KZT. Пороги значимых ролей не достигнуты.",1,False,1,1,65250,5000,1,1,0.000296997098211,0.000118888110832,True,0.0766283524904,True,False,False,10,1,False,0,0,0,0,1,0.928825622776,0.5,65250,5000,0.463983050847,1,peripheral,1,none,0.03,0.216214476165,0.131346343487,0.0533807829181,0,1
100000001782980100,peripheral,0.5,28,0.34965204,"Колено 2; входящих связей 1, исходящих 1; вход 50,000 KZT. Пороги значимых ролей не достигнуты.",2,False,1,1,50000,596200,1,3,0.000367996800933,5.94440554161e-07,True,11.924,True,False,True,1,0,False,0,1,0,0,1,0.84524914887,0,50000,198733.333333,0.861471861472,1,peripheral,0,unobserved_funding,0.03,0.0625,0.157463432808,0.0996886120996,0,1
100000001784279100,peripheral,0.5,11,0.35828648,"Колено 3; входящих связей 1, исходящих 0; вход 35,674 KZT. Пороги значимых ролей не достигнуты.",3,False,1,0,35674,0,1,0,0.000287176984609,0,True,0,True,False,False,7,0,False,0,0,0,0,1,1,0,35674,0,0.318124207858,1,peripheral,1,none,0.03,0.1875,0.123370999244,0.017415480427,0,1
100000001785161100,peripheral,0.5,29,0.42564278,"Колено 3; входящих связей 2, исходящих 0; вход 30,000 KZT. Пороги значимых ролей не достигнуты.",3,False,2,0,30000,0,2,0,0.000329225507518,0,True,0,True,False,False,7,0,False,0,0,0,0,1,0.5,0,15000,0,0.283269961977,1,peripheral,0,none,0.03,0.1875,0.121332281665,0.0868104982206,0,1
100000001788284100,peripheral,0.5,26,0.45463103,"Колено 3; входящих связей 1, исходящих 5; вход 8,000 KZT. Пороги значимых ролей не достигнуты.",3,False,1,5,8000,296700,1,8,0.000297744064737,5.94440554161e-05,True,37.0875,True,False,True,7,0,True,1,3,0,0,1,0.659337052839,0.333333333333,8000,37087.5,0.766793409379,1,peripheral,0,unobserved_funding;directed_cycle,0.03,0.1875,0.148615313484,0.0551823843416,0.0333333333333,1
100000001805543100,terminal,0.51,3,0.50088929,"Колено 1; вход 59,000 KZT; исходящих связей 0, выход/вход=0.00. Получатель в видимой выборке.",1,False,1,0,59000,0,1,0,0.000290339242865,0,True,0,True,False,False,7,1,False,0,0,0,0,1,1,0,59000,0,0.425847457627,1,terminal,1,none,0.15,0.1875,0.129292317221,0.034096975089,0,1
100000001808684100,peripheral,0.5,21,0.40370227,"Колено 3; входящих связей 1, исходящих 1; вход 48,400 KZT. Пороги значимых ролей не достигнуты.",3,False,1,1,48400,37700,3,2,0.00116284813485,0,True,0.778925619835,True,False,False,1,0,True,1,2,0,0,1,0.708478513357,0.4,16133.3333333,18850,0.50443599493,1,peripheral,0,directed_cycle,0.03,0.0625,0.133740820108,0.144128113879,0.0333333333333,1
100000001816678100,peripheral,0.25,4,0.41765294,"4-е колено: исходящие не выгружены. Вход 1 плательщиков, 60,000 KZT. Роль за границей обхода не установлена.",4,False,1,0,60000,0,1,0,0.000307964868518,0,True,0,True,True,False,7,0,False,0,0,0,0,1,1,0,60000,0,0.638513513514,1,peripheral,0,truncated_depth4,0.03,0.1875,0.129490126369,0.0706628113879,0,1
100000001818442100,peripheral,0.5,14,0.4027056,"Колено 3; входящих связей 1, исходящих 0; вход 42,215 KZT. Пороги значимых ролей не достигнуты.",3,False,1,0,42215,0,1,0,0.000299656662409,0,True,0,True,False,False,7,0,False,0,0,0,0,1,1,0,42215,0,0.352344740177,1,peripheral,1,none,0.03,0.1875,0.12535239532,0.059853202847,0,1
100000001819396100,terminal,0.628978,27,0.56404851,"Колено 3; вход 166,080 KZT; исходящих связей 0, выход/вход=0.00. Получатель в видимой выборке.",3,False,1,0,166080,0,1,0,0.000325314858844,0,True,0,True,False,False,7,0,False,0,0,0,0,1,1,0,166080,0,0.653992395437,1,terminal,0,none,0.15,0.1875,0.14147288998,0.0850756227758,0,1
100000001822623100,terminal,0.668111,1,0.56464395,"Колено 2; вход 201,300 KZT; исходящих связей 0, выход/вход=0.00. Получатель в видимой выборке.",2,False,1,0,201300,0,1,0,0.000321704285797,0,True,0,True,False,False,7,0,False,0,0,0,0,1,1,0,201300,0,0.688311688312,1,terminal,0,none,0.15,0.1875,0.14373647958,0.0834074733096,0,1
100000001822650100,peripheral,0.25,2,0.43121527,"4-е колено: исходящие не выгружены. Вход 1 плательщиков, 112,000 KZT. Роль за границей обхода не установлена.",4,False,1,0,112000,0,1,0,0.000304241519841,0,True,0,True,True,False,8,0,False,0,0,0,0,1,1,0,112000,0,0.765765765766,1,peripheral,1,truncated_depth4,0.03,0.19812031259,0.136836060064,0.0662588967972,0,1
100000001825934100,peripheral,0.5,33,0.34554192,"Колено 3; входящих связей 1, исходящих 1; вход 40,000 KZT. Пороги значимых ролей не достигнуты.",3,False,1,1,40000,97000,1,1,0.000472918744382,9.90734256935e-07,True,2.425,True,False,True,1,0,False,0,0,0,0,1,0.70802919708,0,40000,97000,0.60329531052,1,peripheral,0,unobserved_funding,0.03,0.0625,0.139207397043,0.113834519573,0,1
100000001831496100,peripheral,0.5,16,0.40669252,"Колено 3; входящих связей 1, исходящих 1; вход 25,000 KZT. Пороги значимых ролей не достигнуты.",3,False,1,1,25000,373000,1,1,0.000291079512972,1.84937061295e-06,True,14.92,True,False,True,7,0,False,0,0,0,0,1,0.937185929648,0,25000,373000,0.821926489227,2,peripheral,1,unobserved_funding,0.03,0.1875,0.151759241492,0.0374332740214,0,1
100000001835625100,terminal,0.527922,5,0.48131382,"Колено 3; вход 75,130 KZT; исходящих связей 0, выход/вход=0.00. Получатель в видимой выборке.",3,False,1,0,75130,0,1,0,0.000286452132516,0,True,0,True,False,False,7,0,False,0,0,0,0,1,1,0,75130,0,0.480354879594,1,terminal,1,none,0.15,0.1875,0.132136772338,0.0116770462633,0,1
100000001837130100,terminal,0.636556,11,0.53863248,"Колено 3; вход 172,900 KZT; исходящих связей 0, выход/вход=0.00. Получатель в видимой выборке.",3,False,1,0,172900,0,1,0,0.000299253922524,0,True,0,True,False,False,7,0,False,0,0,0,0,1,1,0,172900,0,0.661596958175,1,terminal,1,none,0.15,0.1875,0.141946539123,0.0591859430605,0,1
100000001845505100,peripheral,0.25,7,0.46591086,"4-е колено: исходящие не выгружены. Вход 1 плательщиков, 20,000 KZT. Роль за границей обхода не установлена.",4,False,1,0,20000,0,1,0,0.000588641446645,0,True,0,True,True,False,7,0,False,0,0,0,0,1,1,0,20000,0,0.370495495495,1,peripheral,0,truncated_depth4,0.03,0.1875,0.116560329835,0.131850533808,0,1
100000001848426100,terminal,0.550589,21,0.41145424,"Колено 2; вход 95,530 KZT; исходящих связей 0, выход/вход=0.00. Получатель в видимой выборке.",2,False,1,0,95530,0,1,0,0.000302021433547,0,True,0,True,False,False,1,0,False,0,0,0,0,1,1,0,95530,0,0.528138528139,1,terminal,1,none,0.15,0.0625,0.134964028376,0.0639902135231,0,1
100000001851289100,terminal,0.566122,3,0.52525027,"Колено 1; вход 109,510 KZT; исходящих связей 0, выход/вход=0.00. Получатель в видимой выборке.",1,False,1,0,109510,0,3,0,0.000295734261507,0,True,0,True,False,False,7,1,False,0,1,0,0,1,1,0,36503.3333333,0,0.574152542373,1,terminal,1,none,0.15,0.1875,0.136571447297,0.0511788256228,0,1
100000001852140100,peripheral,0.5,44,0.35295595,"Колено 3; входящих связей 1, исходящих 0; вход 30,000 KZT. Пороги значимых ролей не достигнуты.",3,False,1,0,30000,0,1,0,0.000798289150029,0,True,0,True,False,False,1,0,False,0,0,0,0,1,1,0,30000,0,0.283269961977,1,peripheral,0,none,0.03,0.0625,0.121332281665,0.13912366548,0,1
100000001853812100,terminal,0.522222,7,0.52545474,"Колено 3; вход 70,000 KZT; исходящих связей 0, выход/вход=0.00. Получатель в видимой выборке.",3,False,1,0,70000,0,1,0,0.000298167316873,0,True,0,True,False,False,7,0,False,0,0,0,0,1,1,0,70000,0,0.468948035488,1,terminal,1,none,0.15,0.1875,0.131304384807,0.0566503558719,0,1
100000001857829100,consolidator,0.55,18,0.86759994,"Вход от 6 плательщиков (seed: 0); 888,535 KZT; исходящих связей 16. Признаки консолидации.",2,False,6,16,888535,2390993,9,16,0.000616547666151,0.00195959937728,True,2.69093845487,True,False,True,7,0,True,2,2,0.537964176988,1.24267782427,3,0.35221531879,0.04,98726.1111111,149437.0625,0.965367965368,6,consolidator,5,unobserved_funding;fast_temporal_match;sync_inflow;directed_cycle,0.27,0.1875,0.176581261043,0.133518683274,0.1,1
100000001860090100,peripheral,0.5,21,0.2941695,"Колено 3; входящих связей 1, исходящих 0; вход 5,000 KZT. Пороги значимых ролей не достигнуты.",3,False,1,0,5000,0,1,0,0.000375625743178,0,True,0,True,False,False,1,0,False,0,0,0,0,1,1,1,5000,0,0.00506970849176,1,peripheral,0,none,0.03,0.0625,0.100246013331,0.101423487544,0,1
100000001870116100,peripheral,0.5,8,0.23989825,"Колено 1; входящих связей 1, исходящих 0; вход 24,000 KZT. Пороги значимых ролей не достигнуты.",1,False,1,0,24000,0,1,0,0.000289036793753,0,True,0,True,False,False,1,1,False,0,0,0,0,1,1,0,24000,0,0.188559322034,1,peripheral,1,none,0.03,0.0625,0.118706077189,0.0286921708185,0,1
100000001872484100,peripheral,0.5,43,0.44094305,"Колено 1; входящих связей 1, исходящих 3; вход 871,400 KZT. Пороги значимых ролей не достигнуты.",1,False,1,3,871400,514580,13,9,0.00235830554031,5.94440554161e-07,True,0.590521000689,True,False,False,1,1,True,1,2,0.0816846453982,1.71649339702,1,0.22511147347,0.136363636364,67030.7692308,57175.5555556,0.942796610169,1,peripheral,0,directed_cycle,0.03,0.0625,0.166444233232,0.148665480427,0.0333333333333,1
100000001875167100,terminal,1,5,0.57943975,"Колено 3; вход 1,000,000 KZT; исходящих связей 0, выход/вход=0.00. Получатель в видимой выборке.",3,False,1,0,1000000,0,2,0,0.00031617812706,0,True,0,True,False,False,7,0,False,0,1,0,0,1,1,0,500000,0,0.941064638783,1,terminal,1,none,0.15,0.1875,0.162602562538,0.0793371886121,0,1
100000001875239100,terminal,1,2,0.63763684,"Колено 3; вход 712,000 KZT; исходящих связей 0, выход/вход=0.00. Получатель в видимой выборке.",3,False,3,0,712000,0,3,0,0.000332190433228,0,True,0,True,False,False,9,0,False,0,0,0,0,3,1,0,237333.333333,0,0.899873257288,1,terminal,3,sync_inflow,0.15,0.20762050593,0.158604712411,0.0880782918149,0.0333333333333,1
100000001884825100,terminal,0.994444,2,0.59326062,"Колено 3; вход 495,000 KZT; исходящих связей 0, выход/вход=0.00. Получатель в видимой выборке.",3,False,3,0,495000,0,3,0,0.00033829738481,0,True,0,True,False,False,8,0,False,0,0,0,0,2,0.505050505051,0,165000,0,0.861850443599,1,terminal,3,none,0.15,0.19812031259,0.154326245604,0.0908140569395,0,1
100000001887715100,peripheral,0.5,2,0.57984023,"Колено 3; входящих связей 3, исходящих 1; вход 1,331,500 KZT. Пороги значимых ролей не достигнуты.",3,False,3,1,1331500,750000,4,1,0.000726488951059,2.25887410581e-05,True,0.563274502441,True,False,False,9,0,False,0,1,0,0,3,1,0,332875,750000,0.982256020279,1,peripheral,1,sync_inflow,0.03,0.20762050593,0.171230692626,0.13765569395,0.0333333333333,1
100000001893287100,peripheral,0.5,21,0.43441445,"Колено 3; входящих связей 1, исходящих 1; вход 18,000 KZT. Пороги значимых ролей не достигнуты.",3,False,1,1,18000,152700,3,14,0.000613755436307,0,True,8.48333333333,True,False,True,1,0,True,1,2,0.666666666667,1,1,0.146455770357,0.294117647059,6000,10907.1428571,0.660329531052,1,peripheral,0,unobserved_funding;fast_temporal_match;directed_cycle,0.03,0.0625,0.14179582174,0.133451957295,0.0666666666667,1
100000001899164100,peripheral,0.5,12,0.55649096,"Колено 1; входящих связей 4, исходящих 3; вход 291,675 KZT. Пороги значимых ролей не достигнуты.",1,False,4,3,291675,76500,5,3,0.00116630557205,0.000126615838036,True,0.262278220622,True,False,False,8,1,True,2,1,0,0,2,0.574658789978,0.25,58335,25500,0.779661016949,2,peripheral,1,directed_cycle,0.03,0.19812031259,0.150842469661,0.144194839858,0.0333333333333,1
100000001904863100,terminal,1,15,0.64293974,"Колено 2; вход 500,000 KZT; исходящих связей 0, выход/вход=0.00. Получатель в видимой выборке.",2,False,1,0,500000,0,1,0,0.000478239867253,0,True,0,True,False,False,11,0,False,0,0,0,0,1,1,0,500000,0,0.824675324675,1,terminal,0,none,0.15,0.224060156295,0.154444533449,0.114435053381,0,1
100000001924185100,terminal,0.612222,16,0.5855426,"Колено 1; вход 151,000 KZT; исходящих связей 0, выход/вход=0.00. Получатель в видимой выборке.",1,False,2,0,151000,0,2,0,0.000308532239712,0,True,0,True,False,False,11,2,False,0,0,0,0,1,0.761589403974,0,75500,0,0.616525423729,2,terminal,2,none,0.15,0.224060156295,0.140352554944,0.0711298932384,0,1
100000001927599100,terminal,0.653333,14,0.58576156,"Колено 3; вход 188,000 KZT; исходящих связей 0, выход/вход=0.00. Получатель в видимой выборке.",3,False,2,0,188000,0,2,0,0.00032543650578,0,True,0,True,False,False,9,0,False,0,0,0,0,2,1,0,94000,0,0.674271229404,1,terminal,1,none,0.15,0.20762050593,0.142931982511,0.0852090747331,0,1
100000001929088100,terminal,0.884456,9,0.47983069,"Колено 1; вход 396,010 KZT; исходящих связей 0, выход/вход=0.00. Получатель в видимой выборке.",1,False,2,0,396010,0,2,0,0.000315846658507,0,True,0,True,False,False,2,2,False,0,0,0,0,1,0.530289639151,0,198005,0,0.790254237288,1,terminal,2,none,0.15,0.0990601562951,0.151700246204,0.0790702846975,0,1
100000001934935100,terminal,0.576594,1,0.51094173,"Колено 3; вход 118,935 KZT; исходящих связей 0, выход/вход=0.00. Получатель в видимой выборке.",3,False,1,0,118935,0,1,0,0.000290689060356,0,True,0,True,False,False,7,0,False,0,0,0,0,1,1,0,118935,0,0.577946768061,1,terminal,1,none,0.15,0.1875,0.137543148858,0.0358985765125,0,1
100000001937767100,peripheral,0.5,15,0.59939703,"Колено 1; входящих связей 1, исходящих 4; вход 53,000 KZT. Пороги значимых ролей не достигнуты.",1,False,1,4,53000,1933000,1,6,0.000883278384083,5.66998905284e-05,True,36.4716981132,True,False,True,11,1,True,1,1,0,0,1,0.503524672709,0,53000,322166.666667,0.970338983051,2,peripheral,1,unobserved_funding;directed_cycle,0.03,0.224060156295,0.170677920891,0.141325622776,0.0333333333333,1
100000001952325100,terminal,0.530987,8,0.40604863,"Колено 1; вход 77,888 KZT; исходящих связей 0, выход/вход=0.00. Получатель в видимой выборке.",1,False,1,0,77888,0,2,0,0.000300262099941,0,True,0,True,False,False,1,1,False,0,1,0,0,1,0.664338537387,0,38944,0,0.489406779661,1,terminal,1,none,0.15,0.0625,0.132561082574,0.060987544484,0,1
100000001953577100,peripheral,0.5,8,0.22461931,"Колено 1; входящих связей 1, исходящих 0; вход 15,600 KZT. Пороги значимых ролей не достигнуты.",1,False,1,0,15600,0,1,0,0.000287287005823,0,True,0,True,False,False,1,1,False,0,0,0,0,1,1,0,15600,0,0.0868644067797,1,peripheral,1,none,0.03,0.0625,0.113636213665,0.0184830960854,0,1
100000001954534100,peripheral,0.5,11,0.44461818,"Колено 3; входящих связей 1, исходящих 1; вход 13,000 KZT. Пороги значимых ролей не достигнуты.",3,False,1,1,13000,40000,1,1,0.000364752896554,1.96165382873e-05,True,3.07692307692,True,False,True,7,0,False,0,0,0,0,1,0.754716981132,0,13000,40000,0.423320659062,1,peripheral,0,unobserved_funding,0.03,0.1875,0.128030106554,0.0990880782918,0,1
100000001954903100,peripheral,0.5,10,0.26562403,"Колено 2; входящих связей 1, исходящих 0; вход 27,118 KZT. Пороги значимых ролей не достигнуты.",2,False,1,0,27118,0,1,0,0.000296864587569,0,True,0,True,False,False,1,0,False,0,0,0,0,1,1,0,27118,0,0.24025974026,1,peripheral,1,none,0.03,0.0625,0.120143601196,0.0529804270463,0,1
100000001957974100,peripheral,0.25,15,0.45335023,"4-е колено: исходящие не выгружены. Вход 1 плательщиков, 500,000 KZT. Роль за границей обхода не установлена.",4,False,1,0,500000,0,1,0,0.000318407339574,0,True,0,True,True,False,7,0,False,0,0,0,0,1,1,0,500000,0,0.949324324324,1,peripheral,0,truncated_depth4,0.03,0.1875,0.154444533449,0.0814056939502,0,1
100000001960517100,terminal,0.666667,9,0.48940632,"Колено 1; вход 200,000 KZT; исходящих связей 0, выход/вход=0.00. Получатель в видимой выборке.",1,False,1,0,200000,0,1,0,0.0003571885242,0,True,0,True,False,False,2,1,False,0,0,0,0,1,1,0,200000,0,0.676906779661,1,terminal,0,none,0.15,0.0990601562951,0.143660225347,0.0966859430605,0,1
100000001961048100,terminal,0.611111,29,0.54223165,"Колено 2; вход 150,000 KZT; исходящих связей 0, выход/вход=0.00. Получатель в видимой выборке.",2,False,1,0,150000,0,1,0,0.000302605938482,0,True,0,True,False,False,7,0,False,0,0,0,0,1,1,0,150000,0,0.609307359307,1,terminal,1,none,0.15,0.1875,0.140274352086,0.0644572953737,0,1
100000001965374100,peripheral,0.5,12,0.45192874,"Колено 2; входящих связей 2, исходящих 3; вход 1,759,720 KZT. Пороги значимых ролей не достигнуты.",2,False,2,3,1759720,3082100,8,5,0.00127048307886,1.5851748111e-06,True,1.75147182506,True,False,True,1,0,True,1,3,0.0647830336644,1,2,0.41079594037,0,219965,616420,0.980519480519,1,peripheral,0,unobserved_funding;directed_cycle,0.03,0.0625,0.18116657856,0.144928825623,0.0333333333333,1
100000001969496100,peripheral,0.5,15,0.37033563,"Колено 3; входящих связей 1, исходящих 0; вход 22,740 KZT. Пороги значимых ролей не достигнуты.",3,False,1,0,22740,0,1,0,0.000290442905929,0,True,0,True,False,False,7,0,False,0,0,0,0,1,1,0,22740,0,0.195183776933,1,peripheral,1,none,0.03,0.1875,0.118071391229,0.0347642348754,0,1
100000001985793100,terminal,0.911111,9,0.46484799,"Колено 2; вход 420,000 KZT; исходящих связей 0, выход/вход=0.00. Получатель в видимой выборке.",2,False,1,0,420000,0,1,0,0.000370555254765,0,True,0,True,False,False,1,0,False,0,0,0,0,1,1,0,420000,0,0.798701298701,1,terminal,0,none,0.15,0.0625,0.152392474394,0.0999555160142,0,1
100000001987030100,peripheral,0.5,3,0.3867829,"Колено 1; входящих связей 2, исходящих 1; вход 30,864 KZT. Пороги значимых ролей не достигнуты.",1,False,2,1,30864,19000,2,1,0.000292277652789,5.70662931995e-05,True,0.615603939865,True,False,False,7,1,False,0,0,0,0,1,0.474651050858,0.333333333333,15432,19000,0.375,2,peripheral,2,none,0.03,0.1875,0.127312263978,0.0419706405694,0,1
100000001991973100,peripheral,0.25,10,0.25936622,"4-е колено: исходящие не выгружены. Вход 1 плательщиков, 20,800 KZT. Роль за границей обхода не установлена.",4,False,1,0,20800,0,1,0,0.00029509511764,0,True,0,True,True,False,1,0,False,0,0,0,0,1,1,0,20800,0,0.403153153153,1,peripheral,1,truncated_depth4,0.03,0.0625,0.117021917938,0.0498443060498,0,1
100000002015633100,terminal,0.549967,5,0.48907633,"Колено 3; вход 94,970 KZT; исходящих связей 0, выход/вход=0.00. Получатель в видимой выборке.",3,False,1,0,94970,0,1,0,0.000287089804548,0,True,0,True,False,False,7,0,False,0,0,0,0,1,1,0,94970,0,0.524714828897,1,terminal,1,none,0.15,0.1875,0.13489483251,0.0166814946619,0,1
100000002028158100,peripheral,0.5,3,0.39022319,"Колено 2; входящих связей 1, исходящих 0; вход 34,800 KZT. Пороги значимых ролей не достигнуты.",2,False,1,0,34800,0,1,0,0.000295023251332,0,True,0,True,False,False,7,0,False,0,0,0,0,1,1,0,34800,0,0.305194805195,1,peripheral,1,none,0.03,0.1875,0.123079066465,0.0496441281139,0,1
100000002032323100,peripheral,0.5,31,0.48999587,"Колено 3; входящих связей 1, исходящих 1; вход 300,000 KZT. Пороги значимых ролей не достигнуты.",3,False,1,1,300000,1050000,1,2,0.000401716634247,1.96165382873e-05,True,3.5,True,False,True,7,0,False,0,1,0,0,1,0.555555555556,0,300000,525000,0.958174904943,1,peripheral,0,unobserved_funding,0.03,0.1875,0.166134660021,0.106361209964,0,1
100000002087788100,terminal,0.556111,5,0.60851468,"Колено 2; вход 100,500 KZT; исходящих связей 0, выход/вход=0.00. Получатель в видимой выборке.",2,False,1,0,100500,0,1,0,0.000654158716538,0,True,0,True,False,False,7,0,False,0,0,0,0,1,1,0,100500,0,0.545454545455,1,terminal,0,none,0.15,0.1875,0.135560943944,0.135453736655,0,1
100000002095257100,peripheral,0.5,12,0.43983749,"Колено 3; входящих связей 1, исходящих 0; вход 8,500 KZT. Пороги значимых ролей не достигнуты.",3,False,1,0,8500,0,1,0,0.000394086431173,0,True,0,True,False,False,8,0,False,0,0,0,0,1,1,1,8500,0,0.0361216730038,1,peripheral,0,none,0.03,0.19812031259,0.106490307966,0.105226868327,0,1
100000002103448100,peripheral,0.5,6,0.23724753,"Колено 3; входящих связей 1, исходящих 0; вход 27,000 KZT. Пороги значимых ролей не достигнуты.",3,False,1,0,27000,0,1,0,0.000288220623233,0,True,0,True,False,False,1,0,False,0,0,0,0,1,1,0,27000,0,0.261089987326,1,peripheral,1,none,0.03,0.0625,0.120092277808,0.0246552491103,0,1
100000002109656100,terminal,1,10,0.47383387,"Колено 3; вход 500,000 KZT; исходящих связей 0, выход/вход=0.00. Получатель в видимой выборке.",3,False,1,0,500000,0,1,0,0.000307682833149,0,True,0,True,False,False,2,0,False,0,0,0,0,1,1,0,500000,0,0.867553865653,1,terminal,1,none,0.15,0.0990601562951,0.154444533449,0.0703291814947,0,1
100000002116705100,peripheral,0.5,6,0.22183523,"Колено 3; входящих связей 1, исходящих 0; вход 17,600 KZT. Пороги значимых ролей не достигнуты.",3,False,1,0,17600,0,1,0,0.000286764241695,0,True,0,True,False,False,1,0,False,0,0,0,0,1,1,0,17600,0,0.145754119138,1,peripheral,1,none,0.03,0.0625,0.115055866891,0.0142793594306,0,1
100000002119762100,peripheral,0.25,5,0.46909873,"4-е колено: исходящие не выгружены. Вход 1 плательщиков, 77,000 KZT. Роль за границей обхода не установлена.",4,False,1,0,77000,0,6,0,0.000526398075512,0,True,0,True,True,False,7,0,False,0,1,0,0,1,0.649350649351,0.5,12833.3333333,0,0.682432432432,1,peripheral,0,truncated_depth4,0.03,0.1875,0.132426128887,0.119172597865,0,1
100000002121357100,peripheral,0.5,2,0.46357532,"Колено 3; входящих связей 2, исходящих 1; вход 255,300 KZT. Пороги значимых ролей не достигнуты.",3,False,2,1,255300,113000,2,1,0.000324477923588,2.15980068012e-05,True,0.442616529573,True,False,False,8,0,False,0,0,0,0,1,0.402660874287,0,127650,113000,0.807351077313,1,peripheral,2,none,0.03,0.19812031259,0.150846464886,0.0846085409253,0,1
100000002126791100,peripheral,0.25,2,0.53374393,"4-е колено: исходящие не выгружены. Вход 1 плательщиков, 1,313,000 KZT. Роль за границей обхода не установлена.",4,False,1,0,1313000,0,3,0,0.000568334508438,0,True,0,True,True,False,9,0,False,0,1,0,0,1,0.55064737243,0,437666.666667,0,0.988738738739,1,peripheral,0,truncated_depth4,0.03,0.20762050593,0.165807584087,0.130315836299,0,1
100000002130400100,peripheral,0.25,33,0.27977298,"4-е колено: исходящие не выгружены. Вход 1 плательщиков, 10,000 KZT. Роль за границей обхода не установлена.",4,False,1,0,10000,0,1,0,0.000315778073237,0,True,0,True,True,False,1,0,False,0,0,0,0,1,1,0,10000,0,0.184684684685,1,peripheral,0,truncated_depth4,0.03,0.0625,0.10840287741,0.0788701067616,0,1
100000002132479100,peripheral,0.5,15,0.52144921,"Колено 2; входящих связей 1, исходящих 1; вход 30,000 KZT. Пороги значимых ролей не достигнуты.",2,False,1,1,30000,20000,2,1,0.000601615581533,0,True,0.666666666667,True,False,False,8,0,True,1,1,0,0,1,0.4,0,15000,20000,0.373376623377,1,peripheral,0,directed_cycle,0.03,0.19812031259,0.127344320171,0.132651245552,0.0333333333333,1
100000002152857100,peripheral,0.5,9,0.34828667,"Колено 1; входящих связей 1, исходящих 5; вход 105,000 KZT. Пороги значимых ролей не достигнуты.",1,False,1,5,105000,1230000,1,6,0.000298086703981,0.000313468318894,True,11.7142857143,True,False,True,1,1,False,0,1,1,2,1,0.539325842697,0,105000,205000,0.940677966102,3,peripheral,2,unobserved_funding;fast_temporal_match,0.03,0.0625,0.166003155231,0.0564501779359,0.0333333333333,1
100000002156381100,peripheral,0.5,16,0.53812863,"Колено 2; входящих связей 2, исходящих 1; вход 61,000 KZT. Пороги значимых ролей не достигнуты.",2,False,2,1,61000,21800,7,3,0.00107442077479,4.24034261968e-05,True,0.35737704918,True,False,False,8,0,True,1,2,0.0819672131148,1,2,0.253623188406,0.7,8714.28571429,7266.66666667,0.482683982684,1,peripheral,0,directed_cycle,0.03,0.19812031259,0.133280855063,0.143394128114,0.0333333333333,1
100000002158488100,peripheral,0.5,8,0.25032138,"Колено 1; входящих связей 1, исходящих 0; вход 31,723 KZT. Пороги значимых ролей не достигнуты.",1,False,1,0,31723,0,1,0,0.000290645557109,0,True,0,True,False,False,1,1,False,0,0,0,0,1,1,0,31723,0,0.258474576271,1,peripheral,1,none,0.03,0.0625,0.121989526873,0.0358318505338,0,1
100000002170580100,terminal,0.611111,10,0.44872631,"Колено 2; вход 150,000 KZT; исходящих связей 0, выход/вход=0.00. Получатель в видимой выборке.",2,False,1,0,150000,0,1,0,0.000354989467858,0,True,0,True,False,False,1,0,False,0,0,0,0,1,1,0,150000,0,0.609307359307,1,terminal,1,none,0.15,0.0625,0.140274352086,0.0959519572954,0,1
100000002173070100,peripheral,0.5,19,0.36722419,"Колено 2; входящих связей 1, исходящих 0; вход 30,000 KZT. Пороги значимых ролей не достигнуты.",2,False,1,0,30000,0,1,0,0.000288972468699,0,True,0,True,False,False,7,0,False,0,0,0,0,1,1,0,30000,0,0.266233766234,1,peripheral,1,none,0.03,0.1875,0.121332281665,0.0283919039146,0,1
100000002173161100,terminal,1,2,0.63491036,"Колено 1; вход 1,427,500 KZT; исходящих связей 0, выход/вход=0.00. Получатель в видимой выборке.",1,False,3,0,1427500,0,5,0,0.000432887236493,0,True,0,True,False,False,9,1,False,0,1,0,0,2,0.390893169877,0,285500,0,0.947033898305,2,terminal,3,none,0.15,0.20762050593,0.166791637496,0.110498220641,0,1
100000002175422100,peripheral,0.5,32,0.59320089,"Колено 2; входящих связей 3, исходящих 6; вход 68,500 KZT. Пороги значимых ролей не достигнуты.",2,False,3,6,68500,1621188,5,14,0.000839572055732,0.000158715627961,True,23.6669781022,True,False,True,7,0,True,3,5,0.56204379562,1.74025974026,2,0.38172254286,0.105263157895,13700,115799.142857,0.930735930736,2,peripheral,0,unobserved_funding;fast_temporal_match;directed_cycle,0.03,0.1875,0.168776211267,0.140258007117,0.0666666666667,1
100000002182176100,peripheral,0.5,1,0.38342456,"Колено 1; входящих связей 1, исходящих 0; вход 42,465 KZT. Пороги значимых ролей не достигнуты.",1,False,1,0,42465,0,1,0,0.000291943882878,0,True,0,True,False,False,7,1,False,0,0,0,0,1,1,0,42465,0,0.326271186441,1,peripheral,1,none,0.03,0.1875,0.125421888242,0.0405026690391,0,1
100000002184107100,peripheral,0.5,13,0.34647705,"Колено 3; входящих связей 1, исходящих 0; вход 6,066 KZT. Пороги значимых ролей не достигнуты.",3,False,1,0,6066,0,1,0,0.000288618319031,0,True,0,True,False,False,7,0,False,0,0,0,0,1,1,1,6066,0,0.0221799746515,1,peripheral,0,none,0.03,0.1875,0.102520203511,0.0264568505338,0,1
100000002185328100,peripheral,0.5,19,0.44328837,"Колено 3; входящих связей 1, исходящих 4; вход 15,000 KZT. Пороги значимых ролей не достигнуты.",3,False,1,4,15000,55000,1,4,0.000349792818253,6.16236707814e-05,True,3.66666666667,True,False,True,7,0,False,0,0,0,0,1,0.285714285714,0,15000,13750,0.468948035488,1,peripheral,0,unobserved_funding,0.03,0.1875,0.131304384807,0.0944839857651,0,1
100000002188586100,peripheral,0.25,14,0.39849382,"4-е колено: исходящие не выгружены. Вход 1 плательщиков, 38,310 KZT. Роль за границей обхода не установлена.",4,False,1,0,38310,0,1,0,0.000298269038258,0,True,0,True,True,False,7,0,False,0,0,0,0,1,1,0,38310,0,0.52027027027,1,peripheral,1,truncated_depth4,0.03,0.1875,0.124210015029,0.0567838078292,0,1
100000002188829100,terminal,0.888889,4,0.61665371,"Колено 1; вход 400,000 KZT; исходящих связей 0, выход/вход=0.00. Получатель в видимой выборке.",1,False,1,0,400000,0,1,0,0.000363483827522,0,True,0,True,False,False,10,1,False,0,0,0,0,1,1,0,400000,0,0.795550847458,1,terminal,1,none,0.15,0.216214476165,0.151818236782,0.0986209964413,0,1
100000002193259100,peripheral,0.5,12,0.53903403,"Колено 2; входящих связей 2, исходящих 3; вход 48,000 KZT. Пороги значимых ролей не достигнуты.",2,False,2,3,48000,58000,2,3,0.000883438476903,6.43977267008e-05,True,1.20833333333,True,False,True,8,0,True,2,0,0,0,1,0.754716981132,0.6,24000,19333.3333333,0.549783549784,1,peripheral,0,unobserved_funding;directed_cycle,0.03,0.19812031259,0.13618803638,0.141392348754,0.0333333333333,1
100000002194320100,peripheral,0.25,3,0.47994386,"4-е колено: исходящие не выгружены. Вход 1 плательщиков, 275,000 KZT. Роль за границей обхода не установлена.",4,False,1,0,275000,0,1,0,0.000483569630845,0,True,0,True,True,False,7,0,False,0,0,0,0,1,1,0,275000,0,0.880630630631,1,peripheral,0,truncated_depth4,0.03,0.1875,0.147408271214,0.115035587189,0,1
100000002194329100,peripheral,0.5,1,0.34417286,"Колено 3; входящих связей 1, исходящих 0; вход 25,170 KZT. Пороги значимых ролей не достигнуты.",3,False,1,0,25170,0,1,0,0.000285445078648,0,True,0,True,False,False,7,0,False,0,0,0,0,1,1,0,25170,0,0.23700887199,1,peripheral,1,none,0.03,0.1875,0.119266273674,0.00740658362989,0,1
100000002199091100,terminal,0.516667,20,0.41125958,"Колено 2; вход 65,000 KZT; исходящих связей 0, выход/вход=0.00. Получатель в видимой выборке.",2,False,1,0,65000,0,1,0,0.000305947166671,0,True,0,True,False,False,1,0,False,0,0,0,0,1,1,0,65000,0,0.444805194805,1,terminal,1,none,0.15,0.0625,0.130432179138,0.0683274021352,0,1
100000002205022100,peripheral,0.5,19,0.56054747,"Колено 2; входящих связей 1, исходящих 3; вход 7,100 KZT. Пороги значимых ролей не достигнуты.",2,False,1,3,7100,518000,1,3,0.000542351576228,5.45124004483e-05,True,72.9577464789,True,False,True,10,0,False,0,0,0.845070422535,2,1,0.952199581032,0.5,7100,172666.666667,0.837662337662,2,peripheral,0,unobserved_funding;fast_temporal_match,0.03,0.216214476165,0.155021012945,0.125978647687,0.0333333333333,1
100000002208836100,peripheral,0.25,5,0.43797217,"4-е колено: исходящие не выгружены. Вход 1 плательщиков, 90,000 KZT. Роль за границей обхода не установлена.",4,False,1,0,90000,0,1,0,0.000327986047368,0,True,0,True,True,False,7,0,False,0,0,0,0,1,1,0,90000,0,0.703828828829,1,peripheral,0,truncated_depth4,0.03,0.1875,0.134262208966,0.0862099644128,0,1
100000002211413100,peripheral,0.5,8,0.25613594,"Колено 1; входящих связей 1, исходящих 0; вход 37,000 KZT. Пороги значимых ролей не достигнуты.",1,False,1,0,37000,0,1,0,0.000291744798883,0,True,0,True,False,False,1,1,False,0,0,0,0,1,1,0,37000,0,0.286016949153,1,peripheral,1,none,0.03,0.0625,0.123800526885,0.0398354092527,0,1
100000002212494100,terminal,0.622222,32,0.57415226,"Колено 3; вход 160,000 KZT; исходящих связей 0, выход/вход=0.00. Получатель в видимой выборке.",3,False,1,0,160000,0,1,0,0.00035446835003,0,True,0,True,False,False,7,0,False,0,0,0,0,1,1,0,160000,0,0.645754119138,1,terminal,0,none,0.15,0.1875,0.141033937507,0.0956183274021,0,1
100000002214207100,peripheral,0.25,33,0.36403166,"4-е колено: исходящие не выгружены. Вход 1 плательщиков, 97,000 KZT. Роль за границей обхода не установлена.",4,False,1,0,97000,0,1,0,0.000686018368357,0,True,0,True,True,False,1,0,False,0,0,0,0,1,1,0,97000,0,0.716216216216,1,peripheral,0,truncated_depth4,0.03,0.0625,0.13514375535,0.136387900356,0,1
100000002214301100,peripheral,0.5,1,0.36163018,"Колено 1; входящих связей 1, исходящих 1; вход 21,438 KZT. Пороги значимых ролей не достигнуты.",1,False,1,1,21438,8000,1,1,0.000288028902954,9.61012229227e-05,True,0.373169138912,True,False,False,7,1,False,0,0,0,0,1,0.728242407772,0.5,21438,8000,0.237288135593,1,peripheral,1,none,0.03,0.1875,0.121109714616,0.0230204626335,0,1
100000002214383100,peripheral,0.25,6,0.35727507,"4-е колено: исходящие не выгружены. Вход 1 плательщиков, 213,000 KZT. Роль за границей обхода не установлена.",4,False,1,0,213000,0,1,0,0.000527734346712,0,True,0,True,True,False,1,0,False,0,0,0,0,1,1,0,213000,0,0.844594594595,1,peripheral,0,truncated_depth4,0.03,0.0625,0.144401407753,0.12037366548,0,1
100000002214570100,peripheral,0.5,8,0.24332026,"Колено 1; входящих связей 1, исходящих 0; вход 26,471 KZT. Пороги значимых ролей не достигнуты.",1,False,1,0,26471,0,1,0,0.000289551523036,0,True,0,True,False,False,1,1,False,0,0,0,0,1,1,0,26471,0,0.218220338983,1,peripheral,1,none,0.03,0.0625,0.119859401288,0.0309608540925,0,1
100000002214664100,peripheral,0.5,6,0.2324146,"Колено 3; входящих связей 1, исходящих 1; вход 7,950 KZT. Пороги значимых ролей не достигнуты.",3,False,1,1,7950,76950,1,2,0.000285269126606,1.38702795971e-06,True,9.67924528302,True,False,True,1,0,False,0,1,0,0,1,1,0.666666666667,7950,38475,0.498098859316,1,peripheral,1,unobserved_funding,0.03,0.0625,0.13357563245,0.00633896797153,0,1
100000002216999100,peripheral,0.5,6,0.23239892,"Колено 3; входящих связей 1, исходящих 0; вход 23,677 KZT. Пороги значимых ролей не достигнуты.",3,False,1,0,23677,0,1,0,0.000287705776866,0,True,0,True,False,False,1,0,False,0,0,0,0,1,1,0,23677,0,0.211660329531,1,peripheral,1,none,0.03,0.0625,0.118546609597,0.0213523131673,0,1
100000002217161100,peripheral,0.5,13,0.55885411,"Колено 2; входящих связей 2, исходящих 7; вход 404,750 KZT. Пороги значимых ролей не достигнуты.",2,False,2,7,404750,995132,15,19,0.000884121507046,0.000155148984636,True,2.45863372452,True,False,True,7,0,True,1,2,0.464484249537,1.53723404255,1,0.291453136764,0.205882352941,26983.3333333,52375.3684211,0.91341991342,1,peripheral,1,unobserved_funding;directed_cycle,0.03,0.1875,0.166561699018,0.141459074733,0.0333333333333,1
100000002217806100,peripheral,0.25,34,0.45853278,"4-е колено: исходящие не выгружены. Вход 1 плательщиков, 55,000 KZT. Роль за границей обхода не установлена.",4,False,1,0,55000,0,2,0,0.000460932283556,0,True,0,True,True,False,7,0,False,0,1,0,0,1,0.909090909091,0.5,27500,0,0.619369369369,1,peripheral,0,truncated_depth4,0.03,0.1875,0.128466058137,0.112566725979,0,1
100000002224132100,consolidator,0.5,12,0.74767667,"Вход от 5 плательщиков (seed: 0); 3,951,020 KZT; исходящих связей 4. Признаки консолидации.",2,False,5,4,3951020,12115000,10,25,0.00633841050854,6.24162581869e-06,True,3.06629680437,True,False,True,2,0,True,3,5,0.173372951795,1.56204379562,2,0.308217280945,0.0285714285714,395102,484600,0.997835497835,1,consolidator,0,unobserved_funding;directed_cycle,0.27,0.0990601562951,0.195283179185,0.15,0.0333333333333,1
100000002227960100,peripheral,0.25,19,0.38151898,"4-е колено: исходящие не выгружены. Вход 1 плательщиков, 10,000 KZT. Роль за границей обхода не установлена.",4,False,1,0,10000,0,1,0,0.000297794803711,0,True,0,True,True,False,7,0,False,0,0,0,0,1,1,0,10000,0,0.184684684685,1,peripheral,0,truncated_depth4,0.03,0.1875,0.10840287741,0.0556161032028,0,1
100000002227989100,peripheral,0.25,19,0.43882012,"4-е колено: исходящие не выгружены. Вход 1 плательщиков, 20,000 KZT. Роль за границей обхода не установлена.",4,False,1,0,20000,0,1,0,0.000392155189013,0,True,0,True,True,False,7,0,False,0,0,0,0,1,1,0,20000,0,0.370495495495,1,peripheral,0,truncated_depth4,0.03,0.1875,0.116560329835,0.104759786477,0,1
100000002229615100,peripheral,0.25,19,0.47400858,"4-е колено: исходящие не выгружены. Вход 1 плательщиков, 25,000 KZT. Роль за границей обхода не установлена.",4,False,1,0,25000,0,1,0,0.000713772916001,0,True,0,True,True,False,7,0,False,0,0,0,0,1,1,0,25000,0,0.433558558559,1,peripheral,0,truncated_depth4,0.03,0.1875,0.119186514696,0.137322064057,0,1
100000002231144100,peripheral,0.25,19,0.42989616,"4-е колено: исходящие не выгружены. Вход 1 плательщиков, 15,000 KZT. Роль за границей обхода не установлена.",4,False,1,0,15000,0,1,0,0.000365125741677,0,True,0,True,True,False,7,0,False,0,0,0,0,1,1,0,15000,0,0.287162162162,1,peripheral,0,truncated_depth4,0.03,0.1875,0.113174633106,0.0992215302491,0,1
100000002232266100,peripheral,0.5,7,0.3880438,"Колено 3; входящих связей 1, исходящих 0; вход 45,000 KZT. Пороги значимых ролей не достигнуты.",3,False,1,0,45000,0,1,0,0.000293120917871,0,True,0,True,False,False,7,0,False,0,0,0,0,1,1,0,45000,0,0.367553865653,1,peripheral,1,none,0.03,0.1875,0.126104298878,0.0444395017794,0,1
100000002236528100,terminal,0.517778,9,0.53603891,"Колено 3; вход 66,000 KZT; исходящих связей 0, выход/вход=0.00. Получатель в видимой выборке.",3,False,1,0,66000,0,1,0,0.000305551383529,0,True,0,True,False,False,7,0,False,0,0,0,0,1,1,0,66000,0,0.457541191381,1,terminal,1,none,0.15,0.1875,0.130611867902,0.0679270462633,0,1
100000002241986100,peripheral,0.5,5,0.43852866,"Колено 3; входящих связей 1, исходящих 6; вход 280,000 KZT. Пороги значимых ролей не достигнуты.",3,False,1,6,280000,3077000,1,12,0.000293036803337,0.000115321467507,True,10.9892857143,True,False,True,7,0,False,0,1,0,0,1,0.297885016384,0.0769230769231,280000,256416.666667,0.993662864385,1,peripheral,1,unobserved_funding,0.03,0.1875,0.176856059219,0.0441725978648,0,1
100000002242066100,peripheral,0.25,13,0.4694323,"4-е колено: исходящие не выгружены. Вход 1 плательщиков, 60,000 KZT. Роль за границей обхода не установлена.",4,False,1,0,60000,0,1,0,0.000530604430296,0,True,0,True,True,False,7,0,False,0,0,0,0,1,1,0,60000,0,0.638513513514,1,peripheral,0,truncated_depth4,0.03,0.1875,0.129490126369,0.122442170819,0,1
100000002242455100,peripheral,0.25,5,0.47569873,"4-е колено: исходящие не выгружены. Вход 1 плательщиков, 110,000 KZT. Роль за границей обхода не установлена.",4,False,1,0,110000,0,1,0,0.000529020759173,0,True,0,True,True,False,7,0,False,0,0,0,0,1,1,0,110000,0,0.757882882883,1,peripheral,0,truncated_depth4,0.03,0.1875,0.136623992001,0.121574733096,0,1
100000002243354100,peripheral,0.5,8,0.23472223,"Колено 1; входящих связей 1, исходящих 0; вход 20,879 KZT. Пороги значимых ролей не достигнуты.",1,False,1,0,20879,0,1,0,0.000288386664214,0,True,0,True,False,False,1,1,False,0,0,0,0,1,1,0,20879,0,0.154661016949,1,peripheral,1,none,0.03,0.0625,0.117066532835,0.0251556939502,0,1
100000002255058100,terminal,0.990556,19,0.4755728,"Колено 3; вход 491,500 KZT; исходящих связей 0, выход/вход=0.00. Получатель в видимой выборке.",3,False,1,0,491500,0,2,0,0.000423611900993,0,True,0,True,False,False,1,0,False,0,1,0,0,1,0.982706002035,0.5,245750,0,0.858048162231,1,terminal,0,none,0.15,0.0625,0.154242731023,0.108830071174,0,1
100000002257794100,terminal,0.615556,25,0.493609,"Колено 3; вход 154,000 KZT; исходящих связей 0, выход/вход=0.00. Получатель в видимой выборке.",3,False,1,0,154000,0,1,0,0.000854506738187,0,True,0,True,False,False,1,0,False,0,0,0,0,1,1,0,154000,0,0.638149556401,1,terminal,0,none,0.15,0.0625,0.140584093321,0.140524911032,0,1
100000002258492100,peripheral,0.25,23,0.46009422,"4-е колено: исходящие не выгружены. Вход 1 плательщиков, 9,000 KZT. Роль за границей обхода не установлена.",4,False,1,0,9000,0,1,0,0.00053691390317,0,True,0,True,True,False,8,0,False,0,0,0,0,1,1,1,9000,0,0.144144144144,1,peripheral,0,truncated_depth4,0.03,0.19812031259,0.107162960722,0.12481094306,0,1
100000002267998100,peripheral,0.5,30,0.59814291,"Колено 2; входящих связей 2, исходящих 3; вход 420,000 KZT. Пороги значимых ролей не достигнуты.",2,False,2,3,420000,1115000,4,12,0.0015903198002,5.8849614862e-05,True,2.65476190476,True,False,True,7,0,True,2,3,0.595238095238,1.8,1,0.325732899023,0,105000,92916.6666667,0.924242424242,1,peripheral,0,unobserved_funding;fast_temporal_match;directed_cycle,0.03,0.1875,0.167646174649,0.146330071174,0.0666666666667,1
100000002284426100,terminal,0.544444,5,0.48724264,"Колено 3; вход 90,000 KZT; исходящих связей 0, выход/вход=0.00. Получатель в видимой выборке.",3,False,1,0,90000,0,2,0,0.000286930065133,0,True,0,True,False,False,7,0,False,0,1,0,0,1,0.555555555556,0,45000,0,0.513941698352,1,terminal,1,none,0.15,0.1875,0.134262208966,0.0154804270463,0,1
100000002289937100,peripheral,0.5,8,0.23348204,"Колено 1; входящих связей 1, исходящих 0; вход 20,000 KZT. Пороги значимых ролей не достигнуты.",1,False,1,0,20000,0,1,0,0.000288203561406,0,True,0,True,False,False,1,1,False,0,0,0,0,1,1,0,20000,0,0.143008474576,1,peripheral,1,none,0.03,0.0625,0.116560329835,0.0244217081851,0,1
100000002293421100,peripheral,0.5,19,0.52729101,"Колено 2; входящих связей 2, исходящих 2; вход 41,000 KZT. Пороги значимых ролей не достигнуты.",2,False,2,2,41000,47000,6,5,0.000966991073062,1.96165382873e-05,True,1.14634146341,True,False,False,7,0,True,1,3,0.243902439024,1,1,0.181818181818,0.545454545455,6833.33333333,9400,0.493506493506,1,peripheral,0,directed_cycle,0.03,0.1875,0.133997716198,0.142459964413,0.0333333333333,1
100000002299948100,peripheral,0.5,13,0.37039871,"Колено 2; входящих связей 1, исходящих 0; вход 6,750 KZT. Пороги значимых ролей не достигнуты.",2,False,1,0,6750,0,1,0,0.000291431708202,0,True,0,True,False,False,8,0,False,0,0,0,0,1,1,1,6750,0,0.021645021645,1,peripheral,0,none,0.03,0.19812031259,0.103777503698,0.0385008896797,0,1
100000002301828100,peripheral,0.5,13,0.38247777,"Колено 3; входящих связей 1, исходящих 0; вход 46,977 KZT. Пороги значимых ролей не достигнуты.",3,False,1,0,46977,0,1,0,0.000291377587961,0,True,0,True,False,False,7,0,False,0,0,0,0,1,1,0,46977,0,0.378960709759,1,peripheral,1,none,0.03,0.1875,0.126610327742,0.0383674377224,0,1
100000002304943100,peripheral,0.25,19,0.39753406,"4-е колено: исходящие не выгружены. Вход 1 плательщиков, 15,000 KZT. Роль за границей обхода не установлена.",4,False,1,0,15000,0,1,0,0.000304673505732,0,True,0,True,True,False,7,0,False,0,0,0,0,1,1,0,15000,0,0.287162162162,1,peripheral,0,truncated_depth4,0.03,0.1875,0.113174633106,0.066859430605,0,1
100000002305007100,terminal,0.506667,6,0.38434983,"Колено 3; вход 56,000 KZT; исходящих связей 0, выход/вход=0.00. Получатель в видимой выборке.",3,False,1,0,56000,0,1,0,0.000292713715211,0,True,0,True,False,False,1,0,False,0,0,0,0,1,1,0,56000,0,0.437262357414,1,terminal,1,none,0.15,0.0625,0.128678124289,0.0431717081851,0,1
100000002305477100,peripheral,0.25,19,0.40886015,"4-е колено: исходящие не выгружены. Вход 1 плательщиков, 20,000 KZT. Роль за границей обхода не установлена.",4,False,1,0,20000,0,1,0,0.000311552207754,0,True,0,True,True,False,7,0,False,0,0,0,0,1,1,0,20000,0,0.370495495495,1,peripheral,0,truncated_depth4,0.03,0.1875,0.116560329835,0.0747998220641,0,1
100000002306369100,peripheral,0.5,4,0.45538033,"Колено 1; входящих связей 1, исходящих 6; вход 73,166 KZT. Пороги значимых ролей не достигнуты.",1,False,1,6,73166,260900,1,9,0.000297660047744,7.02515222385e-05,True,3.56586392587,True,False,True,7,1,True,0,1,0,0,1,0.401118341885,0,73166,28988.8888889,0.762711864407,3,peripheral,6,unobserved_funding;directed_cycle,0.03,0.1875,0.149698238274,0.0548487544484,0.0333333333333,1
100000002308091100,terminal,0.651911,10,0.48479997,"Колено 3; вход 186,720 KZT; исходящих связей 0, выход/вход=0.00. Получатель в видимой выборке.",3,False,1,0,186720,0,1,0,0.000557718529545,0,True,0,True,False,False,1,0,False,0,0,0,0,1,1,0,186720,0,0.671736375158,1,terminal,0,none,0.15,0.0625,0.142851575693,0.129448398577,0,1
100000002320495100,peripheral,0.25,1,0.45256698,"4-е колено: исходящие не выгружены. Вход 1 плательщиков, 13,526 KZT. Роль за границей обхода не установлена.",4,False,1,0,13526.27,0,1,0,0.000532243156765,0,True,0,True,True,False,7,0,False,0,0,0,0,1,1,0,13526.27,0,0.254504504505,1,peripheral,0,truncated_depth4,0.03,0.1875,0.111957551589,0.123109430605,0,1
100000002324543100,peripheral,0.5,9,0.23192728,"Колено 1; входящих связей 1, исходящих 0; вход 30,202 KZT. Пороги значимых ролей не достигнуты.",1,False,1,0,30202,0,1,0,0.000287259736758,0,True,0,True,False,False,1,1,False,0,0,0,0,1,1,0,30202,0,0.245762711864,1,peripheral,1,none,0.03,0.0625,0.121411261835,0.0180160142349,0,1
100000002335358100,terminal,0.6,3,0.61001394,"Колено 2; вход 140,000 KZT; исходящих связей 0, выход/вход=0.00. Получатель в видимой выборке.",2,False,1,0,140000,0,2,0,0.00060851597894,0,True,0,True,False,False,7,0,False,0,1,0,0,1,0.535714285714,0,70000,0,0.593073593074,1,terminal,0,none,0.15,0.1875,0.139462341598,0.133051601423,0,1
100000002340562100,peripheral,0.5,9,0.33649561,"Колено 2; входящих связей 1, исходящих 0; вход 36,650 KZT. Пороги значимых ролей не достигнуты.",2,False,1,0,36650,0,2,0,0.000527721845546,0,True,0,True,False,False,1,0,False,0,1,0,0,1,0.504774897681,0,18325,0,0.316017316017,1,peripheral,0,none,0.03,0.0625,0.123688666276,0.120306939502,0,1
100000002343825100,peripheral,0.5,2,0.46906652,"Колено 3; входящих связей 3, исходящих 2; вход 350,000 KZT. Пороги значимых ролей не достигнуты.",3,False,3,2,350000,89800,4,2,0.000331828343595,4.27997198996e-05,True,0.256571428571,True,False,False,8,0,False,0,1,0,0,2,0.682128240109,0,87500,44900,0.837769328264,1,peripheral,3,none,0.03,0.19812031259,0.152934642466,0.0880115658363,0,1
100000002346166100,peripheral,0.5,6,0.20022954,"Колено 3; входящих связей 1, исходящих 0; вход 6,000 KZT. Пороги значимых ролей не достигнуты.",3,False,1,0,6000,0,1,0,0.000284967004904,0,True,0,True,False,False,1,0,False,0,0,0,0,1,1,1,6000,0,0.0177439797212,1,peripheral,1,none,0.03,0.0625,0.102391466514,0.00533807829181,0,1
100000002356167100,terminal,0.777778,5,0.53304383,"Колено 3; вход 300,000 KZT; исходящих связей 2, выход/вход=0.10. Получатель в видимой выборке.",3,False,1,2,300000,29500,1,3,0.000293679617885,3.84404891691e-05,True,0.0983333333333,True,False,False,7,0,False,0,1,0,0,1,0.927162367223,0.25,300000,9833.33333333,0.782002534854,1,terminal,1,none,0.15,0.1875,0.149536263368,0.0460075622776,0,1
100000002369443100,terminal,0.5,6,0.37974646,"Колено 3; вход 50,000 KZT; исходящих связей 0, выход/вход=0.00. Получатель в видимой выборке.",3,False,1,0,50000,0,1,0,0.000291784109974,0,True,0,True,False,False,1,0,False,0,0,0,0,1,1,0,50000,0,0.399873257288,1,terminal,1,none,0.15,0.0625,0.127344320171,0.0399021352313,0,1
100000002369454100,peripheral,0.25,7,0.44608376,"4-е колено: исходящие не выгружены. Вход 1 плательщиков, 25,000 KZT. Роль за границей обхода не установлена.",4,False,1,0,25000,0,1,0,0.000426347715739,0,True,0,True,True,False,7,0,False,0,0,0,0,1,1,0,25000,0,0.433558558559,1,peripheral,0,truncated_depth4,0.03,0.1875,0.119186514696,0.109397241993,0,1
100000002369510100,peripheral,0.5,6,0.24867688,"Колено 3; входящих связей 1, исходящих 0; вход 37,150 KZT. Пороги значимых ролей не достигнуты.",3,False,1,0,37150,0,1,0,0.000289793205425,0,True,0,True,False,False,1,0,False,0,0,0,0,1,1,0,37150,0,0.326362484157,1,peripheral,1,none,0.03,0.0625,0.123848143596,0.0323287366548,0,1
100000002369874100,terminal,1,2,0.6368903,"Колено 3; вход 600,000 KZT; исходящих связей 0, выход/вход=0.00. Получатель в видимой выборке.",3,False,4,0,600000,0,4,0,0.000335531220238,0,True,0,True,False,False,9,0,False,0,0,0,0,4,1,0,150000,0,0.889733840304,1,terminal,4,sync_inflow,0.15,0.20762050593,0.156590374956,0.0893460854093,0.0333333333333,1
100000002371751100,peripheral,0.5,45,0.39774334,"Колено 1; входящих связей 1, исходящих 1; вход 200,000 KZT. Пороги значимых ролей не достигнуты.",1,False,1,1,200000,250000,5,1,0.000525469208382,1.98146851387e-07,True,1.25,True,False,True,1,1,False,0,1,0.85,1.70588235294,1,0.555555555556,0,40000,250000,0.816737288136,1,peripheral,0,unobserved_funding;fast_temporal_match,0.03,0.0625,0.153204488617,0.118705516014,0.0333333333333,1
100000002371892100,peripheral,0.25,3,0.41035386,"4-е колено: исходящие не выгружены. Вход 1 плательщиков, 43,830 KZT. Роль за границей обхода не установлена.",4,False,1,0,43830,0,1,0,0.000304859576226,0,True,0,True,True,False,7,0,False,0,0,0,0,1,1,0,43830,0,0.551801801802,1,peripheral,0,truncated_depth4,0.03,0.1875,0.125794248727,0.0670596085409,0,1
100000002373144100,peripheral,0.5,11,0.37052232,"Колено 3; входящих связей 1, исходящих 1; вход 46,468 KZT. Пороги значимых ролей не достигнуты.",3,False,1,1,46468,10764,1,1,0.000288126939194,1.92202445845e-05,True,0.231643281398,True,False,False,7,0,False,0,0,0,0,1,0.811923399497,0,46468,10764,0.438529784537,1,peripheral,1,none,0.03,0.1875,0.128934243059,0.0240880782918,0,1
100000002373386100,peripheral,0.5,6,0.23269184,"Колено 3; входящих связей 1, исходящих 0; вход 24,000 KZT. Пороги значимых ролей не достигнуты.",3,False,1,0,24000,0,1,0,0.000287755820615,0,True,0,True,False,False,1,0,False,0,0,0,0,1,1,0,24000,0,0.2154626109,1,peripheral,1,none,0.03,0.0625,0.118706077189,0.0214857651246,0,1
100000002380341100,terminal,0.508407,1,0.53623146,"Колено 3; вход 57,566 KZT; исходящих связей 0, выход/вход=0.00. Получатель в видимой выборке.",3,False,1,0,57566.4,0,1,0,0.000307431410417,0,True,0,True,False,False,7,0,False,0,0,0,0,1,1,0,57566.4,0,0.43979721166,1,terminal,1,none,0.15,0.1875,0.129002809957,0.0697286476868,0,1
100000002391278100,peripheral,0.5,21,0.3979938,"Колено 3; входящих связей 1, исходящих 1; вход 30,000 KZT. Пороги значимых ролей не достигнуты.",3,False,1,1,30000,52700,5,2,0.000396326280391,0,True,1.75666666667,True,False,True,1,0,True,1,2,0.666666666667,1,1,0.350665054414,0.571428571429,6000,26350,0.489226869455,1,peripheral,0,unobserved_funding;fast_temporal_match;directed_cycle,0.03,0.0625,0.133266632194,0.105560498221,0.0666666666667,1
100000002394199100,peripheral,0.5,9,0.42581917,"Колено 3; входящих связей 1, исходящих 1; вход 277,398 KZT. Пороги значимых ролей не достигнуты.",3,False,1,1,277398,76777,3,1,0.00316007598064,0,True,0.276775607611,True,False,False,1,0,True,1,1,0,0,1,0.435307404532,0,92466,76777,0.802281368821,1,peripheral,0,directed_cycle,0.03,0.0625,0.150386197519,0.149599644128,0.0333333333333,1
100000002398779100,consolidator,0.9,1,0.81208353,"Вход от 13 плательщиков (seed: 0); 1,095,690 KZT; исходящих связей 1. Признаки консолидации.",2,False,13,1,1095690,66000,28,3,0.00158967901719,1.27804719145e-05,True,0.0602360156614,True,False,False,8,0,False,0,9,0.0602360156614,2,7,0.467084161868,0.290322580645,39131.7857143,22000,0.902597402597,4,consolidator,7,sync_inflow,0.27,0.19812031259,0.164366534371,0.146263345196,0.0333333333333,1
100000002404112100,peripheral,0.25,27,0.43340027,"4-е колено: исходящие не выгружены. Вход 1 плательщиков, 60,000 KZT. Роль за границей обхода не установлена.",4,False,1,0,60000,0,1,0,0.000328164312057,0,True,0,True,True,False,7,0,False,0,0,0,0,1,1,0,60000,0,0.638513513514,1,peripheral,0,truncated_depth4,0.03,0.1875,0.129490126369,0.0864101423488,0,1
100000002432143100,terminal,0.534789,4,0.57923301,"Колено 2; вход 81,310 KZT; исходящих связей 0, выход/вход=0.00. Получатель в видимой выборке.",2,False,1,0,81310,0,1,0,0.000333345894729,0,True,0,True,False,False,9,0,False,0,0,0,0,1,1,0,81310,0,0.471861471861,1,terminal,1,none,0.15,0.20762050593,0.133067133533,0.0885453736655,0,1
100000002433697100,transit,0.557692,5,0.53786122,"Вход 130,000 KZT; выход/вход=0.85; сопоставлено за 1–2 дня 0%. Признаки транзита.",3,False,1,1,130000,110000,1,1,0.000288215694228,1.92202445845e-05,True,0.846153846154,True,False,False,7,0,False,0,0,0,0,1,1,0,130000,110000,0.719264892269,1,transit,1,none,0.18,0.1875,0.145806060969,0.0245551601423,0,1
100000002435265100,terminal,0.591809,1,0.51496002,"Колено 3; вход 132,628 KZT; исходящих связей 0, выход/вход=0.00. Получатель в видимой выборке.",3,False,1,0,132628,0,3,0,0.000291454866803,0,True,0,True,False,False,7,0,False,0,1,0,0,1,0.825451639171,0.333333333333,44209.3333333,0,0.596958174905,1,terminal,1,none,0.15,0.1875,0.138825680995,0.038634341637,0,1
100000002443664100,terminal,1,2,0.63694669,"Колено 2; вход 556,880 KZT; исходящих связей 0, выход/вход=0.00. Получатель в видимой выборке.",2,False,3,0,556880,0,3,0,0.000336889020088,0,True,0,True,False,False,9,0,False,0,0,0,0,3,1,0,185626.666667,0,0.844155844156,1,terminal,3,sync_inflow,0.15,0.20762050593,0.155712603742,0.0902802491103,0.0333333333333,1
100000002445750100,peripheral,0.5,1,0.47395248,"Колено 2; входящих связей 1, исходящих 1; вход 70,000 KZT. Пороги значимых ролей не достигнуты.",2,False,1,1,70000,10000,1,1,0.000534091898447,1.94183914359e-05,True,0.142857142857,True,False,False,7,0,False,0,0,0,0,1,0.875,0,70000,10000,0.465367965368,1,peripheral,0,none,0.03,0.1875,0.132875970207,0.123576512456,0,1
100000002448088100,peripheral,0.5,19,0.46070839,"Колено 3; входящих связей 3, исходящих 1; вход 20,000 KZT. Пороги значимых ролей не достигнуты.",3,False,3,1,20000,25000,3,1,0.000505571151024,2.08054193956e-05,True,1.25,True,False,True,7,0,False,0,0,0,0,2,0.777777777778,0.5,6666.66666667,25000,0.367553865653,1,peripheral,0,unobserved_funding,0.03,0.1875,0.126104298878,0.117104092527,0,1
100000002454724100,terminal,0.583333,29,0.53521482,"Колено 2; вход 125,000 KZT; исходящих связей 0, выход/вход=0.00. Получатель в видимой выборке.",2,False,1,0,125000,0,3,0,0.000299511182013,0,True,0,True,False,False,7,0,False,0,1,0,0,1,0.4,0,41666.6666667,0,0.581168831169,1,terminal,1,none,0.15,0.1875,0.138128522348,0.0595862989324,0,1
100000002457464100,terminal,0.518497,4,0.56165393,"Колено 2; вход 66,647 KZT; исходящих связей 0, выход/вход=0.00. Получатель в видимой выборке.",2,False,1,0,66647,0,1,0,0.000320396344267,0,True,0,True,False,False,8,0,False,0,0,0,0,1,1,0,66647,0,0.450216450216,1,terminal,0,none,0.15,0.19812031259,0.130726681719,0.0828069395018,0,1
100000002459093100,terminal,1,9,0.47146462,"Колено 2; вход 500,000 KZT; исходящих связей 1, выход/вход=0.11. Получатель в видимой выборке.",2,False,1,1,500000,55000,2,3,0.000387034846213,1.18888110832e-06,True,0.11,True,False,False,1,0,False,0,2,0,0,1,0.540540540541,0,250000,18333.3333333,0.841991341991,1,terminal,0,none,0.15,0.0625,0.155672803109,0.103291814947,0,1
100000002459163100,peripheral,0.5,43,0.30751987,"Колено 2; входящих связей 1, исходящих 0; вход 20,180 KZT. Пороги значимых ролей не достигнуты.",2,False,1,0,20180,0,1,0,0.000362649124546,0,True,0,True,False,False,1,0,False,0,0,0,0,1,1,0,20180,0,0.164502164502,1,peripheral,0,none,0.03,0.0625,0.116665776845,0.0983540925267,0,1
100000002459164100,peripheral,0.5,13,0.45943844,"Колено 3; входящих связей 1, исходящих 0; вход 20,000 KZT. Пороги значимых ролей не достигнуты.",3,False,1,0,20000,0,1,0,0.000538602276948,0,True,0,True,False,False,7,0,False,0,0,0,0,1,1,0,20000,0,0.17237008872,1,peripheral,0,none,0.03,0.1875,0.116560329835,0.125378113879,0,1
100000002459240100,terminal,0.611111,5,0.50539891,"Колено 3; вход 150,000 KZT; исходящих связей 0, выход/вход=0.00. Получатель в видимой выборке.",3,False,1,0,150000,0,1,0,0.000288858508776,0,True,0,True,False,False,7,0,False,0,0,0,0,1,1,0,150000,0,0.624207858048,1,terminal,1,none,0.15,0.1875,0.140274352086,0.0276245551601,0,1
100000002459832100,terminal,1,18,0.60296555,"Колено 3; вход 880,606 KZT; исходящих связей 0, выход/вход=0.00. Получатель в видимой выборке.",3,False,2,0,880606,0,2,0,0.000390855393522,0,True,0,True,False,False,7,0,False,0,0,0,0,1,0.659325509933,0,440303,0,0.932826362484,1,terminal,2,none,0.15,0.1875,0.161106123108,0.104359430605,0,1
100000002462183100,terminal,0.563889,39,0.45061054,"Колено 1; вход 107,500 KZT; исходящих связей 0, выход/вход=0.00. Получатель в видимой выборке.",1,False,1,0,107500,0,3,0,0.00037811253763,0,True,0,True,False,False,1,1,False,0,1,0,0,1,0.539534883721,0,35833.3333333,0,0.572033898305,1,terminal,0,none,0.15,0.0625,0.136353417858,0.101757117438,0,1
100000002469065100,terminal,0.666667,19,0.56103122,"Колено 2; вход 200,000 KZT; исходящих связей 0, выход/вход=0.00. Получатель в видимой выборке.",2,False,1,0,200000,0,1,0,0.000316937859877,0,True,0,True,False,False,7,0,False,0,0,0,0,1,1,0,200000,0,0.677489177489,1,terminal,1,none,0.15,0.1875,0.143660225347,0.0798709964413,0,1
100000002472632100,terminal,1,26,0.63512048,"Колено 3; вход 502,400 KZT; исходящих связей 1, выход/вход=0.04. Получатель в видимой выборке.",3,False,2,1,502400,20000,3,1,0.000978855998091,2.00128319901e-05,True,0.0398089171975,True,False,False,7,0,False,0,1,0,0,1,0.592457886677,0,167466.666667,20000,0.874524714829,1,terminal,0,none,0.15,0.1875,0.154960339273,0.142660142349,0,1
100000002474570100,peripheral,0.25,10,0.21669565,"4-е колено: исходящие не выгружены. Вход 1 плательщиков, 6,750 KZT. Роль за границей обхода не установлена.",4,False,1,0,6750,0,1,0,0.000287625841798,0,True,0,True,True,False,1,0,False,0,0,0,0,1,1,1,6750,0,0.101351351351,1,peripheral,1,truncated_depth4,0.03,0.0625,0.103777503698,0.0204181494662,0,1
100000002475601100,terminal,0.702557,18,0.41904331,"Колено 3; вход 232,301 KZT; исходящих связей 0, выход/вход=0.00. Получатель в видимой выборке.",3,False,1,0,232301,0,1,0,0.00030046675429,0,True,0,True,False,False,1,0,False,0,0,0,0,1,1,0,232301,0,0.71102661597,1,terminal,1,none,0.15,0.0625,0.145422316174,0.0611209964413,0,1
100000002478829100,peripheral,0.25,19,0.44319681,"4-е колено: исходящие не выгружены. Вход 1 плательщиков, 34,000 KZT. Роль за границей обхода не установлена.",4,False,1,0,34000,0,1,0,0.000385072671035,0,True,0,True,True,False,7,0,False,0,0,0,0,1,1,0,34000,0,0.503378378378,1,peripheral,0,truncated_depth4,0.03,0.1875,0.122805351269,0.102891459075,0,1
100000002479804100,peripheral,0.5,4,0.30921041,"Колено 1; входящих связей 1, исходящих 2; вход 46,000 KZT. Пороги значимых ролей не достигнуты.",1,False,1,2,46000,35300,1,2,0.000295360092435,1.78332166248e-06,True,0.767391304348,True,False,False,1,1,False,0,0,0.5,1,1,0.565805658057,0,46000,17650,0.497881355932,2,peripheral,1,fast_temporal_match,0.03,0.0625,0.133065685969,0.0503113879004,0.0333333333333,1
100000002480800100,terminal,1,1,0.65670525,"Колено 1; вход 569,251 KZT; исходящих связей 0, выход/вход=0.00. Получатель в видимой выборке.",1,False,2,0,569251,0,2,0,0.000636975761808,0,True,0,True,False,False,10,1,False,0,0,0,0,2,1,0,284625.5,0,0.862288135593,2,terminal,2,none,0.15,0.216214476165,0.155971200457,0.134519572954,0,1
100000002481735100,peripheral,0.5,3,0.43316655,"Колено 2; входящих связей 1, исходящих 0; вход 22,436 KZT. Пороги значимых ролей не достигнуты.",2,False,1,0,22436,0,2,0,0.000360656240681,0,True,0,True,False,False,7,0,False,0,1,0,0,1,0.668568372259,0.5,11218,0,0.181818181818,1,peripheral,0,none,0.03,0.1875,0.117912995471,0.0977535587189,0,1
100000002481974100,peripheral,0.5,18,0.4900128,"Колено 3; входящих связей 2, исходящих 2; вход 89,447 KZT. Пороги значимых ролей не достигнуты.",3,False,2,2,89447,318000,2,4,0.000329812158047,3.88367828719e-05,True,3.55517792659,True,False,True,7,0,False,0,1,0.659608483236,1,1,0.613576735134,0.333333333333,44723.5,79500,0.825095057034,2,peripheral,1,unobserved_funding;fast_temporal_match,0.03,0.1875,0.152035341358,0.0871441281139,0.0333333333333,1
100000002487222100,peripheral,0.25,5,0.42315901,"4-е колено: исходящие не выгружены. Вход 1 плательщиков, 90,000 KZT. Роль за границей обхода не установлена.",4,False,1,0,90000,0,2,0,0.000308729108518,0,True,0,True,True,False,7,0,False,0,1,0,0,1,0.666666666667,0,45000,0,0.703828828829,1,peripheral,0,truncated_depth4,0.03,0.1875,0.134262208966,0.071396797153,0,1
100000002488629100,terminal,0.525611,21,0.39982235,"Колено 2; вход 73,050 KZT; исходящих связей 0, выход/вход=0.00. Получатель в видимой выборке.",2,False,1,0,73050,0,1,0,0.00029778945321,0,True,0,True,False,False,1,0,False,0,0,0,0,1,1,0,73050,0,0.458874458874,1,terminal,1,none,0.15,0.0625,0.131806336746,0.0555160142349,0,1
100000002489253100,terminal,0.501111,3,0.5259982,"Колено 2; вход 51,000 KZT; исходящих связей 0, выход/вход=0.00. Получатель в видимой выборке.",2,False,1,0,51000,0,1,0,0.000300184821357,0,True,0,True,False,False,7,0,False,0,0,0,0,1,1,0,51000,0,0.387445887446,1,terminal,0,none,0.15,0.1875,0.127577383866,0.0609208185053,0,1
100000002492277100,terminal,0.598333,1,0.54496278,"Колено 2; вход 138,500 KZT; исходящих связей 0, выход/вход=0.00. Получатель в видимой выборке.",2,False,1,0,138500,0,1,0,0.000305724591,0,True,0,True,False,False,7,0,False,0,0,0,0,1,1,0,138500,0,0.588744588745,1,terminal,1,none,0.15,0.1875,0.139335559612,0.0681272241993,0,1
100000002505277100,peripheral,0.25,1,0.45391851,"4-е колено: исходящие не выгружены. Вход 1 плательщиков, 60,000 KZT. Роль за границей обхода не установлена.",4,False,1,0,60000,0,1,0,0.000405323758019,0,True,0,True,True,False,7,0,False,0,0,0,0,1,1,0,60000,0,0.638513513514,1,peripheral,0,truncated_depth4,0.03,0.1875,0.129490126369,0.106928380783,0,1
100000002506987100,peripheral,0.25,14,0.38634694,"4-е колено: исходящие не выгружены. Вход 1 плательщиков, 28,200 KZT. Роль за границей обхода не установлена.",4,False,1,0,28200,0,1,0,0.000294513312178,0,True,0,True,True,False,7,0,False,0,0,0,0,1,1,0,28200,0,0.454954954955,1,peripheral,1,truncated_depth4,0.03,0.1875,0.120604060114,0.0482428825623,0,1
100000002508637100,terminal,0.7849,18,0.42954502,"Колено 3; вход 306,410 KZT; исходящих связей 1, выход/вход=0.03. Получатель в видимой выборке.",3,False,1,1,306410,8000,1,1,0.000305708070694,7.92587405548e-07,True,0.0261088084593,True,False,False,1,0,False,0,0,0,0,1,0.974555516682,0.5,306410,8000,0.773130544994,1,terminal,1,none,0.15,0.0625,0.148984525675,0.0680604982206,0,1
100000002509598100,terminal,0.783944,10,0.45502587,"Колено 3; вход 305,550 KZT; исходящих связей 0, выход/вход=0.00. Получатель в видимой выборке.",3,False,1,0,305550,0,1,0,0.000298487124068,0,True,0,True,False,False,2,0,False,0,0,0,0,1,1,0,305550,0,0.768060836502,1,terminal,1,none,0.15,0.0990601562951,0.148648100388,0.0573176156584,0,1
100000002511581100,peripheral,0.5,6,0.22183523,"Колено 3; входящих связей 1, исходящих 0; вход 17,600 KZT. Пороги значимых ролей не достигнуты.",3,False,1,0,17600,0,1,0,0.000286764241695,0,True,0,True,False,False,1,0,False,0,0,0,0,1,1,0,17600,0,0.145754119138,1,peripheral,1,none,0.03,0.0625,0.115055866891,0.0142793594306,0,1
100000002511825100,terminal,0.516667,1,0.51997844,"Колено 1; вход 65,000 KZT; исходящих связей 0, выход/вход=0.00. Получатель в видимой выборке.",1,False,1,0,65000,0,1,0,0.000296139634653,0,True,0,True,False,False,7,1,False,0,0,0,0,1,1,0,65000,0,0.440677966102,1,terminal,1,none,0.15,0.1875,0.130432179138,0.0520462633452,0,1
100000002512742100,peripheral,0.25,10,0.21254049,"4-е колено: исходящие не выгружены. Вход 1 плательщиков, 6,000 KZT. Роль за границей обхода не установлена.",4,False,1,0,6000,0,1,0,0.000287227126006,0,True,0,True,True,False,1,0,False,0,0,0,0,1,1,1,6000,0,0.0878378378378,1,peripheral,1,truncated_depth4,0.03,0.0625,0.102391466514,0.0176490213523,0,1
100000002513028100,peripheral,0.5,1,0.43340695,"Колено 3; входящих связей 1, исходящих 3; вход 9,500 KZT. Пороги значимых ролей не достигнуты.",3,False,1,3,9500,332709,1,24,0.000303917240907,6.06329365244e-05,True,35.022,True,False,True,7,0,False,0,2,0,0,1,0.16072049537,0.56,9500,13862.875,0.785804816223,1,peripheral,1,unobserved_funding,0.03,0.1875,0.149981684852,0.0659252669039,0,1
100000002514975100,peripheral,0.25,27,0.45340849,"4-е колено: исходящие не выгружены. Вход 1 плательщиков, 17,920 KZT. Роль за границей обхода не установлена.",4,False,1,0,17920,0,1,0,0.000527898683413,0,True,0,True,True,False,7,0,False,0,0,0,0,1,1,0,17920,0,0.335585585586,1,peripheral,0,truncated_depth4,0.03,0.1875,0.115267924923,0.120640569395,0,1
100000002516862100,peripheral,0.25,1,0.44444162,"4-е колено: исходящие не выгружены. Вход 1 плательщиков, 81,710 KZT. Роль за границей обхода не установлена.",4,False,1,0,81710,0,5,0,0.000347480582116,0,True,0,True,True,False,7,0,False,0,1,0,0,1,0.571655856076,0.4,16342,0,0.689189189189,1,peripheral,0,truncated_depth4,0.03,0.1875,0.13312489059,0.0938167259786,0,1
100000002521039100,terminal,0.832633,1,0.55318362,"Колено 3; вход 349,370 KZT; исходящих связей 0, выход/вход=0.00. Получатель в видимой выборке.",3,False,1,0,349370,0,1,0,0.000303576565554,0,True,0,True,False,False,7,0,False,0,0,0,0,1,1,0,349370,0,0.792141951838,1,terminal,1,none,0.15,0.1875,0.150225430322,0.0654581850534,0,1
100000002527114100,distributor,1,8,0.37399577,"Переводы 111 получателям; 113 операций; 3,289,249 KZT. Признаки веерного распределения.",0,True,3,111,129000,3289249,4,113,0.000806090712205,0.000193391326954,True,25.4980542636,False,False,True,0,0,True,3,3,1,1.19379844961,1,0.120295508022,0.017094017094,32250,29108.3982301,0.925925925926,2,distributor,1,seed;unobserved_funding;fast_temporal_match;directed_cycle,0.24,0,0.177068861292,0.139590747331,0.0666666666667,0.6
100000002528544100,terminal,0.658791,18,0.41078448,"Колено 3; вход 192,912 KZT; исходящих связей 0, выход/вход=0.00. Получатель в видимой выборке.",3,False,1,0,192912,0,1,0,0.000297680989919,0,True,0,True,False,False,1,0,False,0,0,0,0,1,1,0,192912,0,0.683143219265,1,terminal,1,none,0.15,0.0625,0.143235543465,0.0550489323843,0,1
100000002528978100,peripheral,0.25,14,0.36432302,"4-е колено: исходящие не выгружены. Вход 1 плательщиков, 15,900 KZT. Роль за границей обхода не установлена.",4,False,1,0,15900,0,1,0,0.000289944031189,0,True,0,True,True,False,7,0,False,0,0,0,0,1,1,0,15900,0,0.306306306306,1,peripheral,1,truncated_depth4,0.03,0.1875,0.113860388402,0.032962633452,0,1
100000002529877100,peripheral,0.25,2,0.43971954,"4-е колено: исходящие не выгружены. Вход 1 плательщиков, 232,000 KZT. Роль за границей обхода не установлена.",4,False,1,0,232000,0,1,0,0.000304170214168,0,True,0,True,True,False,8,0,False,0,0,0,0,1,1,0,232000,0,0.851351351351,1,peripheral,1,truncated_depth4,0.03,0.19812031259,0.145407056141,0.0661921708185,0,1
100000002529880100,terminal,0.607778,2,0.55494959,"Колено 3; вход 147,000 KZT; исходящих связей 0, выход/вход=0.00. Получатель в видимой выборке.",3,False,2,0,147000,0,2,0,0.000304610670056,0,True,0,True,False,False,8,0,False,0,0,0,0,2,1,0,73500,0,0.615335868188,1,terminal,2,none,0.15,0.19812031259,0.140036576608,0.0667927046263,0,1
100000002530224100,terminal,0.57,2,0.52732364,"Колено 3; вход 113,000 KZT; исходящих связей 0, выход/вход=0.00. Получатель в видимой выборке.",3,False,1,0,113000,0,1,0,0.000289819900574,0,True,0,True,False,False,9,0,False,0,0,0,0,1,1,0,113000,0,0.565272496831,1,terminal,1,none,0.15,0.20762050593,0.136940678179,0.032762455516,0,1
100000002531406100,transit,0.701923,18,0.48834275,"Вход 520,000 KZT; выход/вход=0.96; сопоставлено за 1–2 дня 0%. Признаки транзита.",3,False,1,1,520000,500000,1,1,0.000320814100603,7.92587405548e-07,True,0.961538461538,True,False,False,1,0,False,0,0,0,0,1,0.509803921569,0,520000,500000,0.944233206591,1,transit,1,none,0.18,0.0625,0.162835630618,0.0830071174377,0,1
100000002534091100,peripheral,0.5,7,0.38426541,"Колено 3; входящих связей 1, исходящих 0; вход 22,200 KZT. Пороги значимых ролей не достигнуты.",3,False,1,0,22200,0,1,0,0.000294761238059,0,True,0,True,False,False,7,0,False,0,0,0,0,1,1,0,22200,0,0.192015209125,1,peripheral,1,none,0.03,0.1875,0.117788543513,0.0489768683274,0,1
100000002537811100,peripheral,0.5,4,0.52964438,"Колено 3; входящих связей 1, исходящих 1; вход 52,000 KZT. Пороги значимых ролей не достигнуты.",3,False,1,1,52000,15000,1,1,0.00121919239188,2.63535312345e-05,True,0.288461538462,True,False,False,11,0,False,0,0,0,0,1,0.776119402985,0,52000,15000,0.461977186312,1,peripheral,0,none,0.03,0.224060156295,0.130788854517,0.144795373665,0,1
100000002539625100,terminal,0.549667,22,0.58476386,"Колено 2; вход 94,700 KZT; исходящих связей 0, выход/вход=0.00. Получатель в видимой выборке.",2,False,1,0,94700,0,1,0,0.000343094522426,0,True,0,True,False,False,9,0,False,0,0,0,0,1,1,0,94700,0,0.52380952381,1,terminal,0,none,0.15,0.20762050593,0.134861324299,0.0922820284698,0,1
100000002540033100,peripheral,0.25,2,0.47800737,"4-е колено: исходящие не выгружены. Вход 1 плательщиков, 10,000 KZT. Роль за границей обхода не установлена.",4,False,1,0,10000,0,1,0,0.000592416429728,0,True,0,True,True,False,9,0,False,0,0,0,0,1,1,0,10000,0,0.184684684685,1,peripheral,0,truncated_depth4,0.03,0.20762050593,0.10840287741,0.131983985765,0,1
100000002540623100,terminal,0.555556,10,0.43581363,"Колено 2; вход 100,000 KZT; исходящих связей 0, выход/вход=0.00. Получатель в видимой выборке.",2,False,1,0,100000,0,1,0,0.000331338778461,0,True,0,True,False,False,1,0,False,0,0,0,0,1,1,0,100000,0,0.538961038961,1,terminal,1,none,0.15,0.0625,0.135502243335,0.0878113879004,0,1
100000002546921100,peripheral,0.5,15,0.36562172,"Колено 3; входящих связей 1, исходящих 0; вход 20,000 KZT. Пороги значимых ролей не достигнуты.",3,False,1,0,20000,0,1,0,0.000289671090311,0,True,0,True,False,False,7,0,False,0,0,0,0,1,1,0,20000,0,0.17237008872,1,peripheral,1,none,0.03,0.1875,0.116560329835,0.0315613879004,0,1
100000002547110100,consolidator,0.55,2,0.79647515,"Вход от 6 плательщиков (seed: 0); 1,500,000 KZT; исходящих связей 0. Признаки консолидации.",3,False,6,0,1500000,0,10,0,0.000548745453221,0,True,0,True,False,False,8,0,False,0,4,0,0,5,0.684,0,150000,0,0.964512040558,2,consolidator,5,sync_inflow,0.27,0.19812031259,0.167374706597,0.127646797153,0.0333333333333,1
100000002548759100,terminal,0.861111,2,0.57807417,"Колено 3; вход 375,000 KZT; исходящих связей 0, выход/вход=0.00. Получатель в видимой выборке.",3,False,2,0,375000,0,2,0,0.000306918240961,0,True,0,True,False,False,9,0,False,0,0,0,0,2,1,0,187500,0,0.812420785805,1,terminal,2,none,0.15,0.20762050593,0.151058648418,0.0693950177936,0,1
100000002550141100,terminal,0.556207,18,0.54173204,"Колено 3; вход 100,586 KZT; исходящих связей 0, выход/вход=0.00. Получатель в видимой выборке.",3,False,1,0,100586,0,1,0,0.000306084163847,0,True,0,True,False,False,7,0,False,0,0,0,0,1,1,0,100586,0,0.546261089987,1,terminal,1,none,0.15,0.1875,0.135571011006,0.0686610320285,0,1
100000002554175100,peripheral,0.5,14,0.38107968,"Колено 3; входящих связей 1, исходящих 0; вход 24,621 KZT. Пороги значимых ролей не достигнуты.",3,False,1,0,24621,0,1,0,0.00029314700213,0,True,0,True,False,False,7,0,False,0,0,0,0,1,1,0,24621,0,0.221799746515,1,peripheral,1,none,0.03,0.1875,0.119006729036,0.0445729537367,0,1
100000002556775100,terminal,0.777778,5,0.53193992,"Колено 3; вход 300,000 KZT; исходящих связей 0, выход/вход=0.00. Получатель в видимой выборке.",3,False,1,0,300000,0,1,0,0.000293679617885,0,True,0,True,False,False,7,0,False,0,0,0,0,1,1,0,300000,0,0.762357414449,1,terminal,1,none,0.15,0.1875,0.148432353713,0.0460075622776,0,1
100000002558173100,peripheral,0.5,13,0.38324478,"Колено 2; входящих связей 1, исходящих 0; вход 9,300 KZT. Пороги значимых ролей не достигнуты.",2,False,1,0,9300,0,1,0,0.000294225113649,0,True,0,True,False,False,8,0,False,0,0,0,0,1,1,1,9300,0,0.034632034632,1,peripheral,0,none,0.03,0.19812031259,0.107548840496,0.0475756227758,0,1
100000002559089100,terminal,1,2,0.62056741,"Колено 3; вход 715,000 KZT; исходящих связей 0, выход/вход=0.00. Получатель в видимой выборке.",3,False,2,0,715000,0,2,0,0.000390172481711,0,True,0,True,False,False,9,0,False,0,0,0,0,2,1,0,357500,0,0.901140684411,1,terminal,1,none,0.15,0.20762050593,0.158654199024,0.104292704626,0,1
100000002565277100,terminal,0.981466,4,0.62215022,"Колено 1; вход 483,319 KZT; исходящих связей 0, выход/вход=0.00. Получатель в видимой выборке.",1,False,1,0,483319,0,1,0,0.000380032319828,0,True,0,True,False,False,10,1,False,0,0,0,0,1,1,0,483319,0,0.834745762712,1,terminal,1,none,0.15,0.216214476165,0.154045178708,0.101890569395,0,1
100000002566204100,terminal,0.534228,10,0.42923491,"Колено 2; вход 80,805 KZT; исходящих связей 0, выход/вход=0.00. Получатель в видимой выборке.",2,False,1,0,80805,0,1,0,0.000322259278802,0,True,0,True,False,False,1,0,False,0,0,0,0,1,1,0,80805,0,0.467532467532,1,terminal,1,none,0.15,0.0625,0.1329938081,0.0837411032028,0,1
100000002567887100,terminal,0.501017,5,0.47319832,"Колено 3; вход 50,915 KZT; исходящих связей 0, выход/вход=0.00. Получатель в видимой выборке.",3,False,1,0,50915,0,1,0,0.000285673844802,0,True,0,True,False,False,7,0,False,0,0,0,0,1,1,0,50915,0,0.40937896071,1,terminal,1,none,0.15,0.1875,0.127557751945,0.00814056939502,0,1
100000002570206100,terminal,0.629955,1,0.5587726,"Колено 2; вход 166,960 KZT; исходящих связей 0, выход/вход=0.00. Получатель в видимой выборке.",2,False,2,0,166959.6,0,2,0,0.000316743092022,0,True,0,True,False,False,7,0,False,0,0,0,0,1,0.513972242387,0,83479.8,0,0.640692640693,2,terminal,2,none,0.15,0.1875,0.141535059592,0.079737544484,0,1
100000002575080100,peripheral,0.5,3,0.46409929,"Колено 3; входящих связей 1, исходящих 1; вход 13,000 KZT. Пороги значимых ролей не достигнуты.",3,False,1,1,13000,12500,1,1,0.000547644129973,1.98146851387e-05,True,0.961538461538,True,False,False,7,0,False,0,0,0,0,1,1,0,13000,12500,0.239543726236,1,peripheral,0,none,0.03,0.1875,0.119419573776,0.127179715302,0,1
100000002578405100,distributor,1,6,0.67914267,"Переводы 116 получателям; 120 операций; 3,108,352 KZT. Признаки веерного распределения.",2,False,2,116,1200351,3108352,7,120,0.00056657647945,0.000171000732747,True,2.58953589408,True,False,True,1,0,True,2,5,0.914749102554,1.36346241416,1,0.11635102257,0.0629921259843,171478.714286,25902.9333333,0.97619047619,2,distributor,1,unobserved_funding;fast_temporal_match;directed_cycle,0.24,0.0625,0.17979361493,0.130182384342,0.0666666666667,1
100000002578653100,peripheral,0.5,1,0.40632456,"Колено 3; входящих связей 1, исходящих 0; вход 20,000 KZT. Пороги значимых ролей не достигнуты.",3,False,1,0,20000,0,1,0,0.000309599748703,0,True,0,True,False,False,7,0,False,0,0,0,0,1,1,0,20000,0,0.17237008872,1,peripheral,1,none,0.03,0.1875,0.116560329835,0.0722642348754,0,1
100000002580377100,peripheral,0.5,3,0.36622125,"Колено 1; входящих связей 1, исходящих 1; вход 37,750 KZT. Пороги значимых ролей не достигнуты.",1,False,1,1,37750,5000,2,1,0.000288069511205,1.92202445845e-05,True,0.132450331126,True,False,False,7,1,False,0,1,0,0,1,0.553216374269,0.333333333333,18875,5000,0.328389830508,1,peripheral,1,none,0.03,0.1875,0.125500612876,0.0232206405694,0,1
100000002581346100,terminal,0.629333,5,0.50908896,"Колено 3; вход 166,400 KZT; исходящих связей 0, выход/вход=0.00. Получатель в видимой выборке.",3,False,1,0,166400,0,1,0,0.000289385616705,0,True,0,True,False,False,7,0,False,0,0,0,0,1,1,0,166400,0,0.65525982256,1,terminal,1,none,0.15,0.1875,0.141495545414,0.0300934163701,0,1
100000002589019100,peripheral,0.5,12,0.24777724,"Колено 1; входящих связей 1, исходящих 0; вход 34,710 KZT. Пороги значимых ролей не достигнуты.",1,False,1,0,34710,0,1,0,0.000289760126604,0,True,0,True,False,False,1,1,False,0,0,0,0,1,1,0,34710,0,0.26906779661,1,peripheral,1,none,0.03,0.0625,0.123048589383,0.0322286476868,0,1
100000002591469100,terminal,0.7063,9,0.41254018,"Колено 1; вход 235,670 KZT; исходящих связей 0, выход/вход=0.00. Получатель в видимой выборке.",1,False,1,0,235670,0,1,0,0.000297463097675,0,True,0,True,False,False,1,1,False,0,0,0,0,1,1,0,235670,0,0.71186440678,1,terminal,1,none,0.15,0.0625,0.145591780437,0.0544483985765,0,1
100000002592567100,peripheral,0.5,3,0.34919738,"Колено 1; входящих связей 1, исходящих 2; вход 5,297 KZT. Пороги значимых ролей не достигнуты.",1,False,1,2,5297,48600,1,2,0.000284603177013,0.000720247685703,True,9.17500471965,True,False,True,7,1,False,0,0,0,0,1,0.742156335232,0.666666666667,5297,24300,0.408898305085,2,peripheral,2,unobserved_funding,0.03,0.1875,0.128227630341,0.00346975088968,0,1
100000002593038100,peripheral,0.5,12,0.48423593,"Колено 2; входящих связей 1, исходящих 0; вход 28,500 KZT. Пороги значимых ролей не достигнуты.",2,False,1,0,28500,0,1,0,0.000653367546914,0,True,0,True,False,False,8,0,False,0,0,0,0,1,1,0,28500,0,0.244588744589,1,peripheral,0,none,0.03,0.19812031259,0.120728602546,0.135387010676,0,1
100000002593344100,terminal,0.923333,2,0.60693648,"Колено 3; вход 431,000 KZT; исходящих связей 0, выход/вход=0.00. Получатель в видимой выборке.",3,False,2,0,431000,0,2,0,0.000356942620798,0,True,0,True,False,False,9,0,False,0,0,0,0,2,1,0,215500,0,0.835234474018,1,terminal,1,none,0.15,0.20762050593,0.152696756703,0.0966192170819,0,1
100000002594214100,peripheral,0.25,5,0.47925737,"4-е колено: исходящие не выгружены. Вход 1 плательщиков, 1,000,000 KZT. Роль за границей обхода не установлена.",4,False,1,0,1000000,0,1,0,0.000364986799318,0,True,0,True,True,False,7,0,False,0,0,0,0,1,1,0,1000000,0,0.974099099099,1,peripheral,0,truncated_depth4,0.03,0.1875,0.162602562538,0.0991548042705,0,1
100000002596035100,terminal,0.701744,16,0.57531158,"Колено 1; вход 231,570 KZT; исходящих связей 0, выход/вход=0.00. Получатель в видимой выборке.",1,False,1,0,231570,0,1,0,0.000318963515079,0,True,0,True,False,False,8,1,False,0,0,0,0,1,1,0,231570,0,0.709745762712,1,terminal,1,none,0.15,0.19812031259,0.145385221714,0.0818060498221,0,1
100000002596039100,peripheral,0.25,22,0.42971109,"4-е колено: исходящие не выгружены. Вход 1 плательщиков, 280,000 KZT. Роль за границей обхода не установлена.",4,False,1,0,280000,0,1,0,0.000302685077881,0,True,0,True,True,False,7,0,False,0,0,0,0,1,1,0,280000,0,0.886261261261,1,peripheral,1,truncated_depth4,0.03,0.1875,0.147620340423,0.064590747331,0,1
100000002597003100,peripheral,0.5,1,0.35726108,"Колено 1; входящих связей 1, исходящих 1; вход 17,700 KZT. Пороги значимых ролей не достигнуты.",1,False,1,1,17700,11000,1,1,0.000287332931348,1.92202445845e-05,True,0.621468926554,True,False,False,7,1,False,0,0,0,0,1,0.616724738676,0,17700,11000,0.226694915254,1,peripheral,1,none,0.03,0.1875,0.120810904654,0.0189501779359,0,1
100000002597074100,peripheral,0.25,7,0.39474039,"4-е колено: исходящие не выгружены. Вход 1 плательщиков, 8,000 KZT. Роль за границей обхода не установлена.",4,False,1,0,8000,0,1,0,0.00030873044601,0,True,0,True,True,False,7,0,False,0,0,0,0,1,1,1,8000,0,0.130630630631,1,peripheral,0,truncated_depth4,0.03,0.1875,0.105776869064,0.0714635231317,0,1
100000002597623100,peripheral,0.5,1,0.33700904,"Колено 3; входящих связей 1, исходящих 0; вход 16,418 KZT. Пороги значимых ролей не достигнуты.",3,False,1,0,16418,0,1,0,0.000284955606799,0,True,0,True,False,False,7,0,False,0,0,0,0,1,1,0,16418,0,0.12927756654,1,peripheral,1,none,0.03,0.1875,0.11423768771,0.00527135231317,0,1
100000002599729100,peripheral,0.25,1,0.46276759,"4-е колено: исходящие не выгружены. Вход 1 плательщиков, 65,000 KZT. Роль за границей обхода не установлена.",4,False,1,0,65000,0,2,0,0.00048294308298,0,True,0,True,True,False,7,0,False,0,1,0,0,1,0.769230769231,0,32500,0,0.652027027027,1,peripheral,0,truncated_depth4,0.03,0.1875,0.130432179138,0.114835409253,0,1
100000002600345100,terminal,0.502667,3,0.51257138,"Колено 1; вход 52,400 KZT; исходящих связей 0, выход/вход=0.00. Получатель в видимой выборке.",1,False,2,0,52400,0,2,0,0.000294118444163,0,True,0,True,False,False,7,1,False,0,0,0,0,1,0.904580152672,0.5,26200,0,0.39406779661,1,terminal,1,none,0.15,0.1875,0.127896108805,0.0471752669039,0,1
100000002603371100,peripheral,0.5,1,0.34713514,"Колено 3; входящих связей 1, исходящих 0; вход 9,300 KZT. Пороги значимых ролей не достигнуты.",3,False,1,0,9300,0,1,0,0.000287816762281,0,True,0,True,False,False,7,0,False,0,0,0,0,1,1,1,9300,0,0.0405576679341,1,peripheral,1,none,0.03,0.1875,0.107548840496,0.0220862989324,0,1
100000002603478100,peripheral,0.5,12,0.23341159,"Колено 1; входящих связей 1, исходящих 0; вход 23,500 KZT. Пороги значимых ролей не достигнуты.",1,False,1,0,23500,0,1,0,0.000287911905084,0,True,0,True,False,False,1,1,False,0,0,0,0,1,1,0,23500,0,0.173728813559,1,peripheral,1,none,0.03,0.0625,0.118458298153,0.0224532918149,0,1
100000002603769100,terminal,1,1,0.62728195,"Колено 1; вход 1,185,368 KZT; исходящих связей 0, выход/вход=0.00. Получатель в видимой выборке.",1,False,3,0,1185368,0,3,0,0.000538179293255,0,True,0,True,False,False,7,1,False,0,0,0,0,1,0.640307482571,0,395122.666667,0,0.932203389831,2,terminal,2,none,0.15,0.1875,0.164604013785,0.125177935943,0,1
100000002605184100,terminal,0.6,3,0.58078796,"Колено 2; вход 140,000 KZT; исходящих связей 0, выход/вход=0.00. Получатель в видимой выборке.",2,False,1,0,140000,0,1,0,0.000388847485692,0,True,0,True,False,False,7,0,False,0,0,0,0,1,1,0,140000,0,0.593073593074,1,terminal,0,none,0.15,0.1875,0.139462341598,0.103825622776,0,1
100000002605308100,terminal,1,15,0.68896205,"Колено 2; вход 2,569,522 KZT; исходящих связей 0, выход/вход=0.00. Получатель в видимой выборке.",2,False,3,0,2569521.84,0,7,0,0.000878127772189,0,True,0,True,False,False,11,0,False,0,2,0,0,1,0.583766199862,0,367074.548571,0,0.958874458874,1,terminal,0,none,0.15,0.224060156295,0.173709727281,0.141192170819,0,1
100000002605548100,terminal,0.574106,16,0.57973491,"Колено 1; вход 116,695 KZT; исходящих связей 0, выход/вход=0.00. Получатель в видимой выборке.",1,False,2,0,116695,0,2,0,0.00031261376114,0,True,0,True,False,False,10,1,False,0,0,0,0,1,0.801062599083,0,58347.5,0,0.582627118644,2,terminal,1,none,0.15,0.216214476165,0.137319370933,0.0762010676157,0,1
100000002606567100,peripheral,0.5,1,0.36138382,"Колено 1; входящих связей 1, исходящих 1; вход 14,095 KZT. Пороги значимых ролей не достигнуты.",1,False,1,1,14095,53000,1,1,0.000286661722777,1.92202445845e-05,True,3.760198652,True,False,True,7,1,False,0,0,0,0,1,0.789924733587,0,14095,53000,0.449152542373,1,peripheral,1,unobserved_funding,0.03,0.1875,0.130805530637,0.0130782918149,0,1
100000002609774100,peripheral,0.5,15,0.37871773,"Колено 1; входящих связей 1, исходящих 1; вход 7,700 KZT. Пороги значимых ролей не достигнуты.",1,False,1,1,7700,27500,1,1,0.00028485984361,0.00027970079297,True,3.57142857143,True,False,True,7,1,True,0,0,0,0,1,0.78125,0.5,7700,27500,0.275423728814,2,peripheral,1,unobserved_funding;directed_cycle,0.03,0.1875,0.123213573401,0.00467081850534,0.0333333333333,1
100000002611334100,peripheral,0.5,1,0.41323556,"Колено 3; входящих связей 1, исходящих 1; вход 48,288 KZT. Пороги значимых ролей не достигнуты.",3,False,1,1,48288,15500,1,1,0.000303660825678,1.92202445845e-05,True,0.320990722333,True,False,False,7,0,False,0,0,0,0,1,0.757007587634,0,48288,15500,0.451204055767,1,peripheral,1,none,0.03,0.1875,0.130210653647,0.065524911032,0,1
100000002612809100,peripheral,0.5,33,0.40815763,"Колено 3; входящих связей 1, исходящих 3; вход 30,000 KZT. Пороги значимых ролей не достигнуты.",3,False,1,3,30000,114000,2,4,0.000425698408204,1.5851748111e-06,True,3.8,True,False,True,1,0,True,1,2,0.5,1,1,0.416666666667,0,15000,28500,0.610266159696,1,peripheral,0,unobserved_funding;fast_temporal_match;directed_cycle,0.03,0.0625,0.139793898233,0.109197064057,0.0666666666667,1
100000002613776100,peripheral,0.5,17,0.39915257,"Колено 2; входящих связей 1, исходящих 0; вход 30,000 KZT. Пороги значимых ролей не достигнуты.",2,False,1,0,30000,0,2,0,0.000299847940644,0,True,0,True,False,False,7,0,False,0,1,0,0,1,0.5,0,15000,0,0.266233766234,1,peripheral,1,none,0.03,0.1875,0.121332281665,0.0603202846975,0,1
100000002613929100,peripheral,0.5,9,0.48759698,"Колено 3; входящих связей 1, исходящих 0; вход 28,560 KZT. Пороги значимых ролей не достигнуты.",3,False,1,0,28560,0,1,0,0.000775811769563,0,True,0,True,False,False,8,0,False,0,0,0,0,1,1,0,28560,0,0.272496831432,1,peripheral,0,none,0.03,0.19812031259,0.120753353664,0.138723309609,0,1
100000002614095100,peripheral,0.5,6,0.19803577,"Колено 3; входящих связей 1, исходящих 0; вход 5,300 KZT. Пороги значимых ролей не достигнуты.",3,False,1,0,5300,0,1,0,0.00028485855096,0,True,0,True,False,False,1,0,False,0,0,0,0,1,1,1,5300,0,0.0126742712294,1,peripheral,1,none,0.03,0.0625,0.100931679824,0.00460409252669,0,1
100000002615479100,terminal,0.688889,9,0.42707735,"Колено 1; вход 220,000 KZT; исходящих связей 0, выход/вход=0.00. Получатель в видимой выборке.",1,False,1,0,220000,0,1,0,0.000307509824005,0,True,0,True,False,False,1,1,False,0,0,0,0,1,1,0,220000,0,0.697033898305,1,terminal,1,none,0.15,0.0625,0.144781979362,0.0697953736655,0,1
100000002618492100,terminal,0.773889,16,0.59590298,"Колено 1; вход 296,500 KZT; исходящих связей 0, выход/вход=0.00. Получатель в видимой выборке.",1,False,2,0,296500,0,2,0,0.000366936053136,0,True,0,True,False,False,8,1,False,0,0,0,0,1,0.600337268128,0,148250,0,0.745762711864,2,terminal,2,none,0.15,0.19812031259,0.148294235314,0.0994884341637,0,1
100000002621434100,terminal,0.534444,2,0.51493094,"Колено 3; вход 81,000 KZT; исходящих связей 0, выход/вход=0.00. Получатель в видимой выборке.",3,False,1,0,81000,0,1,0,0.000288182378194,0,True,0,True,False,False,9,0,False,0,0,0,0,1,1,0,81000,0,0.486692015209,1,terminal,1,none,0.15,0.20762050593,0.133022176049,0.0242882562278,0,1
100000002621915100,peripheral,0.5,3,0.43905384,"Колено 2; входящих связей 1, исходящих 0; вход 5,000 KZT. Пороги значимых ролей не достигнуты.",2,False,1,0,5000,0,1,0,0.000528896503681,0,True,0,True,False,False,7,0,False,0,0,0,0,1,1,1,5000,0,0.00757575757576,1,peripheral,0,none,0.03,0.1875,0.100246013331,0.121307829181,0,1
100000002621949100,terminal,0.627347,4,0.58725369,"Колено 1; вход 164,612 KZT; исходящих связей 0, выход/вход=0.00. Получатель в видимой выборке.",1,False,1,0,164612,0,1,0,0.000316731988122,0,True,0,True,False,False,10,1,False,0,0,0,0,1,1,0,164612,0,0.633474576271,1,terminal,1,none,0.15,0.216214476165,0.141368395583,0.0796708185053,0,1
100000002622822100,peripheral,0.25,2,0.53876334,"4-е колено: исходящие не выгружены. Вход 1 плательщиков, 750,000 KZT. Роль за границей обхода не установлена.",4,False,1,0,750000,0,1,0,0.000901553062387,0,True,0,True,True,False,9,0,False,0,0,0,0,1,1,0,750000,0,0.963963963964,1,peripheral,0,truncated_depth4,0.03,0.20762050593,0.159216673584,0.141926156584,0,1
100000002628146100,peripheral,0.5,13,0.43011866,"Колено 2; входящих связей 1, исходящих 0; вход 30,500 KZT. Пороги значимых ролей не достигнуты.",2,False,1,0,30500,0,2,0,0.000317448719715,0,True,0,True,False,False,8,0,False,0,1,0,0,1,1,0,15250,0,0.279220779221,1,peripheral,0,none,0.03,0.19812031259,0.121526817929,0.0804715302491,0,1
100000002628576100,peripheral,0.5,5,0.45528444,"Колено 3; входящих связей 2, исходящих 2; вход 727,882 KZT. Пороги значимых ролей не достигнуты.",3,False,2,2,727882,539000,3,2,0.000309651231099,3.84404891691e-05,True,0.740504642236,True,False,False,7,0,False,0,1,0,0,1,0.926356992995,0,242627.333333,269500,0.955640050697,2,peripheral,2,none,0.03,0.1875,0.165386753825,0.0723976868327,0,1
100000002632742100,terminal,0.706111,2,0.57270716,"Колено 3; вход 235,500 KZT; исходящих связей 0, выход/вход=0.00. Получатель в видимой выборке.",3,False,2,0,235500,0,2,0,0.000315821706833,0,True,0,True,False,False,8,0,False,0,0,0,0,1,0.575371549894,0,117750,0,0.713561470215,1,terminal,2,none,0.15,0.19812031259,0.145583287462,0.0790035587189,0,1
100000002633108100,terminal,0.8,15,0.58764835,"Колено 3; вход 320,000 KZT; исходящих связей 0, выход/вход=0.00. Получатель в видимой выборке.",3,False,1,0,320000,0,3,0,0.000374176449965,0,True,0,True,False,False,7,0,False,0,1,0,0,1,0.50625,0,106666.666667,0,0.778833967047,1,terminal,1,none,0.15,0.1875,0.149191941586,0.100956405694,0,1
100000002633701100,terminal,0.740944,2,0.43135135,"Колено 2; вход 266,850 KZT; исходящих связей 0, выход/вход=0.00. Получатель в видимой выборке.",2,False,1,0,266850,0,1,0,0.000308980141777,0,True,0,True,False,False,1,0,False,0,0,0,0,1,1,0,266850,0,0.735930735931,1,terminal,1,none,0.15,0.0625,0.147054192277,0.0717971530249,0,1
100000002635746100,peripheral,0.25,10,0.20857848,"4-е колено: исходящие не выгружены. Вход 1 плательщиков, 5,300 KZT. Роль за границей обхода не установлена.",4,False,1,0,5300,0,1,0,0.000286854991266,0,True,0,True,True,False,1,0,False,0,0,0,0,1,1,1,5300,0,0.0574324324324,1,peripheral,1,truncated_depth4,0.03,0.0625,0.100931679824,0.015146797153,0,1
100000002635780100,terminal,0.625556,9,0.62725386,"Колено 2; вход 163,000 KZT; исходящих связей 0, выход/вход=0.00. Получатель в видимой выборке.",2,False,1,0,163000.02,0,1,0,0.000552044517877,0,True,0,True,False,False,9,0,False,0,0,0,0,1,1,0,163000.02,0,0.632034632035,1,terminal,0,none,0.15,0.20762050593,0.141252573576,0.128380782918,0,1
100000002644285100,terminal,1,10,0.47383387,"Колено 3; вход 500,000 KZT; исходящих связей 0, выход/вход=0.00. Получатель в видимой выборке.",3,False,1,0,500000,0,1,0,0.000307682833149,0,True,0,True,False,False,2,0,False,0,0,0,0,1,1,0,500000,0,0.867553865653,1,terminal,1,none,0.15,0.0990601562951,0.154444533449,0.0703291814947,0,1
100000002645046100,peripheral,0.25,10,0.23761258,"4-е колено: исходящие не выгружены. Вход 1 плательщиков, 12,000 KZT. Роль за границей обхода не установлена.",4,False,1,0,12000,0,1,0,0.000290416852344,0,True,0,True,True,False,1,0,False,0,0,0,0,1,1,0,12000,0,0.225225225225,1,peripheral,1,truncated_depth4,0.03,0.0625,0.110548526699,0.0345640569395,0,1
100000002645609100,terminal,1,1,0.58828276,"Колено 1; вход 546,821 KZT; исходящих связей 0, выход/вход=0.00. Получатель в видимой выборке.",1,False,4,0,546820.68,0,5,0,0.000353317217144,0,True,0,True,False,False,7,1,False,0,1,0,0,1,0.683161799952,0,109364.136,0,0.85593220339,2,terminal,4,none,0.15,0.1875,0.155498058462,0.0952846975089,0,1
100000002645993100,peripheral,0.5,1,0.42971086,"Колено 3; входящих связей 2, исходящих 5; вход 49,650 KZT. Пороги значимых ролей не достигнуты.",3,False,2,5,49650,86980,4,9,0.000291720555179,9.38762407782e-05,True,1.75186304129,True,False,True,7,0,True,0,2,0.178247734139,2,2,0.935226524189,0.384615384615,12412.5,9664.44444444,0.602027883397,1,peripheral,6,unobserved_funding;directed_cycle,0.03,0.1875,0.139175567858,0.0397019572954,0.0333333333333,1
100000002646745100,peripheral,0.5,6,0.21288094,"Колено 3; входящих связей 1, исходящих 0; вход 12,300 KZT. Пороги значимых ролей не достигнуты.",3,False,1,0,12300,0,1,0,0.000285943090403,0,True,0,True,False,False,1,0,False,0,0,0,0,1,1,0,12300,0,0.0811153358682,1,peripheral,1,none,0.03,0.0625,0.11083912409,0.00954181494662,0,1
100000002646887100,peripheral,0.5,31,0.38215242,"Колено 3; входящих связей 1, исходящих 0; вход 24,354 KZT. Пороги значимых ролей не достигнуты.",3,False,1,0,24354,0,1,0,0.00029359059993,0,True,0,True,False,False,7,0,False,0,0,0,0,1,1,0,24354,0,0.219264892269,1,peripheral,0,none,0.03,0.1875,0.118878403291,0.0457740213523,0,1
100000002648315100,peripheral,0.5,9,0.27552308,"Колено 1; входящих связей 1, исходящих 2; вход 132,000 KZT. Пороги значимых ролей не достигнуты.",1,False,1,2,132000,76000,1,3,0.000291557203363,3.96293702774e-07,True,0.575757575758,True,False,False,1,1,False,0,1,0,0,1,0.634615384615,0,132000,25333.3333333,0.684322033898,1,peripheral,1,none,0.03,0.0625,0.14412183382,0.0389012455516,0,1
100000002653187100,peripheral,0.25,12,0.45486256,"4-е колено: исходящие не выгружены. Вход 1 плательщиков, 15,000 KZT. Роль за границей обхода не установлена.",4,False,1,0,15000,0,1,0,0.000469935946026,0,True,0,True,True,False,8,0,False,0,0,0,0,1,1,0,15000,0,0.287162162162,1,peripheral,0,truncated_depth4,0.03,0.19812031259,0.113174633106,0.113567615658,0,1
100000002653948100,terminal,0.539111,5,0.48573014,"Колено 3; вход 85,200 KZT; исходящих связей 0, выход/вход=0.00. Получатель в видимой выборке.",3,False,1,0,85200,0,1,0,0.000286775789641,0,True,0,True,False,False,7,0,False,0,0,0,0,1,1,0,85200,0,0.500633713561,1,terminal,1,none,0.15,0.1875,0.133617147226,0.0146129893238,0,1
100000002659103100,peripheral,0.25,38,0.45284628,"4-е колено: исходящие не выгружены. Вход 1 плательщиков, 165,000 KZT. Роль за границей обхода не установлена.",4,False,1,0,165000,0,1,0,0.000347576631033,0,True,0,True,True,False,7,0,False,0,0,0,0,1,1,0,165000,0,0.809684684685,1,peripheral,0,truncated_depth4,0.03,0.1875,0.141396104318,0.0939501779359,0,1
100000002659265100,peripheral,0.25,2,0.44867176,"4-е колено: исходящие не выгружены. Вход 1 плательщиков, 141,000 KZT. Роль за границей обхода не установлена.",4,False,1,0,141000,0,1,0,0.00031794494847,0,True,0,True,True,False,8,0,False,0,0,0,0,1,1,0,141000,0,0.786036036036,1,peripheral,1,truncated_depth4,0.03,0.19812031259,0.139546110502,0.0810053380783,0,1
100000002660298100,peripheral,0.25,14,0.39002536,"4-е колено: исходящие не выгружены. Вход 1 плательщиков, 30,900 KZT. Роль за границей обхода не установлена.",4,False,1,0,30900,0,1,0,0.000295516325078,0,True,0,True,True,False,7,0,False,0,0,0,0,1,1,0,30900,0,0.484234234234,1,peripheral,1,truncated_depth4,0.03,0.1875,0.121680164486,0.0508451957295,0,1
100000002662768100,terminal,0.538111,4,0.41298504,"Колено 1; вход 84,300 KZT; исходящих связей 0, выход/вход=0.00. Получатель в видимой выборке.",1,False,1,0,84300,0,1,0,0.000304787464891,0,True,0,True,False,False,1,1,False,0,0,0,0,1,1,0,84300,0,0.508474576271,1,terminal,1,none,0.15,0.0625,0.133492160994,0.0669928825623,0,1
100000002663511100,terminal,0.743267,11,0.55510865,"Колено 3; вход 268,940 KZT; исходящих связей 0, выход/вход=0.00. Получатель в видимой выборке.",3,False,1,0,268940,0,1,0,0.000307706177325,0,True,0,True,False,False,7,0,False,0,0,0,0,1,1,0,268940,0,0.742712294043,1,terminal,1,none,0.15,0.1875,0.147146013416,0.070462633452,0,1
100000002666248100,terminal,0.522258,4,0.55357406,"Колено 1; вход 70,032 KZT; исходящих связей 0, выход/вход=0.00. Получатель в видимой выборке.",1,False,1,0,70032,0,1,0,0.000297946880256,0,True,0,True,False,False,10,1,False,0,0,0,0,1,1,0,70032,0,0.46186440678,1,terminal,1,none,0.15,0.216214476165,0.131309763873,0.0560498220641,0,1
100000002670463100,peripheral,0.25,10,0.27606131,"4-е колено: исходящие не выгружены. Вход 1 плательщиков, 31,500 KZT. Роль за границей обхода не установлена.",4,False,1,0,31500,0,1,0,0.000300783462944,0,True,0,True,True,False,1,0,False,0,0,0,0,1,1,0,31500,0,0.488738738739,1,peripheral,1,truncated_depth4,0.03,0.0625,0.121906501997,0.0616548042705,0,1
100000002670860100,terminal,0.944444,10,0.49779968,"Колено 1; вход 450,000 KZT; исходящих связей 0, выход/вход=0.00. Получатель в видимой выборке.",1,False,2,0,450000,0,2,0,0.000307253758372,0,True,0,True,False,False,3,1,False,0,0,0,0,1,0.555555555556,0,225000,0,0.816737288136,2,terminal,2,none,0.15,0.125,0.153204488617,0.0695951957295,0,1
100000002670960100,terminal,0.978122,10,0.47236012,"Колено 3; вход 480,310 KZT; исходящих связей 0, выход/вход=0.00. Получатель в видимой выборке.",3,False,1,0,480310,0,1,0,0.000306751675978,0,True,0,True,False,False,2,0,False,0,0,0,0,1,1,0,480310,0,0.854245880862,1,terminal,1,none,0.15,0.0990601562951,0.153971676016,0.0693282918149,0,1
100000002671326100,peripheral,0.25,31,0.51472929,"4-е колено: исходящие не выгружены. Вход 1 плательщиков, 1,050,000 KZT. Роль за границей обхода не установлена.",4,False,1,0,1050000,0,2,0,0.000625496567483,0,True,0,True,True,False,7,0,False,0,1,0,0,1,0.714285714286,0,525000,0,0.977477477477,1,peripheral,0,truncated_depth4,0.03,0.1875,0.16317680099,0.134052491103,0,1
100000002671806100,peripheral,0.5,12,0.2139483,"Колено 1; входящих связей 1, исходящих 0; вход 12,440 KZT. Пороги значимых ролей не достигнуты.",1,False,1,0,12440,0,1,0,0.000286088414449,0,True,0,True,False,False,1,1,False,0,0,0,0,1,1,0,12440,0,0.0444915254237,1,peripheral,1,none,0.03,0.0625,0.110972319199,0.0104759786477,0,1
100000002677201100,peripheral,0.5,2,0.44347744,"Колено 3; входящих связей 1, исходящих 1; вход 150,000 KZT. Пороги значимых ролей не достигнуты.",3,False,1,1,150000,87750,1,1,0.000307388064554,2.13998599498e-05,True,0.585,True,False,False,8,0,False,0,0,0,0,1,0.630914826498,0,150000,87750,0.716096324461,1,peripheral,1,none,0.03,0.19812031259,0.145695201288,0.0696619217082,0,1
100000002679516100,terminal,0.55815,12,0.58686382,"Колено 1; вход 102,335 KZT; исходящих связей 0, выход/вход=0.00. Получатель в видимой выборке.",1,False,3,0,102335,0,3,0,0.000324998108335,0,True,0,True,False,False,10,1,False,0,0,0,0,1,0.356671715444,0,34111.6666667,0,0.563559322034,2,terminal,2,none,0.15,0.216214476165,0.135773900566,0.0848754448399,0,1
100000002680477100,peripheral,0.5,10,0.25565893,"Колено 2; входящих связей 1, исходящих 0; вход 25,000 KZT. Пороги значимых ролей не достигнуты.",2,False,1,0,25000,0,1,0,0.000292967951785,0,True,0,True,False,False,1,0,False,0,0,0,0,1,1,0,25000,0,0.214285714286,1,peripheral,0,none,0.03,0.0625,0.119186514696,0.0439724199288,0,1
100000002681449100,peripheral,0.5,1,0.40819078,"Колено 1; входящих связей 2, исходящих 2; вход 94,638 KZT. Пороги значимых ролей не достигнуты.",1,False,2,2,94638,133000,2,2,0.000293534616639,1.76476187354e-05,True,1.40535514275,True,False,True,7,1,False,0,0,0,0,1,0.527152760084,0,47319,66500,0.703389830508,2,peripheral,3,unobserved_funding,0.03,0.1875,0.145183662249,0.0455071174377,0,1
100000002681544100,terminal,0.628969,9,0.56771787,"Колено 3; вход 166,072 KZT; исходящих связей 0, выход/вход=0.00. Получатель в видимой выборке.",3,False,2,0,166072,0,2,0,0.000333814546197,0,True,0,True,False,False,7,0,False,0,0,0,0,2,1,0,83036,0,0.652724968314,2,terminal,2,none,0.15,0.1875,0.141472323035,0.0887455516014,0,1
100000002686226100,peripheral,0.25,1,0.50542298,"4-е колено: исходящие не выгружены. Вход 1 плательщиков, 430,000 KZT. Роль за границей обхода не установлена.",4,False,1,0,430000,0,2,0,0.000650418961004,0,True,0,True,True,False,7,0,False,0,1,0,0,1,0.581395348837,0,215000,0,0.936936936937,1,peripheral,0,truncated_depth4,0.03,0.1875,0.152669417463,0.135253558719,0,1
100000002689717100,peripheral,0.25,14,0.40776376,"4-е колено: исходящие не выгружены. Вход 1 плательщиков, 47,500 KZT. Роль за границей обхода не установлена.",4,False,1,0,47500,0,1,0,0.000301682996981,0,True,0,True,True,False,7,0,False,0,0,0,0,1,1,0,47500,0,0.581081081081,1,peripheral,1,truncated_depth4,0.03,0.1875,0.126740632792,0.0635231316726,0,1
100000002691583100,terminal,0.761333,27,0.58122214,"Колено 3; вход 285,200 KZT; исходящих связей 0, выход/вход=0.00. Получатель в видимой выборке.",3,False,1,0,285200,0,1,0,0.000354920897723,0,True,0,True,False,False,7,0,False,0,0,0,0,1,1,0,285200,0,0.751584283904,1,terminal,0,none,0.15,0.1875,0.147836912429,0.0958852313167,0,1
100000002691858100,terminal,0.501667,13,0.56736056,"Колено 2; вход 51,500 KZT; исходящих связей 0, выход/вход=0.00. Получатель в видимой выборке.",2,False,1,0,51500,0,1,0,0.000340453235158,0,True,0,True,False,False,8,0,False,0,0,0,0,1,1,0,51500,0,0.392857142857,1,terminal,0,none,0.15,0.19812031259,0.127692207562,0.0915480427046,0,1
100000002692044100,terminal,0.552222,12,0.40823094,"Колено 1; вход 97,000 KZT; исходящих связей 0, выход/вход=0.00. Получатель в видимой выборке.",1,False,1,0,97000,0,1,0,0.000300030039046,0,True,0,True,False,False,1,1,False,0,0,0,0,1,1,0,97000,0,0.548728813559,1,terminal,1,none,0.15,0.0625,0.13514375535,0.0605871886121,0,1
100000002692750100,peripheral,0.5,21,0.54207773,"Колено 2; входящих связей 3, исходящих 1; вход 112,830 KZT. Пороги значимых ролей не достигнуты.",2,False,3,1,112830,77000,3,8,0.00211576379847,1.98146851387e-05,True,0.68244261278,True,False,False,7,0,True,1,1,0.0620402375255,2,1,0.515355844703,0.545454545455,37610,9625,0.658008658009,2,peripheral,1,directed_cycle,0.03,0.1875,0.143045993355,0.148198398577,0.0333333333333,1
100000002695812100,peripheral,0.25,14,0.43480513,"4-е колено: исходящие не выгружены. Вход 1 плательщиков, 95,000 KZT. Роль за границей обхода не установлена.",4,False,1,0,95000,0,1,0,0.000319328594294,0,True,0,True,True,False,7,0,False,0,0,0,0,1,1,0,95000,0,0.712837837838,1,peripheral,1,truncated_depth4,0.03,0.1875,0.134898549763,0.0824065836299,0,1
100000002696152100,peripheral,0.5,16,0.57381526,"Колено 3; входящих связей 1, исходящих 2; вход 21,800 KZT. Пороги значимых ролей не достигнуты.",3,False,1,2,21800,69000,3,8,0.00119729521963,2.13998599498e-05,True,3.16513761468,True,False,True,8,0,True,1,3,0.587155963303,1.390625,1,0.220264317181,0.727272727273,7266.66666667,8625,0.518377693283,1,peripheral,0,unobserved_funding;fast_temporal_match;directed_cycle,0.03,0.19812031259,0.134366363936,0.144661921708,0.0666666666667,1
100000002697752100,terminal,0.656428,7,0.56661484,"Колено 3; вход 190,785 KZT; исходящих связей 0, выход/вход=0.00. Получатель в видимой выборке.",3,False,2,0,190785,0,2,0,0.000327693901525,0,True,0,True,False,False,7,0,False,0,0,0,0,1,0.525827502162,0,95392.5,0,0.679340937896,1,terminal,2,none,0.15,0.1875,0.143105055132,0.0860097864769,0,1
100000002700161100,peripheral,0.25,4,0.51249401,"4-е колено: исходящие не выгружены. Вход 1 плательщиков, 39,000 KZT. Роль за границей обхода не установлена.",4,False,1,0,39000,0,1,0,0.000896227032611,0,True,0,True,True,False,10,0,False,0,0,0,0,1,1,0,39000,0,0.522522522523,1,peripheral,0,truncated_depth4,0.03,0.216214476165,0.124420104421,0.141859430605,0,1
100000002702968100,peripheral,0.25,14,0.39088953,"4-е колено: исходящие не выгружены. Вход 1 плательщиков, 31,600 KZT. Роль за границей обхода не установлена.",4,False,1,0,31600,0,1,0,0.000295776365459,0,True,0,True,True,False,7,0,False,0,0,0,0,1,1,0,31600,0,0.490990990991,1,peripheral,1,truncated_depth4,0.03,0.1875,0.121943805331,0.0514457295374,0,1
100000002703376100,peripheral,0.5,13,0.3818241,"Колено 2; входящих связей 1, исходящих 0; вход 46,501 KZT. Пороги значимых ролей не достигнуты.",2,False,1,0,46501,0,1,0,0.000291222114516,0,True,0,True,False,False,7,0,False,0,0,0,0,1,1,0,46501,0,0.34632034632,1,peripheral,1,none,0.03,0.1875,0.126490465496,0.0378336298932,0,1
100000002704875100,terminal,0.716546,7,0.56067873,"Колено 1; вход 244,891 KZT; исходящих связей 0, выход/вход=0.00. Получатель в видимой выборке.",1,False,3,0,244891,0,4,0,0.000313312381921,0,True,0,True,False,False,7,1,False,0,1,0,0,1,0.415143880339,0,61222.75,0,0.722457627119,3,terminal,3,none,0.15,0.1875,0.146043502612,0.0771352313167,0,1
100000002705460100,terminal,0.55,3,0.60124641,"Колено 3; вход 95,000 KZT; исходящих связей 0, выход/вход=0.00. Получатель в видимой выборке.",3,False,1,0,95000,0,1,0,0.000554238883307,0,True,0,True,False,False,7,0,False,0,0,0,0,1,1,0,95000,0,0.526615969582,1,terminal,0,none,0.15,0.1875,0.134898549763,0.128847864769,0,1
100000002706810100,peripheral,0.25,10,0.28920038,"4-е колено: исходящие не выгружены. Вход 1 плательщиков, 45,000 KZT. Роль за границей обхода не установлена.",4,False,1,0,45000,0,1,0,0.000307960347205,0,True,0,True,True,False,1,0,False,0,0,0,0,1,1,0,45000,0,0.565315315315,1,peripheral,1,truncated_depth4,0.03,0.0625,0.126104298878,0.0705960854093,0,1
100000002707106100,peripheral,0.25,15,0.33627962,"4-е колено: исходящие не выгружены. Вход 1 плательщиков, 15,000 KZT. Роль за границей обхода не установлена.",4,False,1,0,15000,0,2,0,0.000285068497864,0,True,0,True,True,False,7,0,False,0,1,0,0,1,0.666666666667,0.5,7500,0,0.287162162162,1,peripheral,0,truncated_depth4,0.03,0.1875,0.113174633106,0.00560498220641,0,1
100000002708624100,peripheral,0.5,26,0.42236267,"Колено 3; входящих связей 1, исходящих 0; вход 25,000 KZT. Пороги значимых ролей не достигнуты.",3,False,1,0,25000,0,1,0,0.000326870728009,0,True,0,True,False,False,7,0,False,0,0,0,0,1,1,0,25000,0,0.229404309252,1,peripheral,0,none,0.03,0.1875,0.119186514696,0.0856761565836,0,1
100000002710570100,terminal,0.694461,1,0.60679103,"Колено 2; вход 225,015 KZT; исходящих связей 0, выход/вход=0.00. Получатель в видимой выборке.",2,False,1,0,225015,0,1,0,0.000535746017747,0,True,0,True,False,False,7,0,False,0,0,0,0,1,1,0,225015,0,0.701298701299,1,terminal,0,none,0.15,0.1875,0.145047258521,0.124243772242,0,1
100000002712416100,terminal,0.574222,2,0.55707235,"Колено 3; вход 116,800 KZT; исходящих связей 0, выход/вход=0.00. Получатель в видимой выборке.",3,False,2,0,116800,0,2,0,0.000301010457594,0,True,0,True,False,False,9,0,False,0,0,0,0,1,0.869006849315,0,58400,0,0.574144486692,1,terminal,2,none,0.15,0.20762050593,0.137329956118,0.062121886121,0,1
100000002713074100,peripheral,0.5,1,0.49163887,"Колено 3; входящих связей 2, исходящих 1; вход 700,000 KZT. Пороги значимых ролей не достигнуты.",3,False,2,1,700000,430000,2,2,0.000431037093878,1.92202445845e-05,True,0.614285714286,True,False,False,7,0,False,0,1,0,0,2,0.619469026549,0,350000,215000,0.949302915082,2,peripheral,2,none,0.03,0.1875,0.164041009567,0.110097864769,0,1
100000002713974100,peripheral,0.25,18,0.43118774,"4-е колено: исходящие не выгружены. Вход 1 плательщиков, 50,000 KZT. Роль за границей обхода не установлена.",4,False,1,0,50000,0,1,0,0.00032811607219,0,True,0,True,True,False,7,0,False,0,0,0,0,1,1,0,50000,0,0.601351351351,1,peripheral,0,truncated_depth4,0.03,0.1875,0.127344320171,0.0863434163701,0,1
100000002718366100,consolidator,0.55,2,0.82057885,"Вход от 6 плательщиков (seed: 0); 2,525,000 KZT; исходящих связей 0. Признаки консолидации.",2,False,6,0,2525000,0,10,0,0.00067748523122,0,True,0,True,False,False,9,0,False,0,3,0,0,3,0.498613861386,0,252500,0,0.954545454545,2,consolidator,5,sync_inflow,0.27,0.20762050593,0.173504009907,0.136120996441,0.0333333333333,1
100000002720627100,terminal,0.665889,16,0.56934159,"Колено 1; вход 199,300 KZT; исходящих связей 0, выход/вход=0.00. Получатель в видимой выборке.",1,False,1,0,199300,0,1,0,0.000314096452228,0,True,0,True,False,False,8,1,False,0,0,0,0,1,1,0,199300,0,0.671610169492,1,terminal,1,none,0.15,0.19812031259,0.143618959818,0.0776023131673,0,1
100000002721825100,peripheral,0.5,1,0.44786528,"Колено 2; входящих связей 1, исходящих 0; вход 11,000 KZT. Пороги значимых ролей не достигнуты.",2,False,1,0,11000,0,1,0,0.00052827041062,0,True,0,True,False,False,7,0,False,0,0,0,0,1,1,0,11000,0,0.0790043290043,1,peripheral,0,none,0.03,0.1875,0.109524529789,0.120840747331,0,1
100000002722108100,terminal,1,10,0.49264407,"Колено 3; вход 800,000 KZT; исходящих связей 0, выход/вход=0.00. Получатель в видимой выборке.",3,False,1,0,800000,0,2,0,0.000321870093237,0,True,0,True,False,False,2,0,False,0,1,0,0,1,0.5,0,400000,0,0.915082382763,1,terminal,1,none,0.15,0.0990601562951,0.159976262929,0.0836076512456,0,1
100000002723439100,peripheral,0.25,16,0.47135436,"4-е колено: исходящие не выгружены. Вход 1 плательщиков, 18,000 KZT. Роль за границей обхода не установлена.",4,False,1,0,18000,0,2,0,0.000549524648263,0,True,0,True,True,False,8,0,False,0,1,0,0,1,0.555555555556,0.5,9000,0,0.341216216216,1,peripheral,0,truncated_depth4,0.03,0.19812031259,0.115320347771,0.127913701068,0,1
100000002723538100,distributor,0.533333,7,0.73352704,"Переводы 12 получателям; 14 операций; 560,499 KZT. Признаки веерного распределения.",2,False,3,12,105647,560499,3,14,0.000318532072414,0.000290886398564,True,5.3053943794,True,False,True,7,0,True,1,2,1,1.31469895028,1,0.338735052076,0,35215.6666667,40035.6428571,0.863636363636,6,distributor,7,unobserved_funding;fast_temporal_match;directed_cycle,0.24,0.1875,0.157821224833,0.0815391459075,0.0666666666667,1
100000002723674100,peripheral,0.25,19,0.42384118,"4-е колено: исходящие не выгружены. Вход 1 плательщиков, 30,000 KZT. Роль за границей обхода не установлена.",4,False,1,0,30000,0,1,0,0.000325309611797,0,True,0,True,True,False,7,0,False,0,0,0,0,1,1,0,30000,0,0.470720720721,1,peripheral,0,truncated_depth4,0.03,0.1875,0.121332281665,0.0850088967972,0,1
100000002726055100,peripheral,0.25,19,0.41665021,"4-е колено: исходящие не выгружены. Вход 1 плательщиков, 10,000 KZT. Роль за границей обхода не установлена.",4,False,1,0,10000,0,1,0,0.00033809629434,0,True,0,True,True,False,7,0,False,0,0,0,0,1,1,0,10000,0,0.184684684685,1,peripheral,0,truncated_depth4,0.03,0.1875,0.10840287741,0.0907473309609,0,1
100000002727288100,peripheral,0.5,3,0.4301219,"Колено 3; входящих связей 1, исходящих 0; вход 16,000 KZT. Пороги значимых ролей не достигнуты.",3,False,1,0,16000,0,1,0,0.000364103410921,0,True,0,True,False,False,7,0,False,0,0,0,0,1,1,0,16000,0,0.122306717364,1,peripheral,0,none,0.03,0.1875,0.113934174394,0.0986877224199,0,1
100000002728246100,peripheral,0.25,5,0.44987975,"4-е колено: исходящие не выгружены. Вход 1 плательщиков, 10,000 KZT. Роль за границей обхода не установлена.",4,False,1,0,10000,0,1,0,0.000535420653698,0,True,0,True,True,False,7,0,False,0,0,0,0,1,1,0,10000,0,0.184684684685,1,peripheral,0,truncated_depth4,0.03,0.1875,0.10840287741,0.123976868327,0,1
100000002729875100,peripheral,0.25,14,0.42537281,"4-е колено: исходящие не выгружены. Вход 1 плательщиков, 76,000 KZT. Роль за границей обхода не установлена.",4,False,1,0,76000,0,1,0,0.000312270355369,0,True,0,True,True,False,7,0,False,0,0,0,0,1,1,0,76000,0,0.675675675676,1,peripheral,1,truncated_depth4,0.03,0.1875,0.132272278183,0.0756005338078,0,1
100000002731501100,peripheral,0.5,25,0.44053439,"Колено 1; входящих связей 3, исходящих 7; вход 570,370 KZT. Пороги значимых ролей не достигнуты.",1,False,3,7,570370,833960,7,20,0.000482585476542,4.45830415621e-06,True,1.46213861178,True,False,True,1,1,True,2,5,0.298052141592,1.76470588235,3,0.263470836627,0.111111111111,81481.4285714,41698,0.944915254237,1,peripheral,1,unobserved_funding;sync_inflow;directed_cycle,0.03,0.0625,0.166599036446,0.114768683274,0.0666666666667,1
100000002733083100,peripheral,0.25,14,0.36252535,"4-е колено: исходящие не выгружены. Вход 1 плательщиков, 15,200 KZT. Роль за границей обхода не установлена.",4,False,1,0,15200,0,1,0,0.000289683990808,0,True,0,True,True,False,7,0,False,0,0,0,0,1,1,0,15200,0,0.301801801802,1,peripheral,1,truncated_depth4,0.03,0.1875,0.11333051334,0.0316948398577,0,1
100000002733905100,peripheral,0.5,20,0.43560208,"Колено 2; входящих связей 3, исходящих 2; вход 100,000 KZT. Пороги значимых ролей не достигнуты.",2,False,3,2,100000,717839,5,3,0.00306418796246,1.78332166248e-06,True,7.17839,True,False,True,1,0,True,2,2,0.4,2,2,0.590383926421,0,20000,239279.666667,0.876623376623,1,peripheral,1,unobserved_funding;directed_cycle,0.03,0.0625,0.160235825866,0.149532918149,0.0333333333333,1
100000002734815100,peripheral,0.25,2,0.43807616,"4-е колено: исходящие не выгружены. Вход 1 плательщиков, 110,000 KZT. Роль за границей обхода не установлена.",4,False,1,0,110000,0,1,0,0.000310490097315,0,True,0,True,True,False,8,0,False,0,0,0,0,1,1,0,110000,0,0.757882882883,1,peripheral,1,truncated_depth4,0.03,0.19812031259,0.136623992001,0.0733318505338,0,1
100000002736033100,peripheral,0.5,13,0.3894494,"Колено 3; входящих связей 1, исходящих 1; вход 34,530 KZT. Пороги значимых ролей не достигнуты.",3,False,1,1,34530,11000,1,1,0.000293578818844,1.92202445845e-05,True,0.318563567912,True,False,False,7,0,False,0,0,0,0,1,0.75840105425,0,34530,11000,0.372623574144,1,peripheral,0,none,0.03,0.1875,0.126242105195,0.0457072953737,0,1
100000002736316100,terminal,0.741023,1,0.58678152,"Колено 3; вход 266,921 KZT; исходящих связей 0, выход/вход=0.00. Получатель в видимой выборке.",3,False,3,0,266921,0,3,0,0.000381562943306,0,True,0,True,False,False,7,0,False,0,0,0,0,2,0.710659708303,0,88973.6666667,0,0.74144486692,3,terminal,3,none,0.15,0.1875,0.147057323343,0.102224199288,0,1
100000002737980100,peripheral,0.5,3,0.38615939,"Колено 3; входящих связей 1, исходящих 0; вход 32,900 KZT. Пороги значимых ролей не достигнуты.",3,False,1,0,32900,0,1,0,0.000293826683908,0,True,0,True,False,False,7,0,False,0,0,0,0,1,1,0,32900,0,0.302915082383,1,peripheral,1,none,0.03,0.1875,0.122418286953,0.0462411032028,0,1
100000002738256100,transit,0.793609,41,0.5758526,"Вход 150,200 KZT; выход/вход=1.17; сопоставлено за 1–2 дня 100%. Признаки транзита.",2,False,1,1,150200,175000,1,1,0.00050625384332,0,True,1.16511318242,True,False,False,1,0,True,1,0,1,1,1,0.538130381304,0,150200,175000,0.753246753247,1,transit,0,fast_temporal_match;directed_cycle,0.18,0.0625,0.149381659112,0.117304270463,0.0666666666667,1
100000002741024100,consolidator,0.5,1,0.80548959,"Вход от 5 плательщиков (seed: 0); 817,981 KZT; исходящих связей 6. Признаки консолидации.",2,False,5,6,817980.85,434989,9,7,0.00292051653967,0.000118689963981,True,0.531783843106,True,False,False,7,0,True,3,2,0.0344788022849,1.35457220863,1,0.39905190057,0.3125,90886.7611111,62141.2857143,0.904761904762,1,consolidator,2,directed_cycle,0.27,0.1875,0.165256792622,0.149399466192,0.0333333333333,1
100000002742067100,peripheral,0.5,3,0.35189743,"Колено 2; входящих связей 1, исходящих 0; вход 12,730 KZT. Пороги значимых ролей не достигнуты.",2,False,1,0,12730,0,1,0,0.000288056074716,0,True,0,True,False,False,7,0,False,0,0,0,0,1,1,0,12730,0,0.0887445887446,1,peripheral,1,none,0.03,0.1875,0.111243519334,0.0231539145907,0,1
100000002744581100,peripheral,0.5,9,0.28718999,"Колено 2; входящих связей 1, исходящих 0; вход 12,000 KZT. Пороги значимых ролей не достигнуты.",2,False,1,0,12000,0,1,0,0.000323167448476,0,True,0,True,False,False,1,0,False,0,0,0,0,1,1,0,12000,0,0.0833333333333,1,peripheral,0,none,0.03,0.0625,0.110548526699,0.0841414590747,0,1
100000002748040100,peripheral,0.25,14,0.3689191,"4-е колено: исходящие не выгружены. Вход 1 плательщиков, 18,000 KZT. Роль за границей обхода не установлена.",4,False,1,0,18000,0,1,0,0.000290724152333,0,True,0,True,True,False,7,0,False,0,0,0,0,1,1,0,18000,0,0.341216216216,1,peripheral,1,truncated_depth4,0.03,0.1875,0.115320347771,0.0360987544484,0,1
100000002748180100,peripheral,0.5,10,0.25880306,"Колено 1; входящих связей 1, исходящих 8; вход 9,900 KZT. Пороги значимых ролей не достигнуты.",1,False,1,8,9900,679743,1,9,0.000285669638119,8.52031460964e-06,True,68.6609090909,True,False,True,1,1,False,0,1,0,0,1,0.362847154252,0.1,9900,75527,0.89406779661,3,peripheral,2,unobserved_funding,0.03,0.0625,0.158229218637,0.00807384341637,0,1
100000002748511100,peripheral,0.25,3,0.46390908,"4-е колено: исходящие не выгружены. Вход 1 плательщиков, 20,000 KZT. Роль за границей обхода не установлена.",4,False,1,0,20000,0,1,0,0.000563363552736,0,True,0,True,True,False,7,0,False,0,0,0,0,1,1,0,20000,0,0.370495495495,1,peripheral,0,truncated_depth4,0.03,0.1875,0.116560329835,0.129848754448,0,1
100000002748532100,peripheral,0.5,2,0.49073006,"Колено 2; входящих связей 3, исходящих 2; вход 355,575 KZT. Пороги значимых ролей не достигнуты.",2,False,3,2,355575,646685,3,7,0.00033726274013,3.11090556678e-05,True,1.81870210223,True,False,True,9,0,False,0,1,0,0,1,0.24179853531,0.1,118525,92383.5714286,0.891774891775,2,peripheral,3,unobserved_funding,0.03,0.20762050593,0.162629131717,0.0904804270463,0,1
100000002748581100,peripheral,0.5,15,0.39367235,"Колено 3; входящих связей 1, исходящих 0; вход 41,180 KZT. Пороги значимых ролей не достигнуты.",3,False,1,0,41180,0,1,0,0.000295637168702,0,True,0,True,False,False,7,0,False,0,0,0,0,1,1,0,41180,0,0.347275031686,1,peripheral,1,none,0.03,0.1875,0.125060247513,0.0511120996441,0,1
100000002748761100,terminal,1,10,0.49246345,"Колено 3; вход 796,800 KZT; исходящих связей 0, выход/вход=0.00. Получатель в видимой выборке.",3,False,1,0,796800,0,3,0,0.000321718762463,0,True,0,True,False,False,2,0,False,0,1,0,0,1,0.858810240964,0,265600,0,0.91381495564,1,terminal,1,none,0.15,0.0990601562951,0.159929090319,0.0834741992883,0,1
100000002750332100,peripheral,0.5,9,0.20867575,"Колено 1; входящих связей 1, исходящих 0; вход 11,360 KZT. Пороги значимых ролей не достигнуты.",1,False,1,0,11360,0,1,0,0.000285249430306,0,True,0,True,False,False,1,1,False,0,0,0,0,1,1,0,11360,0,0.0317796610169,1,peripheral,1,none,0.03,0.0625,0.109903512843,0.00627224199288,0,1
100000002750956100,peripheral,0.5,1,0.38779187,"Колено 1; входящих связей 1, исходящих 0; вход 47,416 KZT. Пороги значимых ролей не достигнуты.",1,False,1,0,47416,0,1,0,0.000292865700807,0,True,0,True,False,False,7,1,False,0,0,0,0,1,1,0,47416,0,0.362288135593,1,peripheral,1,none,0.03,0.1875,0.126719801259,0.0435720640569,0,1
100000002752565100,peripheral,0.25,7,0.43626633,"4-е колено: исходящие не выгружены. Вход 1 плательщиков, 57,000 KZT. Роль за границей обхода не установлена.",4,False,1,0,57000,0,1,0,0.000336336042276,0,True,0,True,True,False,7,0,False,0,0,0,0,1,1,0,57000,0,0.621621621622,1,peripheral,0,truncated_depth4,0.03,0.1875,0.128886436926,0.0898798932384,0,1
100000002753146100,terminal,1,10,0.49276276,"Колено 3; вход 803,540 KZT; исходящих связей 0, выход/вход=0.00. Получатель в видимой выборке.",3,False,1,0,803540,0,3,0,0.000322037502906,0,True,0,True,False,False,2,0,False,0,1,0,0,1,0.751051596685,0,267846.666667,0,0.917617237009,1,terminal,1,none,0.15,0.0990601562951,0.1600282283,0.0836743772242,0,1
100000002755292100,terminal,0.670444,5,0.51685685,"Колено 3; вход 203,400 KZT; исходящих связей 0, выход/вход=0.00. Получатель в видимой выборке.",3,False,1,0,203400,0,1,0,0.000290574823619,0,True,0,True,False,False,7,0,False,0,0,0,0,1,1,0,203400,0,0.68948035488,1,terminal,1,none,0.15,0.1875,0.1438586253,0.0354982206406,0,1
100000002757240100,terminal,0.501314,4,0.56350962,"Колено 2; вход 51,183 KZT; исходящих связей 0, выход/вход=0.00. Получатель в видимой выборке.",2,False,1,0,51183,0,1,0,0.000315076099738,0,True,0,True,False,False,9,0,False,0,0,0,0,1,1,0,51183,0,0.38961038961,1,terminal,1,none,0.15,0.20762050593,0.127619539421,0.0782695729537,0,1
100000002757791100,terminal,0.525611,2,0.41637039,"Колено 3; вход 73,050 KZT; исходящих связей 0, выход/вход=0.00. Получатель в видимой выборке.",3,False,1,0,73050,0,1,0,0.000309336541566,0,True,0,True,False,False,1,0,False,0,0,0,0,1,1,0,73050,0,0.475285171103,1,terminal,0,none,0.15,0.0625,0.131806336746,0.0720640569395,0,1
100000002757797100,terminal,0.555556,12,0.40932342,"Колено 1; вход 100,000 KZT; исходящих связей 0, выход/вход=0.00. Получатель в видимой выборке.",1,False,1,0,100000,0,1,0,0.000300524656759,0,True,0,True,False,False,1,1,False,0,0,0,0,1,1,0,100000,0,0.560381355932,1,terminal,1,none,0.15,0.0625,0.135502243335,0.0613211743772,0,1
100000002760175100,terminal,0.652678,16,0.56674929,"Колено 1; вход 187,410 KZT; исходящих связей 0, выход/вход=0.00. Получатель в видимой выборке.",1,False,1,0,187410,0,1,0,0.000312303165048,0,True,0,True,False,False,8,1,False,0,0,0,0,1,1,0,187410,0,0.661016949153,1,terminal,1,none,0.15,0.19812031259,0.142894988227,0.0757339857651,0,1
100000002762076100,peripheral,0.5,9,0.3254804,"Колено 1; входящих связей 2, исходящих 1; вход 140,350 KZT. Пороги значимых ролей не достигнуты.",1,False,2,1,140350,30000,2,1,0.000297525219895,3.96293702774e-07,True,0.213751335946,True,False,False,2,2,False,0,0,0,0,1,0.52509539184,0,70175,30000,0.646186440678,2,peripheral,2,none,0.03,0.0990601562951,0.141771665018,0.0546485765125,0,1
100000002769809100,terminal,0.570469,11,0.57584131,"Колено 3; вход 113,422 KZT; исходящих связей 0, выход/вход=0.00. Получатель в видимой выборке.",3,False,1,0,113422,0,1,0,0.00037559322977,0,True,0,True,False,False,7,0,False,0,0,0,0,1,1,0,113422,0,0.566539923954,1,terminal,0,none,0.15,0.1875,0.13698454952,0.101356761566,0,1
100000002773323100,peripheral,0.5,2,0.47942473,"Колено 3; входящих связей 2, исходящих 1; вход 285,000 KZT. Пороги значимых ролей не достигнуты.",3,False,2,1,285000,1171644,2,2,0.000323703058027,2.13998599498e-05,True,4.11103157895,True,False,True,8,0,False,0,1,0,0,2,0.724721345778,0,142500,585822,0.961977186312,1,peripheral,2,unobserved_funding,0.03,0.19812031259,0.167029506093,0.084274911032,0,1
100000002774456100,terminal,0.500403,16,0.5149181,"Колено 1; вход 50,363 KZT; исходящих связей 0, выход/вход=0.00. Получатель в видимой выборке.",1,False,1,0,50363,0,1,0,0.000291633305659,0,True,0,True,False,False,8,1,False,0,0,0,0,1,1,0,50363,0,0.385593220339,1,terminal,1,none,0.15,0.19812031259,0.127429456837,0.0393683274021,0,1
100000002778085100,terminal,0.518009,3,0.50584908,"Колено 1; вход 66,208 KZT; исходящих связей 0, выход/вход=0.00. Получатель в видимой выборке.",1,False,1,0,66208,0,1,0,0.000291109135844,0,True,0,True,False,False,7,1,False,0,0,0,0,1,1,0,66208,0,0.447033898305,1,terminal,1,none,0.15,0.1875,0.130648900979,0.0377001779359,0,1
100000002779485100,terminal,0.545556,22,0.59807108,"Колено 2; вход 91,000 KZT; исходящих связей 0, выход/вход=0.00. Получатель в видимой выборке.",2,False,1,0,91000,0,2,0,0.000543631330758,0,True,0,True,False,False,7,0,False,0,1,0,0,1,0.89010989011,0,45500,0,0.510822510823,1,terminal,0,none,0.15,0.1875,0.134392259295,0.126178825623,0,1
100000002781227100,transit,0.666181,2,0.57648887,"Вход 191,168 KZT; выход/вход=1.11; сопоставлено за 1–2 дня 22%. Признаки транзита.",1,False,2,3,191167.62,212420,8,10,0.00237324329064,0.000132956537281,True,1.11117144211,True,False,False,1,1,True,1,3,0.220579301034,1.332008304,1,0.240344339601,0.388888888889,23895.9525,21242,0.798728813559,1,transit,2,directed_cycle,0.18,0.0625,0.151923327755,0.148732206406,0.0333333333333,1
100000002784085100,terminal,0.666667,9,0.42375364,"Колено 1; вход 200,000 KZT; исходящих связей 0, выход/вход=0.00. Получатель в видимой выборке.",1,False,1,0,200000,0,1,0,0.000305375967247,0,True,0,True,False,False,1,1,False,0,0,0,0,1,1,0,200000,0,0.676906779661,1,terminal,1,none,0.15,0.0625,0.143660225347,0.0675934163701,0,1
100000002791494100,peripheral,0.25,14,0.43034498,"4-е колено: исходящие не выгружены. Вход 1 плательщиков, 85,860 KZT. Роль за границей обхода не установлена.",4,False,1,0,85860,0,1,0,0.000315933209885,0,True,0,True,True,False,7,0,False,0,0,0,0,1,1,0,85860,0,0.695945945946,1,peripheral,1,truncated_depth4,0.03,0.1875,0.133707967531,0.0791370106762,0,1
100000002793851100,peripheral,0.5,3,0.3331521,"Колено 1; входящих связей 1, исходящих 0; вход 11,052 KZT. Пороги значимых ролей не достигнуты.",1,False,1,0,11052,0,1,0,0.000285217873752,0,True,0,True,False,False,7,1,False,0,0,0,0,1,1,0,11052,0,0.0275423728814,1,peripheral,1,none,0.03,0.1875,0.109580031605,0.00607206405694,0,1
100000002793881100,terminal,1,2,0.65140582,"Колено 3; вход 785,600 KZT; исходящих связей 0, выход/вход=0.00. Получатель в видимой выборке.",3,False,3,0,785600,0,3,0,0.000373013186273,0,True,0,True,False,False,9,0,False,0,0,0,0,3,1,0,261866.666667,0,0.911280101394,1,terminal,2,sync_inflow,0.15,0.20762050593,0.159762481164,0.100689501779,0.0333333333333,1
100000002794197100,peripheral,0.5,9,0.22261255,"Колено 1; входящих связей 1, исходящих 0; вход 30,100 KZT. Пороги значимых ролей не достигнуты.",1,False,1,0,30100,0,1,0,0.000285752142783,0,True,0,True,False,False,1,1,False,0,0,0,0,1,1,0,30100,0,0.243644067797,1,peripheral,1,none,0.03,0.0625,0.121371447004,0.00874110320285,0,1
100000002794374100,peripheral,0.25,2,0.4724382,"4-е колено: исходящие не выгружены. Вход 1 плательщиков, 111,000 KZT. Роль за границей обхода не установлена.",4,False,1,0,111000,0,1,0,0.000361720237272,0,True,0,True,True,False,9,0,False,0,0,0,0,1,1,0,111000,0,0.763513513514,1,peripheral,0,truncated_depth4,0.03,0.20762050593,0.136730503665,0.0980871886121,0,1
100000002796853100,peripheral,0.5,2,0.42022197,"Колено 2; входящих связей 1, исходящих 1; вход 199,000 KZT. Пороги значимых ролей не достигнуты.",2,False,1,1,199000,46167.62,8,5,0.00217385056648,0,True,0.231998090452,True,False,False,1,0,True,1,2,0.106369949749,2,1,0.395647679738,0.384615384615,24875,9233.524,0.720779220779,1,peripheral,0,directed_cycle,0.03,0.0625,0.146056789529,0.148331850534,0.0333333333333,1
100000002799941100,terminal,1,11,0.59718201,"Колено 3; вход 600,000 KZT; исходящих связей 0, выход/вход=0.00. Получатель в видимой выборке.",3,False,1,0,600000,0,1,0,0.000385918367199,0,True,0,True,False,False,7,0,False,0,0,0,0,1,1,0,600000,0,0.889733840304,1,terminal,1,none,0.15,0.1875,0.156590374956,0.103091637011,0,1
100000002807334100,terminal,0.505239,5,0.47471274,"Колено 3; вход 54,715 KZT; исходящих связей 0, выход/вход=0.00. Получатель в видимой выборке.",3,False,1,0,54715,0,1,0,0.000285795979567,0,True,0,True,False,False,7,0,False,0,0,0,0,1,1,0,54715,0,0.429657794677,1,terminal,1,none,0.15,0.1875,0.128404912943,0.00880782918149,0,1
100000002809568100,peripheral,0.5,1,0.33511106,"Колено 1; входящих связей 1, исходящих 0; вход 10,000 KZT. Пороги значимых ролей не достигнуты.",1,False,1,0,10000,0,1,0,0.000285899281973,0,True,0,True,False,False,7,1,False,0,0,0,0,1,1,0,10000,0,0.0190677966102,1,peripheral,1,none,0.03,0.1875,0.10840287741,0.00920818505338,0,1
100000002809896100,peripheral,0.5,14,0.39819802,"Колено 3; входящих связей 1, исходящих 0; вход 38,000 KZT. Пороги значимых ролей не достигнуты.",3,False,1,0,38000,0,1,0,0.000298097141091,0,True,0,True,False,False,7,0,False,0,0,0,0,1,1,0,38000,0,0.335868187579,1,peripheral,1,none,0.03,0.1875,0.124114392184,0.0565836298932,0,1
100000002810870100,peripheral,0.5,8,0.25242611,"Колено 1; входящих связей 1, исходящих 0; вход 33,677 KZT. Пороги значимых ролей не достигнуты.",1,False,1,0,33677,0,1,0,0.00029105259111,0,True,0,True,False,False,1,1,False,0,0,0,0,1,1,0,33677,0,0.264830508475,1,peripheral,1,none,0.03,0.0625,0.122693009232,0.0372330960854,0,1
100000002812641100,peripheral,0.5,9,0.55784978,"Колено 2; входящих связей 1, исходящих 1; вход 10,000 KZT. Пороги значимых ролей не достигнуты.",2,False,1,1,10000,7023.95,1,1,0.00217732895281,0,True,0.702395,True,False,False,8,0,True,1,0,0.702395,1,1,0.587407740272,0.5,10000,7023.95,0.12987012987,1,peripheral,1,fast_temporal_match;directed_cycle,0.03,0.19812031259,0.114664225156,0.148398576512,0.0666666666667,1
100000002815005100,terminal,0.973889,2,0.58233633,"Колено 3; вход 476,500 KZT; исходящих связей 0, выход/вход=0.00. Получатель в видимой выборке.",3,False,1,0,476500,0,1,0,0.000317440728745,0,True,0,True,False,False,8,0,False,0,0,0,0,1,1,0,476500,0,0.852978453739,1,terminal,1,none,0.15,0.19812031259,0.153877943329,0.0803380782918,0,1
100000002818726100,peripheral,0.5,17,0.34998155,"Колено 3; входящих связей 1, исходящих 0; вход 10,879 KZT. Пороги значимых ролей не достигнуты.",3,False,1,0,10879,0,1,0,0.000288034559987,0,True,0,True,False,False,7,0,False,0,0,0,0,1,1,0,10879,0,0.0684410646388,1,peripheral,1,none,0.03,0.1875,0.109394359149,0.0230871886121,0,1
100000002820010100,peripheral,0.5,21,0.24566057,"Колено 2; входящих связей 1, исходящих 0; вход 30,000 KZT. Пороги значимых ролей не достигнуты.",2,False,1,0,30000,0,1,0,0.00028968506026,0,True,0,True,False,False,1,0,False,0,0,0,0,1,1,0,30000,0,0.266233766234,1,peripheral,1,none,0.03,0.0625,0.121332281665,0.0318282918149,0,1
100000002821425100,terminal,0.75,10,0.44991594,"Колено 3; вход 275,000 KZT; исходящих связей 0, выход/вход=0.00. Получатель в видимой выборке.",3,False,1,0,275000,0,1,0,0.000297042388082,0,True,0,True,False,False,2,0,False,0,0,0,0,1,1,0,275000,0,0.745247148289,1,terminal,1,none,0.15,0.0990601562951,0.147408271214,0.0534475088968,0,1
100000002822472100,terminal,0.740802,10,0.56870089,"Колено 3; вход 266,722 KZT; исходящих связей 0, выход/вход=0.00. Получатель в видимой выборке.",3,False,2,0,266722,0,2,0,0.000310575538755,0,True,0,True,False,False,8,0,False,0,0,0,0,1,0.777269966482,0,133361,0,0.740177439797,2,terminal,2,none,0.15,0.19812031259,0.147048545434,0.0735320284698,0,1
100000002824176100,terminal,0.604444,9,0.4788674,"Колено 1; вход 144,000 KZT; исходящих связей 0, выход/вход=0.00. Получатель в видимой выборке.",1,False,1,0,144000,0,1,0,0.000336706209331,0,True,0,True,False,False,2,1,False,0,0,0,0,1,1,0,144000,0,0.60593220339,1,terminal,0,none,0.15,0.0990601562951,0.139793898233,0.0900133451957,0,1
100000002826669100,terminal,0.622111,11,0.59242782,"Колено 2; вход 159,900 KZT; исходящих связей 0, выход/вход=0.00. Получатель в видимой выборке.",2,False,1,0,159900,0,4,0,0.000473254277847,0,True,0,True,False,False,7,0,False,0,1,0,0,1,0.312695434647,0.25,39975,0,0.627705627706,1,terminal,1,none,0.15,0.1875,0.141026579275,0.113901245552,0,1
100000002830055100,peripheral,0.5,8,0.22050992,"Колено 1; входящих связей 1, исходящих 0; вход 14,000 KZT. Пороги значимых ролей не достигнуты.",1,False,1,0,14000,0,1,0,0.000286953712884,0,True,0,True,False,False,1,1,False,0,0,0,0,1,1,0,14000,0,0.0582627118644,1,peripheral,1,none,0.03,0.0625,0.112362673055,0.0156472419929,0,1
100000002831727100,peripheral,0.5,11,0.41330184,"Колено 2; входящих связей 1, исходящих 1; вход 6,000 KZT. Пороги значимых ролей не достигнуты.",2,False,1,1,6000,77000,1,3,0.000289180319696,1.92202445845e-05,True,12.8333333333,True,False,True,7,0,False,0,1,1,2,1,0.566265060241,0.25,6000,25666.6666667,0.484848484848,1,peripheral,0,unobserved_funding;fast_temporal_match,0.03,0.1875,0.133309249343,0.029159252669,0.0333333333333,1
100000002832753100,peripheral,0.25,3,0.46678517,"4-е колено: исходящие не выгружены. Вход 1 плательщиков, 12,500 KZT. Роль за границей обхода не установлена.",4,False,1,0,12500,0,1,0,0.000749534964772,0,True,0,True,True,False,7,0,False,0,0,0,0,1,1,0,12500,0,0.234234234234,1,peripheral,0,truncated_depth4,0.03,0.1875,0.111028944592,0.138256227758,0,1
100000002835874100,peripheral,0.25,2,0.39698786,"4-е колено: исходящие не выгружены. Вход 1 плательщиков, 58,700 KZT. Роль за границей обхода не установлена.",4,False,1,0,58700,0,1,0,0.000291706439418,0,True,0,True,True,False,8,0,False,0,0,0,0,1,1,0,58700,0,0.628378378378,1,peripheral,1,truncated_depth4,0.03,0.19812031259,0.129232320328,0.0396352313167,0,1
100000002836052100,peripheral,0.5,4,0.43322678,"Колено 2; входящих связей 1, исходящих 0; вход 15,000 KZT. Пороги значимых ролей не достигнуты.",2,False,1,0,15000,0,1,0,0.000303982578175,0,True,0,True,False,False,11,0,False,0,0,0,0,1,1,0,15000,0,0.108225108225,1,peripheral,0,none,0.03,0.224060156295,0.113174633106,0.0659919928826,0,1
100000002836736100,terminal,1,9,0.54155397,"Колено 1; вход 509,000 KZT; исходящих связей 0, выход/вход=0.00. Получатель в видимой выборке.",1,False,2,0,509000,0,2,0,0.000449101430145,0,True,0,True,False,False,3,1,False,0,0,0,0,2,1,0,254500,0,0.849576271186,1,terminal,1,none,0.15,0.125,0.15465450111,0.111899466192,0,1
100000002838519100,peripheral,0.5,15,0.39800561,"Колено 3; входящих связей 1, исходящих 0; вход 46,900 KZT. Пороги значимых ролей не достигнуты.",3,False,1,0,46900,0,1,0,0.000297248404227,0,True,0,True,False,False,7,0,False,0,0,0,0,1,1,0,46900,0,0.377693282636,1,peripheral,1,none,0.03,0.1875,0.126591020832,0.0539145907473,0,1
100000002838861100,consolidator,0.5,9,0.80585873,"Вход от 5 плательщиков (seed: 2); 554,524 KZT; исходящих связей 1. Признаки консолидации.",1,False,5,1,554523.95,10000,5,1,0.00222740538319,1.94183914359e-05,True,0.0180334862002,True,False,False,8,2,True,1,0,0,0,2,0.525263719989,0.166666666667,110904.79,10000,0.860169491525,2,consolidator,4,directed_cycle,0.27,0.19812031259,0.155873058322,0.14853202847,0.0333333333333,1
100000002842321100,terminal,0.622222,5,0.50762646,"Колено 3; вход 160,000 KZT; исходящих связей 0, выход/вход=0.00. Получатель в видимой выборке.",3,False,1,0,160000,0,1,0,0.00028917991605,0,True,0,True,False,False,7,0,False,0,0,0,0,1,1,0,160000,0,0.645754119138,1,terminal,1,none,0.15,0.1875,0.141033937507,0.0290925266904,0,1
100000002842337100,terminal,0.5,9,0.43873222,"Колено 2; вход 50,000 KZT; исходящих связей 0, выход/вход=0.00. Получатель в видимой выборке.",2,False,1,0,50000,0,1,0,0.000364501249345,0,True,0,True,False,False,1,0,False,0,0,0,0,1,1,0,50000,0,0.373376623377,1,terminal,0,none,0.15,0.0625,0.127344320171,0.0988879003559,0,1
100000002844652100,terminal,0.512622,9,0.36200481,"Колено 1; вход 61,360 KZT; исходящих связей 0, выход/вход=0.00. Получатель в видимой выборке.",1,False,1,0,61360,0,1,0,0.000287532969022,0,True,0,True,False,False,1,1,False,0,0,0,0,1,1,0,61360,0,0.432203389831,1,terminal,1,none,0.15,0.0625,0.129753920285,0.0197508896797,0,1
100000002844897100,peripheral,0.5,9,0.2077472,"Колено 1; входящих связей 1, исходящих 0; вход 10,800 KZT. Пороги значимых ролей не достигнуты.",1,False,1,0,10800,0,1,0,0.000285189682317,0,True,0,True,False,False,1,1,False,0,0,0,0,1,1,0,10800,0,0.0254237288136,1,peripheral,1,none,0.03,0.0625,0.109308588219,0.00593861209964,0,1
100000002845605100,terminal,0.508408,1,0.51541307,"Колено 1; вход 57,567 KZT; исходящих связей 0, выход/вход=0.00. Получатель в видимой выборке.",1,False,1,0,57567,0,1,0,0.000294755697536,0,True,0,True,False,False,7,1,False,0,0,0,0,1,1,0,57567,0,0.423728813559,1,terminal,1,none,0.15,0.1875,0.129002932626,0.0489101423488,0,1
100000002847207100,peripheral,0.5,4,0.41734587,"Колено 1; входящих связей 1, исходящих 0; вход 46,243 KZT. Пороги значимых ролей не достигнуты.",1,False,1,0,46243,0,1,0,0.000293222002575,0,True,0,True,False,False,10,1,False,0,0,0,0,1,1,0,46243,0,0.349576271186,1,peripheral,1,none,0.03,0.216214476165,0.126424984383,0.044706405694,0,1
100000002849158100,peripheral,0.5,2,0.53087013,"Колено 3; входящих связей 3, исходящих 1; вход 723,000 KZT. Пороги значимых ролей не достигнуты.",3,False,3,1,723000,1313000,3,3,0.000334467159744,2.27868879095e-05,True,1.81604426003,True,False,True,9,0,False,0,1,0,0,3,0.71021611002,0,241000,437666.666667,0.979721166033,1,peripheral,3,unobserved_funding;sync_inflow,0.03,0.20762050593,0.170970565486,0.0889457295374,0.0333333333333,1
100000002852402100,terminal,0.505556,3,0.55090823,"Колено 2; вход 55,000 KZT; исходящих связей 0, выход/вход=0.00. Получатель в видимой выборке.",2,False,1,0,55000,0,1,0,0.000325212790606,0,True,0,True,False,False,7,0,False,0,0,0,0,1,1,0,55000,0,0.410173160173,1,terminal,0,none,0.15,0.1875,0.128466058137,0.0849421708185,0,1
100000002858835100,peripheral,0.5,8,0.24022623,"Колено 1; входящих связей 1, исходящих 0; вход 24,400 KZT. Пороги значимых ролей не достигнуты.",1,False,1,0,24400,0,1,0,0.000289120116988,0,True,0,True,False,False,1,1,False,0,0,0,0,1,1,0,24400,0,0.190677966102,1,peripheral,1,none,0.03,0.0625,0.118900611846,0.0288256227758,0,1
100000002860934100,peripheral,0.25,24,0.49614913,"4-е колено: исходящие не выгружены. Вход 1 плательщиков, 279,500 KZT. Роль за границей обхода не установлена.",4,False,1,0,279500,0,4,0,0.000577263958102,0,True,0,True,True,False,7,0,False,0,1,0,0,1,0.865831842576,0.25,69875,0,0.882882882883,1,peripheral,0,truncated_depth4,0.03,0.1875,0.14759930463,0.131049822064,0,1
100000002861485100,peripheral,0.5,3,0.3559124,"Колено 1; входящих связей 1, исходящих 0; вход 29,323 KZT. Пороги значимых ролей не достигнуты.",1,False,1,0,29323,0,1,0,0.000287169415736,0,True,0,True,False,False,7,1,False,0,0,0,0,1,1,0,29323,0,0.235169491525,1,peripheral,1,none,0.03,0.1875,0.121063648156,0.0173487544484,0,1
100000002862113100,peripheral,0.5,15,0.39846529,"Колено 3; входящих связей 1, исходящих 0; вход 47,405 KZT. Пороги значимых ролей не достигнуты.",3,False,1,0,47405,0,2,0,0.000297390654915,0,True,0,True,False,False,7,0,False,0,1,0,0,1,0.503216960236,0,23702.5,0,0.389100126743,1,peripheral,1,none,0.03,0.1875,0.126717070588,0.0542482206406,0,1
100000002863356100,peripheral,0.5,20,0.28198467,"Колено 2; входящих связей 1, исходящих 1; вход 45,000 KZT. Пороги значимых ролей не достигнуты.",2,False,1,1,45000,20000,1,1,0.000299205699901,1.38702795971e-06,True,0.444444444444,True,False,False,1,0,False,0,0,0,0,1,0.692307692308,0,45000,20000,0.444805194805,1,peripheral,1,none,0.03,0.0625,0.130432179138,0.0590524911032,0,1
100000002864256100,terminal,0.595311,4,0.57938243,"Колено 1; вход 135,780 KZT; исходящих связей 0, выход/вход=0.00. Получатель в видимой выборке.",1,False,1,0,135780,0,1,0,0.000311005489603,0,True,0,True,False,False,10,1,False,0,0,0,0,1,1,0,135780,0,0.597457627119,1,terminal,1,none,0.15,0.216214476165,0.139102119091,0.0740658362989,0,1
100000002864680100,terminal,0.506591,12,0.38607041,"Колено 1; вход 55,932 KZT; исходящих связей 0, выход/вход=0.00. Получатель в видимой выборке.",1,False,1,0,55932,0,1,0,0.000293259052304,0,True,0,True,False,False,1,1,False,0,0,0,0,1,1,0,55932,0,0.417372881356,1,terminal,1,none,0.15,0.0625,0.128663824245,0.0449065836299,0,1
100000002870463100,terminal,0.674444,21,0.66338521,"Колено 2; вход 207,000 KZT; исходящих связей 1, выход/вход=0.05. Получатель в видимой выборке.",2,False,3,1,207000,10000,4,1,0.00202834567417,1.94183914359e-05,True,0.048309178744,True,False,False,7,0,True,1,1,0,0,1,0.308755760369,0,51750,10000,0.694805194805,2,terminal,2,directed_cycle,0.15,0.1875,0.144620381704,0.147931494662,0.0333333333333,1
100000002870937100,terminal,0.537444,9,0.37293211,"Колено 1; вход 83,700 KZT; исходящих связей 0, выход/вход=0.00. Получатель в видимой выборке.",1,False,1,0,83700,0,1,0,0.000288805638829,0,True,0,True,False,False,1,1,False,0,0,0,0,1,1,0,83700,0,0.506355932203,1,terminal,1,none,0.15,0.0625,0.133408093316,0.0270240213523,0,1
100000002871199100,peripheral,0.5,15,0.37123148,"Колено 3; входящих связей 1, исходящих 0; вход 23,186 KZT. Пороги значимых ролей не достигнуты.",3,False,1,0,23186,0,1,0,0.00029056853723,0,True,0,True,False,False,7,0,False,0,0,0,0,1,1,0,23186,0,0.20278833967,1,peripheral,1,none,0.03,0.1875,0.118299983419,0.0354314946619,0,1
100000002872399100,terminal,1,9,0.51283837,"Колено 3; вход 1,090,000 KZT; исходящих связей 0, выход/вход=0.00. Получатель в видимой выборке.",3,False,1,0,1090000,0,9,0,0.000700904183304,0,True,0,True,False,False,1,0,False,0,1,0,0,1,0.688073394495,0,121111.111111,0,0.948035487959,1,terminal,0,none,0.15,0.0625,0.163616835571,0.136721530249,0,1
100000002876914100,peripheral,0.25,10,0.23761258,"4-е колено: исходящие не выгружены. Вход 1 плательщиков, 12,000 KZT. Роль за границей обхода не установлена.",4,False,1,0,12000,0,1,0,0.000290416852344,0,True,0,True,True,False,1,0,False,0,0,0,0,1,1,0,12000,0,0.225225225225,1,peripheral,1,truncated_depth4,0.03,0.0625,0.110548526699,0.0345640569395,0,1
100000002877262100,terminal,0.555556,2,0.54053982,"Колено 3; вход 100,000 KZT; исходящих связей 0, выход/вход=0.00. Получатель в видимой выборке.",3,False,1,0,100000,0,1,0,0.000298291191574,0,True,0,True,False,False,8,0,False,0,0,0,0,1,1,0,100000,0,0.53865652725,1,terminal,1,none,0.15,0.19812031259,0.135502243335,0.0569172597865,0,1
100000002878467100,terminal,0.666667,2,0.56818178,"Колено 3; вход 200,000 KZT; исходящих связей 0, выход/вход=0.00. Получатель в видимой выборке.",3,False,2,0,200000,0,2,0,0.000312794247528,0,True,0,True,False,False,8,0,False,0,0,0,0,1,0.5,0,100000,0,0.687579214195,1,terminal,2,none,0.15,0.19812031259,0.143660225347,0.0764012455516,0,1
100000002878483100,peripheral,0.25,10,0.21254049,"4-е колено: исходящие не выгружены. Вход 1 плательщиков, 6,000 KZT. Роль за границей обхода не установлена.",4,False,1,0,6000,0,1,0,0.000287227126006,0,True,0,True,True,False,1,0,False,0,0,0,0,1,1,1,6000,0,0.0878378378378,1,peripheral,1,truncated_depth4,0.03,0.0625,0.102391466514,0.0176490213523,0,1
100000002881669100,peripheral,0.5,12,0.22505456,"Колено 1; входящих связей 1, исходящих 0; вход 18,600 KZT. Пороги значимых ролей не достигнуты.",1,False,1,0,18600,0,1,0,0.000287104029486,0,True,0,True,False,False,1,1,False,0,0,0,0,1,1,0,18600,0,0.126059322034,1,peripheral,1,none,0.03,0.0625,0.115706248633,0.0168483096085,0,1
100000002883402100,terminal,0.777778,10,0.57316551,"Колено 3; вход 300,000 KZT; исходящих связей 0, выход/вход=0.00. Получатель в видимой выборке.",3,False,3,0,300000,0,3,0,0.000299021406,0,True,0,True,False,False,10,0,False,0,0,0,0,1,0.5,0,100000,0,0.762357414449,3,terminal,2,none,0.15,0.216214476165,0.148432353713,0.058518683274,0,1
100000002884708100,peripheral,0.25,2,0.52216912,"4-е колено: исходящие не выгружены. Вход 1 плательщиков, 1,171,644 KZT. Роль за границей обхода не установлена.",4,False,1,0,1171644,0,2,0,0.000559185021291,0,True,0,True,True,False,8,0,False,0,1,0,0,1,0.901008326761,0,585822,0,0.984234234234,1,peripheral,0,truncated_depth4,0.03,0.19812031259,0.164466952795,0.129581850534,0,1
100000002886166100,terminal,0.65,25,0.43925066,"Колено 3; вход 185,000 KZT; исходящих связей 0, выход/вход=0.00. Получатель в видимой выборке.",3,False,1,0,185000,0,3,0,0.00032277992978,0,True,0,True,False,False,1,0,False,0,1,0,0,1,0.756756756757,0,61666.6666667,0,0.668567807351,1,terminal,1,none,0.15,0.0625,0.142742656681,0.0840080071174,0,1
100000002890167100,terminal,0.575722,3,0.52761201,"Колено 1; вход 118,150 KZT; исходящих связей 0, выход/вход=0.00. Получатель в видимой выборке.",1,False,1,0,118150,0,1,0,0.000296657107698,0,True,0,True,False,False,7,1,False,0,0,0,0,1,1,0,118150,0,0.584745762712,1,terminal,1,none,0.15,0.1875,0.137465210023,0.052646797153,0,1
100000002891765100,terminal,0.506196,15,0.52607533,"Колено 3; вход 55,576 KZT; исходящих связей 0, выход/вход=0.00. Получатель в видимой выборке.",3,False,1,0,55576,0,1,0,0.000299692299228,0,True,0,True,False,False,7,0,False,0,0,0,0,1,1,0,55576,0,0.435994930292,1,terminal,1,none,0.15,0.1875,0.128588674404,0.0599866548043,0,1
100000002893020100,peripheral,0.5,14,0.36947296,"Колено 3; входящих связей 1, исходящих 0; вход 18,340 KZT. Пороги значимых ролей не достигнуты.",3,False,1,0,18340,0,1,0,0.00029082307487,0,True,0,True,False,False,7,0,False,0,0,0,0,1,1,0,18340,0,0.155893536122,1,peripheral,1,none,0.03,0.1875,0.115540576095,0.0364323843416,0,1
100000002894076100,terminal,1,9,0.66553742,"Колено 1; вход 1,122,782 KZT; исходящих связей 0, выход/вход=0.00. Получатель в видимой выборке.",1,False,4,0,1122782,0,6,0,0.000380697076104,0,True,0,True,False,False,10,2,False,0,1,0,0,3,0.618804006477,0,187130.333333,0,0.927966101695,3,terminal,4,sync_inflow,0.15,0.216214476165,0.1639655891,0.102024021352,0.0333333333333,1
100000002896506100,peripheral,0.25,18,0.41900465,"4-е колено: исходящие не выгружены. Вход 1 плательщиков, 45,000 KZT. Роль за границей обхода не установлена.",4,False,1,0,45000,0,1,0,0.000311907014273,0,True,0,True,True,False,7,0,False,0,0,0,0,1,1,0,45000,0,0.565315315315,1,peripheral,0,truncated_depth4,0.03,0.1875,0.126104298878,0.0754003558719,0,1
100000002901457100,peripheral,0.5,7,0.4712267,"Колено 3; входящих связей 1, исходящих 3; вход 340,000 KZT. Пороги значимых ролей не достигнуты.",3,False,1,3,340000,119000,1,3,0.000372006736542,7.56920972299e-05,True,0.35,True,False,False,7,0,False,0,0,0,0,1,0.740740740741,0,340000,39666.6666667,0.844106463878,2,peripheral,1,none,0.03,0.1875,0.153437556415,0.100289145907,0,1
100000002904919100,peripheral,0.5,11,0.37797386,"Колено 3; входящих связей 1, исходящих 1; вход 60,325 KZT. Пороги значимых ролей не достигнуты.",3,False,1,1,60325,5500,1,1,0.000289346461213,1.92202445845e-05,True,0.0911728139246,True,False,False,7,0,False,0,0,0,0,1,0.916445119635,0.5,60325,5500,0.456273764259,1,peripheral,1,none,0.03,0.1875,0.130580619749,0.0298932384342,0,1
100000002906470100,terminal,0.588889,11,0.54488461,"Колено 3; вход 130,000 KZT; исходящих связей 0, выход/вход=0.00. Получатель в видимой выборке.",3,False,1,0,130000,0,1,0,0.000306111609299,0,True,0,True,False,False,7,0,False,0,0,0,0,1,1,0,130000,0,0.593155893536,1,terminal,1,none,0.15,0.1875,0.138590129463,0.0687944839858,0,1
100000002908521100,peripheral,0.5,6,0.2553389,"Колено 3; входящих связей 1, исходящих 0; вход 44,500 KZT. Пороги значимых ролей не достигнуты.",3,False,1,0,44500,0,1,0,0.000290931971841,0,True,0,True,False,False,1,0,False,0,0,0,0,1,1,0,44500,0,0.360583016477,1,peripheral,1,none,0.03,0.0625,0.125972796928,0.0368661032028,0,1
100000002911170100,terminal,0.777778,29,0.5690062,"Колено 2; вход 300,000 KZT; исходящих связей 0, выход/вход=0.00. Получатель в видимой выборке.",2,False,1,0,300000,0,2,0,0.000321174477297,0,True,0,True,False,False,7,0,False,0,1,0,0,1,0.5,0,150000,0,0.746753246753,1,terminal,1,none,0.15,0.1875,0.148432353713,0.0830738434164,0,1
100000002913340100,peripheral,0.5,6,0.23206032,"Колено 3; входящих связей 1, исходящих 0; вход 23,600 KZT. Пороги значимых ролей не достигнуты.",3,False,1,0,23600,0,1,0,0.000287693846932,0,True,0,True,False,False,1,0,False,0,0,0,0,1,1,0,23600,0,0.207224334601,1,peripheral,1,none,0.03,0.0625,0.118508273028,0.0210520462633,0,1
100000002914245100,terminal,0.600679,18,0.39892196,"Колено 3; вход 140,611 KZT; исходящих связей 0, выход/вход=0.00. Получатель в видимой выборке.",3,False,1,0,140611,0,1,0,0.000293982031774,0,True,0,True,False,False,1,0,False,0,0,0,0,1,1,0,140611,0,0.607097591888,1,terminal,1,none,0.15,0.0625,0.139513595216,0.0469083629893,0,1
100000002916006100,peripheral,0.5,23,0.09211587,"Колено 0; входящих связей 0, исходящих 1; вход 0 KZT. Пороги значимых ролей не достигнуты.",0,True,0,1,0,32000,0,1,0.000284037399667,0,False,0,False,False,True,0,0,False,0,0,0,0,0,1,0,0,32000,0.345679012346,1,peripheral,0,seed;unobserved_funding,0.03,0,0.122091847471,0.00143460854093,0,0.6
100000002921047100,peripheral,0.5,9,0.47055831,"Колено 1; входящих связей 2, исходящих 1; вход 338,000 KZT. Пороги значимых ролей не достигнуты.",1,False,2,1,338000,163000.02,2,1,0.000315302466359,2.15980068012e-05,True,0.482248579882,True,False,False,9,1,False,0,0,0,0,1,0.650698616739,0,169000,163000.02,0.847457627119,2,peripheral,2,none,0.03,0.20762050593,0.154468049494,0.0784697508897,0,1
100000002922000100,peripheral,0.25,38,0.48281843,"4-е колено: исходящие не выгружены. Вход 1 плательщиков, 448,000 KZT. Роль за границей обхода не установлена.",4,False,1,0,448000,0,1,0,0.000456556039982,0,True,0,True,True,False,7,0,False,0,0,0,0,1,1,0,448000,0,0.941441441441,1,peripheral,0,truncated_depth4,0.03,0.1875,0.153152062968,0.112166370107,0,1
100000002926970100,terminal,0.538889,14,0.54962596,"Колено 3; вход 85,000 KZT; исходящих связей 0, выход/вход=0.00. Получатель в видимой выборке.",3,False,1,0,85000,0,1,0,0.000315486821272,0,True,0,True,False,False,7,0,False,0,0,0,0,1,1,0,85000,0,0.499366286439,1,terminal,1,none,0.15,0.1875,0.133589486986,0.0785364768683,0,1
100000002933386100,peripheral,0.5,1,0.48441839,"Колено 3; входящих связей 1, исходящих 1; вход 15,000 KZT. Пороги значимых ролей не достигнуты.",3,False,1,1,15000,58000,1,1,0.000648635284415,2.00128319901e-05,True,3.86666666667,True,False,True,7,0,False,0,0,0,0,1,0.794520547945,0,15000,58000,0.47401774398,1,peripheral,1,unobserved_funding,0.03,0.1875,0.13179827827,0.135120106762,0,1
100000002934441100,terminal,0.512051,1,0.52907655,"Колено 1; вход 60,846 KZT; исходящих связей 0, выход/вход=0.00. Получатель в видимой выборке.",1,False,2,0,60845.6,0,2,0,0.00030082203409,0,True,0,True,False,False,7,1,False,0,0,0,0,2,1,0,30422.8,0,0.430084745763,1,terminal,2,none,0.15,0.1875,0.129654838067,0.0619217081851,0,1
100000002936322100,terminal,1,18,0.5961066,"Колено 3; вход 787,133 KZT; исходящих связей 0, выход/вход=0.00. Получатель в видимой выборке.",3,False,2,0,787133,0,2,0,0.000364250424443,0,True,0,True,False,False,7,0,False,0,0,0,0,1,0.76221680453,0,393566.5,0,0.912547528517,2,terminal,2,none,0.15,0.1875,0.159785425587,0.0988211743772,0,1
100000002938501100,peripheral,0.5,3,0.33434723,"Колено 1; входящих связей 1, исходящих 1; вход 8,395 KZT. Пороги значимых ролей не достигнуты.",1,False,1,1,8395,5000,1,1,0.000284934077187,1.79439154729e-05,True,0.595592614652,True,False,False,7,1,False,0,0,0,0,1,0.626726390444,1,8395,5000,0.0508474576271,1,peripheral,1,none,0.03,0.1875,0.111842780756,0.00500444839858,0,1
100000002939838100,terminal,1,19,0.62812071,"Колено 1; вход 571,233 KZT; исходящих связей 0, выход/вход=0.00. Получатель в видимой выборке.",1,False,3,0,571233,0,3,0,0.000397689207538,0,True,0,True,False,False,10,1,False,0,0,0,0,1,0.595203708469,0,190411,0,0.866525423729,2,terminal,2,none,0.15,0.216214476165,0.156012108107,0.105894128114,0,1
100000002941114100,peripheral,0.5,16,0.54840494,"Колено 1; входящих связей 2, исходящих 1; вход 128,510 KZT. Пороги значимых ролей не достигнуты.",1,False,2,1,128510,15000,15,1,0.00190715969611,2.06072725443e-05,True,0.116722434052,True,False,False,8,1,True,1,1,0.116722434052,1,2,0.222980976935,0.6875,8567.33333333,15000,0.603813559322,1,peripheral,1,directed_cycle,0.03,0.19812031259,0.139753781004,0.147197508897,0.0333333333333,1
100000002943472100,terminal,0.633333,2,0.56086421,"Колено 3; вход 170,000 KZT; исходящих связей 0, выход/вход=0.00. Получатель в видимой выборке.",3,False,1,0,170000,0,1,0,0.000308268845909,0,True,0,True,False,False,8,0,False,0,0,0,0,1,1,0,170000,0,0.658428390368,1,terminal,1,none,0.15,0.19812031259,0.141747458613,0.0709964412811,0,1
100000002945031100,peripheral,0.5,17,0.36156876,"Колено 3; входящих связей 1, исходящих 0; вход 15,000 KZT. Пороги значимых ролей не достигнуты.",3,False,1,0,15000,0,1,0,0.000289548697102,0,True,0,True,False,False,7,0,False,0,0,0,0,1,1,0,15000,0,0.103929024081,1,peripheral,1,none,0.03,0.1875,0.113174633106,0.0308941281139,0,1
100000002945626100,terminal,1,2,0.60350576,"Колено 3; вход 584,000 KZT; исходящих связей 0, выход/вход=0.00. Получатель в видимой выборке.",3,False,3,0,584000,0,3,0,0.000335877008886,0,True,0,True,False,False,9,0,False,0,0,0,0,2,0.708904109589,0,194666.666667,0,0.883396704689,1,terminal,3,none,0.15,0.20762050593,0.156272259774,0.0896129893238,0,1
100000002947299100,terminal,0.538889,4,0.5806228,"Колено 2; вход 85,000 KZT; исходящих связей 0, выход/вход=0.00. Получатель в видимой выборке.",2,False,1,0,85000,0,1,0,0.000335583606533,0,True,0,True,False,False,9,0,False,0,0,0,0,1,1,0,85000,0,0.49025974026,1,terminal,1,none,0.15,0.20762050593,0.133589486986,0.0894128113879,0,1
100000002948492100,peripheral,0.5,15,0.37207018,"Колено 3; входящих связей 1, исходящих 0; вход 23,660 KZT. Пороги значимых ролей не достигнуты.",3,False,1,0,23660,0,1,0,0.000290702055699,0,True,0,True,False,False,7,0,False,0,0,0,0,1,1,0,23660,0,0.209125475285,1,peripheral,1,none,0.03,0.1875,0.118538156414,0.0360320284698,0,1
100000002951898100,peripheral,0.5,15,0.39225962,"Колено 3; входящих связей 1, исходящих 0; вход 39,990 KZT. Пороги значимых ролей не достигнуты.",3,False,1,0,39990,0,1,0,0.000295301964109,0,True,0,True,False,False,7,0,False,0,0,0,0,1,1,0,39990,0,0.339670468948,1,peripheral,1,none,0.03,0.1875,0.12471513378,0.0500444839858,0,1
100000002952631100,peripheral,0.5,3,0.37340193,"Колено 1; входящих связей 1, исходящих 0; вход 48,050 KZT. Пороги значимых ролей не достигнуты.",1,False,1,0,48050,0,1,0,0.000289169663492,0,True,0,True,False,False,7,1,False,0,0,0,0,1,1,0,48050,0,0.364406779661,1,peripheral,1,none,0.03,0.1875,0.126876126184,0.0290258007117,0,1
100000002952756100,peripheral,0.5,10,0.31847107,"Колено 3; входящих связей 1, исходящих 0; вход 47,000 KZT. Пороги значимых ролей не достигнуты.",3,False,1,0,47000,0,1,0,0.000365634356509,0,True,0,True,False,False,1,0,False,0,0,0,0,1,1,0,47000,0,0.380861850444,1,peripheral,0,none,0.03,0.0625,0.126616088604,0.0993549822064,0,1
100000002954780100,terminal,0.592667,2,0.53308033,"Колено 3; вход 133,400 KZT; исходящих связей 0, выход/вход=0.00. Получатель в видимой выборке.",3,False,1,0,133400,0,1,0,0.000290863821092,0,True,0,True,False,False,9,0,False,0,0,0,0,1,1,0,133400,0,0.598225602028,1,terminal,1,none,0.15,0.20762050593,0.138893990057,0.0365658362989,0,1
100000002956769100,terminal,1,2,0.65392872,"Колено 3; вход 840,000 KZT; исходящих связей 0, выход/вход=0.00. Получатель в видимой выборке.",3,False,3,0,840000,0,3,0,0.000382594279134,0,True,0,True,False,False,9,0,False,0,0,0,0,3,1,0,280000,0,0.926489226869,1,terminal,3,sync_inflow,0.15,0.20762050593,0.160550501241,0.102424377224,0.0333333333333,1
100000002956779100,terminal,0.901111,19,0.47086529,"Колено 3; вход 411,000 KZT; исходящих связей 0, выход/вход=0.00. Получатель в видимой выборке.",3,False,1,0,411000,0,1,0,0.000400751784296,0,True,0,True,False,False,1,0,False,0,0,0,0,1,1,0,411000,0,0.828263624842,1,terminal,0,none,0.15,0.0625,0.152137528611,0.106227758007,0,1
100000002956898100,terminal,0.766933,3,0.58669967,"Колено 2; вход 290,240 KZT; исходящих связей 0, выход/вход=0.00. Получатель в видимой выборке.",2,False,2,0,290240,0,2,0,0.000374623665457,0,True,0,True,False,False,7,0,False,0,0,0,0,1,0.802783902977,0,145120,0,0.74025974026,1,terminal,2,none,0.15,0.1875,0.148043084814,0.10115658363,0,1
100000002957306100,terminal,0.887211,16,0.62098512,"Колено 1; вход 398,490 KZT; исходящих связей 0, выход/вход=0.00. Получатель в видимой выборке.",1,False,2,0,398490,0,2,0,0.000353171299296,0,True,0,True,False,False,11,2,False,0,0,0,0,1,0.525734648297,0,199245,0,0.792372881356,2,terminal,2,none,0.15,0.224060156295,0.151773722712,0.0951512455516,0,1
100000002957787100,coordinator,1,1,0.85358284,Связывает 5 узлов сбора/рассылки; достижим от 7 seed; betweenness=0.00428. Гипотеза структурной координации.,2,False,4,34,84956,1276153.96,7,41,0.000610126267442,0.00427664542621,True,15.0213517586,True,False,True,7,0,True,1,8,1,1,2,0.254942664588,0.458333333333,12136.5714286,31125.7063415,0.911255411255,7,distributor,5,unobserved_funding;fast_temporal_match;directed_cycle,0.3,0.1875,0.166231122382,0.133185053381,0.0666666666667,1
100000002958139100,terminal,0.677222,2,0.55024487,"Колено 3; вход 209,500 KZT; исходящих связей 0, выход/вход=0.00. Получатель в видимой выборке.",3,False,1,0,209500,0,2,0,0.000298723648233,0,True,0,True,False,False,8,0,False,0,1,0,0,1,0.91646778043,0,104750,0,0.693282636248,1,terminal,1,none,0.15,0.19812031259,0.144206405504,0.0579181494662,0,1
100000002958286100,terminal,0.73,9,0.4337779,"Колено 1; вход 257,000 KZT; исходящих связей 0, выход/вход=0.00. Получатель в видимой выборке.",1,False,1,0,257000,0,1,0,0.000311457459008,0,True,0,True,False,False,1,1,False,0,0,0,0,1,1,0,257000,0,0.726694915254,1,terminal,1,none,0.15,0.0625,0.146611533353,0.0746663701068,0,1
100000002958343100,peripheral,0.5,9,0.43956151,"Колено 2; входящих связей 1, исходящих 2; вход 2,900,000 KZT. Пороги значимых ролей не достигнуты.",2,False,1,2,2900000,1390000,4,17,0.000625412601411,3.96293702774e-07,True,0.479310344828,True,False,False,1,0,True,1,3,0.051724137931,1.53333333333,1,0.4662004662,0.047619047619,725000,81764.7058824,0.974025974026,1,peripheral,0,directed_cycle,0.03,0.0625,0.179742415005,0.133985765125,0.0333333333333,1
100000002958345100,terminal,0.785556,10,0.45521504,"Колено 3; вход 307,000 KZT; исходящих связей 0, выход/вход=0.00. Получатель в видимой выборке.",3,False,1,0,307000,0,1,0,0.000298555695825,0,True,0,True,False,False,2,0,False,0,0,0,0,1,1,0,307000,0,0.769328263625,1,terminal,1,none,0.15,0.0990601562951,0.148703821049,0.0574510676157,0,1
100000002963189100,peripheral,0.5,15,0.54250215,"Колено 3; входящих связей 1, исходящих 7; вход 490,000 KZT. Пороги значимых ролей не достигнуты.",3,False,1,7,490000,5219000,3,15,0.000422062820436,8.54078415082e-05,True,10.6510204082,True,False,True,7,0,True,1,5,0,0,1,0.485899456998,0.0555555555556,163333.333333,347933.333333,1,2,peripheral,1,unobserved_funding;directed_cycle,0.03,0.1875,0.18310565163,0.10856316726,0.0333333333333,1
100000002964966100,terminal,0.666667,4,0.59687395,"Колено 2; вход 200,000 KZT; исходящих связей 0, выход/вход=0.00. Получатель в видимой выборке.",2,False,1,0,200000,0,1,0,0.000393146420626,0,True,0,True,False,False,8,0,False,0,0,0,0,1,1,0,200000,0,0.677489177489,1,terminal,0,none,0.15,0.19812031259,0.143660225347,0.10509341637,0,1
100000002968096100,peripheral,0.25,22,0.42960954,"4-е колено: исходящие не выгружены. Вход 1 плательщиков, 70,000 KZT. Роль за границей обхода не установлена.",4,False,1,0,70000,0,1,0,0.000317725349761,0,True,0,True,True,False,7,0,False,0,0,0,0,1,1,0,70000,0,0.664414414414,1,peripheral,0,truncated_depth4,0.03,0.1875,0.131304384807,0.0808051601423,0,1
100000002969048100,terminal,0.564967,21,0.41548494,"Колено 2; вход 108,470 KZT; исходящих связей 0, выход/вход=0.00. Получатель в видимой выборке.",2,False,1,0,108470,0,1,0,0.000304457457816,0,True,0,True,False,False,1,0,False,0,0,0,0,1,1,0,108470,0,0.551948051948,1,terminal,1,none,0.15,0.0625,0.136459140404,0.0665258007117,0,1
100000002970466100,peripheral,0.5,1,0.39492057,"Колено 3; входящих связей 1, исходящих 2; вход 23,317 KZT. Пороги значимых ролей не достигнуты.",3,False,1,2,23317,93000,1,3,0.000285341446182,3.84404891691e-05,True,3.98850624008,True,False,True,7,0,False,0,1,1,2,1,0.386873801766,0.25,23317,31000,0.572877059569,1,peripheral,1,unobserved_funding;fast_temporal_match,0.03,0.1875,0.137281185249,0.00680604982206,0.0333333333333,1
100000002971593100,peripheral,0.25,5,0.46445841,"4-е колено: исходящие не выгружены. Вход 1 плательщиков, 49,050 KZT. Роль за границей обхода не установлена.",4,False,1,0,49050,0,1,0,0.000527244983777,0,True,0,True,True,False,7,0,False,0,0,0,0,1,1,0,49050,0,0.592342342342,1,peripheral,0,truncated_depth4,0.03,0.1875,0.127118551288,0.119839857651,0,1
100000002973903100,terminal,0.547644,12,0.56108954,"Колено 1; вход 92,880 KZT; исходящих связей 0, выход/вход=0.00. Получатель в видимой выборке.",1,False,3,0,92880,0,3,0,0.000315122721412,0,True,0,True,False,False,8,1,False,0,0,0,0,1,0.459517657192,0,30960,0,0.542372881356,3,terminal,3,none,0.15,0.19812031259,0.134632930523,0.0783362989324,0,1
100000002974256100,peripheral,0.5,12,0.31827809,"Колено 2; входящих связей 1, исходящих 0; вход 7,200 KZT. Пороги значимых ролей не достигнуты.",2,False,1,0,7200,0,1,0,0.000528762538295,0,True,0,True,False,False,1,0,False,0,0,0,0,1,1,1,7200,0,0.0281385281385,1,peripheral,0,none,0.03,0.0625,0.104536985062,0.121241103203,0,1
100000002975287100,peripheral,0.5,1,0.3512596,"Колено 3; входящих связей 1, исходящих 0; вход 15,000 KZT. Пороги значимых ролей не достигнуты.",3,False,1,0,15000,0,1,0,0.000287635300457,0,True,0,True,False,False,7,0,False,0,0,0,0,1,1,0,15000,0,0.103929024081,1,peripheral,1,none,0.03,0.1875,0.113174633106,0.0205849644128,0,1
100000002975437100,terminal,1,32,0.64425591,"Колено 3; вход 530,000 KZT; исходящих связей 1, выход/вход=0.02. Получатель в видимой выборке.",3,False,1,1,530000,8500,2,1,0.000517339922744,0,True,0.0160377358491,True,False,False,7,0,True,1,1,0,0,1,0.984215413185,0.333333333333,265000,8500,0.877059569075,1,terminal,0,directed_cycle,0.15,0.1875,0.155317591021,0.118104982206,0.0333333333333,1
100000002981489100,peripheral,0.25,5,0.34058259,"4-е колено: исходящие не выгружены. Вход 1 плательщиков, 10,000 KZT. Роль за границей обхода не установлена.",4,False,1,0,10000,0,1,0,0.000286780922873,0,True,0,True,True,False,7,0,False,0,0,0,0,1,1,0,10000,0,0.184684684685,1,peripheral,0,truncated_depth4,0.03,0.1875,0.10840287741,0.0146797153025,0,1
100000002981527100,terminal,0.631111,9,0.41796493,"Колено 1; вход 168,000 KZT; исходящих связей 0, выход/вход=0.00. Получатель в видимой выборке.",1,False,1,0,168000,0,1,0,0.000301961796435,0,True,0,True,False,False,1,1,False,0,0,0,0,1,1,0,168000,0,0.638771186441,1,terminal,1,none,0.15,0.0625,0.141608173017,0.0638567615658,0,1
100000002982252100,peripheral,0.5,8,0.23406921,"Колено 1; входящих связей 1, исходящих 0; вход 20,320 KZT. Пороги значимых ролей не достигнуты.",1,False,1,0,20320,0,1,0,0.000288270219993,0,True,0,True,False,False,1,1,False,0,0,0,0,1,1,0,20320,0,0.152542372881,1,peripheral,1,none,0.03,0.0625,0.116747142984,0.0248220640569,0,1
100000002983426100,terminal,0.543272,14,0.55156115,"Колено 3; вход 88,945 KZT; исходящих связей 0, выход/вход=0.00. Получатель в видимой выборке.",3,False,1,0,88945,0,1,0,0.000316946444428,0,True,0,True,False,False,7,0,False,0,0,0,0,1,1,0,88945,0,0.509505703422,1,terminal,1,none,0.15,0.1875,0.134123430053,0.0799377224199,0,1
100000002983879100,terminal,0.666722,4,0.59750253,"Колено 2; вход 200,050 KZT; исходящих связей 0, выход/вход=0.00. Получатель в видимой выборке.",2,False,2,0,200050,0,2,0,0.000355993097579,0,True,0,True,False,False,9,0,False,0,0,0,0,1,0.570357410647,0,100025,0,0.683982683983,2,terminal,2,none,0.15,0.20762050593,0.143663167356,0.09621886121,0,1
100000002984403100,peripheral,0.5,26,0.42474309,"Колено 3; входящих связей 1, исходящих 1; вход 20,000 KZT. Пороги значимых ролей не достигнуты.",3,False,1,1,20000,25000,1,1,0.000318304062341,2.00128319901e-05,True,1.25,True,False,True,7,0,False,0,0,0,0,1,0.555555555556,0,20000,25000,0.367553865653,1,peripheral,0,unobserved_funding,0.03,0.1875,0.126104298878,0.0811387900356,0,1
100000002986245100,peripheral,0.25,10,0.21113886,"4-е колено: исходящие не выгружены. Вход 1 плательщиков, 5,750 KZT. Роль за границей обхода не установлена.",4,False,1,0,5750,0,1,0,0.000287094220741,0,True,0,True,True,False,1,0,False,0,0,0,0,1,1,1,5750,0,0.0810810810811,1,peripheral,1,truncated_depth4,0.03,0.0625,0.101890643634,0.0167482206406,0,1
100000002988894100,peripheral,0.5,4,0.4906901,"Колено 1; входящих связей 1, исходящих 3; вход 306,121 KZT. Пороги значимых ролей не достигнуты.",1,False,1,3,306121,77500,1,3,0.000344837949521,7.13328664994e-05,True,0.253167864995,True,False,False,10,1,False,0,0,0,0,1,0.873573135986,0.25,306121,25833.3333333,0.78813559322,1,peripheral,1,none,0.03,0.216214476165,0.151326158865,0.0931494661922,0,1
100000002989353100,peripheral,0.5,10,0.35967286,"Колено 3; входящих связей 1, исходящих 2; вход 500,000 KZT. Пороги значимых ролей не достигнуты.",3,False,1,2,500000,321160,2,2,0.000307682833149,2.77405591942e-06,True,0.64232,True,False,False,2,0,False,0,1,0,0,1,0.730673681134,0,250000,160580,0.922686945501,1,peripheral,1,none,0.03,0.0990601562951,0.160283521724,0.0703291814947,0,1
100000002990675100,terminal,0.50127,5,0.47331763,"Колено 3; вход 51,143 KZT; исходящих связей 0, выход/вход=0.00. Получатель в видимой выборке.",3,False,1,0,51143,0,1,0,0.000285681172888,0,True,0,True,False,False,7,0,False,0,0,0,0,1,1,0,51143,0,0.413181242079,1,terminal,1,none,0.15,0.1875,0.127610337978,0.00820729537367,0,1
100000002991079100,peripheral,0.5,3,0.46348654,"Колено 1; входящих связей 2, исходящих 1; вход 148,900 KZT. Пороги значимых ролей не достигнуты.",1,False,2,1,148900,11000,3,1,0.000392831753073,1.98146851387e-05,True,0.073875083949,True,False,False,7,1,False,0,1,0,0,1,0.676672920575,0,49633.3333333,11000,0.627118644068,1,peripheral,1,none,0.03,0.1875,0.141026579275,0.104959964413,0,1
100000002992171100,peripheral,0.5,8,0.2218596,"Колено 1; входящих связей 1, исходящих 0; вход 14,627 KZT. Пороги значимых ролей не достигнуты.",1,False,1,0,14627,0,1,0,0.000287084322055,0,True,0,True,False,False,1,1,False,0,0,0,0,1,1,0,14627,0,0.0635593220339,1,peripheral,1,none,0.03,0.0625,0.112878282927,0.016481316726,0,1
100000002994441100,peripheral,0.25,7,0.44579317,"4-е колено: исходящие не выгружены. Вход 1 плательщиков, 5,000 KZT. Роль за границей обхода не установлена.",4,False,1,0,5000,0,1,0,0.000549915925872,0,True,0,True,True,False,7,0,False,0,0,0,0,1,1,1,5000,0,0.0236486486486,1,peripheral,0,truncated_depth4,0.03,0.1875,0.100246013331,0.128047153025,0,1
100000002999140100,peripheral,0.25,12,0.34845626,"4-е колено: исходящие не выгружены. Вход 1 плательщиков, 10,000 KZT. Роль за границей обхода не установлена.",4,False,1,0,10000,0,2,0,0.000287924611495,0,True,0,True,True,False,7,0,False,0,1,0,0,1,0.5,1,5000,0,0.184684684685,1,peripheral,0,truncated_depth4,0.03,0.1875,0.10840287741,0.0225533807829,0,1
100000003001138100,peripheral,0.25,24,0.41750221,"4-е колено: исходящие не выгружены. Вход 1 плательщиков, 30,000 KZT. Роль за границей обхода не установлена.",4,False,1,0,30000,0,1,0,0.00031551073331,0,True,0,True,True,False,7,0,False,0,0,0,0,1,1,0,30000,0,0.470720720721,1,peripheral,0,truncated_depth4,0.03,0.1875,0.121332281665,0.0786699288256,0,1
100000003001564100,peripheral,0.5,3,0.37391005,"Колено 1; входящих связей 1, исходящих 1; вход 23,520 KZT. Пороги значимых ролей не достигнуты.",1,False,1,1,23520,180000,1,1,0.000286549592074,1.92202445845e-05,True,7.65306122449,True,False,True,7,1,False,0,0,0,0,1,0.884433962264,0,23520,180000,0.682203389831,1,peripheral,1,unobserved_funding,0.03,0.1875,0.143865566914,0.0125444839858,0,1
100000003001661100,peripheral,0.5,24,0.53243429,"Колено 3; входящих связей 1, исходящих 5; вход 110,000 KZT. Пороги значимых ролей не достигнуты.",3,False,1,5,110000,439500,1,8,0.000542452095613,8.32216775826e-05,True,3.99545454545,True,False,True,7,0,True,1,1,0,0,1,0.440400363967,0.222222222222,110000,54937.5,0.879594423321,1,peripheral,0,unobserved_funding;directed_cycle,0.03,0.1875,0.155555586222,0.126045373665,0.0333333333333,1
100000003003821100,peripheral,0.5,4,0.48163095,"Колено 2; входящих связей 1, исходящих 0; вход 40,000 KZT. Пороги значимых ролей не достигнуты.",2,False,1,0,40000,0,1,0,0.000435321158113,0,True,0,True,False,False,10,0,False,0,0,0,0,1,1,0,40000,0,0.32683982684,1,peripheral,0,none,0.03,0.216214476165,0.124718076465,0.110698398577,0,1
100000003004487100,peripheral,0.5,1,0.49808787,"Колено 1; входящих связей 4, исходящих 2; вход 183,703 KZT. Пороги значимых ролей не достигнуты.",1,False,4,2,183702.8,265015,9,3,0.00034876918605,0.0001927968864,True,1.44262907261,True,False,True,7,1,True,1,2,0.0504510546383,1,2,0.501462166199,0.166666666667,20411.4222222,88338.3333333,0.813559322034,2,peripheral,3,unobserved_funding;directed_cycle,0.03,0.1875,0.15317090541,0.0940836298932,0.0333333333333,1
100000003005167100,peripheral,0.25,10,0.21825796,"4-е колено: исходящие не выгружены. Вход 1 плательщиков, 7,000 KZT. Роль за границей обхода не установлена.",4,False,1,0,7000,0,1,0,0.000287758747062,0,True,0,True,True,False,1,0,False,0,0,0,0,1,1,1,7000,0,0.112612612613,1,peripheral,1,truncated_depth4,0.03,0.0625,0.10420547279,0.0215524911032,0,1
100000003006633100,peripheral,0.5,13,0.36513775,"Колено 3; входящих связей 1, исходящих 0; вход 10,000 KZT. Пороги значимых ролей не достигнуты.",3,False,1,0,10000,0,1,0,0.000291589195518,0,True,0,True,False,False,7,0,False,0,0,0,0,1,1,0,10000,0,0.0551330798479,1,peripheral,0,none,0.03,0.1875,0.10840287741,0.0392348754448,0,1
100000003009900100,peripheral,0.5,14,0.36452879,"Колено 3; входящих связей 1, исходящих 0; вход 15,998 KZT. Пороги значимых ролей не достигнуты.",3,False,1,0,15998,0,1,0,0.000289956550806,0,True,0,True,False,False,7,0,False,0,0,0,0,1,1,0,15998,0,0.119138149556,1,peripheral,1,none,0.03,0.1875,0.113932703199,0.0330960854093,0,1
100000003010908100,peripheral,0.25,14,0.43797506,"4-е колено: исходящие не выгружены. Вход 1 плательщиков, 17,000 KZT. Роль за границей обхода не установлена.",4,False,1,0,17000,0,1,0,0.000397122734511,0,True,0,True,True,False,7,0,False,0,0,0,0,1,1,0,17000,0,0.323198198198,1,peripheral,0,truncated_depth4,0.03,0.1875,0.114647656559,0.105827402135,0,1
100000003014659100,terminal,0.755556,16,0.58121663,"Колено 1; вход 280,000 KZT; исходящих связей 0, выход/вход=0.00. Получатель в видимой выборке.",1,False,1,0,280000,0,1,0,0.000326267879933,0,True,0,True,False,False,8,1,False,0,0,0,0,1,1,0,280000,0,0.733050847458,1,terminal,1,none,0.15,0.19812031259,0.147620340423,0.0854759786477,0,1
100000003016438100,peripheral,0.5,2,0.46096787,"Колено 3; входящих связей 1, исходящих 1; вход 200,000 KZT. Пороги значимых ролей не достигнуты.",3,False,1,1,200000,300000,1,3,0.000315171619517,2.13998599498e-05,True,1.5,True,False,True,8,0,False,0,1,0,0,1,0.8,0,200000,100000,0.867553865653,1,peripheral,1,unobserved_funding,0.03,0.19812031259,0.154444533449,0.078403024911,0,1
100000003016635100,coordinator,1,3,0.54577539,Связывает 2 узлов сбора/рассылки; достижим от 6 seed; betweenness=0.00722. Гипотеза структурной координации.,0,True,8,73,586981,9414081,36,151,0.00118297218707,0.00721546908245,True,16.038135817,False,False,True,6,0,True,6,29,0.903744754941,1,3,0.107107425191,0.251336898396,16305.0277778,62344.9072848,0.987654320988,11,consolidator,2,seed;unobserved_funding;fast_temporal_match;sync_inflow;directed_cycle,0.3,0.175459682629,0.189704226935,0.144461743772,0.1,0.6
100000003016773100,peripheral,0.5,22,0.44105968,"Колено 2; входящих связей 1, исходящих 0; вход 46,555 KZT. Пороги значимых ролей не достигнуты.",2,False,1,0,46555,0,1,0,0.000313070180554,0,True,0,True,False,False,9,0,False,0,0,0,0,1,1,0,46555,0,0.348484848485,1,peripheral,0,none,0.03,0.20762050593,0.12650412486,0.0769350533808,0,1
100000003022835100,terminal,0.583333,4,0.57597334,"Колено 1; вход 125,000 KZT; исходящих связей 0, выход/вход=0.00. Получатель в видимой выборке.",1,False,1,0,125000,0,1,0,0.000308864408372,0,True,0,True,False,False,10,1,False,0,0,0,0,1,1,0,125000,0,0.591101694915,1,terminal,1,none,0.15,0.216214476165,0.138128522348,0.0716303380783,0,1
100000003024542100,peripheral,0.5,4,0.4321087,"Колено 2; входящих связей 1, исходящих 0; вход 8,500 KZT. Пороги значимых ролей не достигнуты.",2,False,1,0,8500,0,1,0,0.000316185198337,0,True,0,True,False,False,10,0,False,0,0,0,0,1,1,1,8500,0,0.0324675324675,1,peripheral,0,none,0.03,0.216214476165,0.106490307966,0.0794039145907,0,1
100000003025903100,peripheral,0.25,18,0.48734668,"4-е колено: исходящие не выгружены. Вход 1 плательщиков, 386,300 KZT. Роль за границей обхода не установлена.",4,False,1,0,386300,0,6,0,0.00052328255794,0,True,0,True,True,False,7,0,False,0,1,0,0,1,0.388299249288,0.166666666667,64383.3333333,0,0.921171171171,1,peripheral,0,truncated_depth4,0.03,0.1875,0.151408065217,0.1184386121,0,1
100000003031003100,terminal,0.755656,2,0.57790922,"Колено 3; вход 280,090 KZT; исходящих связей 0, выход/вход=0.00. Получатель в видимой выборке.",3,False,3,0,280090,0,3,0,0.000309791117248,0,True,0,True,False,False,9,0,False,0,0,0,0,2,0.946124459995,0,93363.3333333,0,0.749049429658,2,terminal,3,none,0.15,0.20762050593,0.147624122876,0.0726645907473,0,1
100000003031633100,terminal,0.904444,2,0.57714504,"Колено 3; вход 414,000 KZT; исходящих связей 0, выход/вход=0.00. Получатель в видимой выборке.",3,False,1,0,414000,0,2,0,0.000313059389674,0,True,0,True,False,False,8,0,False,0,1,0,0,1,1,0,207000,0,0.831432192649,1,terminal,1,none,0.15,0.19812031259,0.152223125618,0.0768016014235,0,1
100000003031761100,terminal,0.956009,18,0.44551097,"Колено 3; вход 460,408 KZT; исходящих связей 0, выход/вход=0.00. Получатель в видимой выборке.",3,False,1,0,460408,0,1,0,0.000316599490676,0,True,0,True,False,False,1,0,False,0,0,0,0,1,1,0,460408,0,0.846641318124,1,terminal,1,none,0.15,0.0625,0.153473604665,0.079537366548,0,1
100000003031890100,terminal,0.683333,25,0.46110393,"Колено 2; вход 215,000 KZT; исходящих связей 0, выход/вход=0.00. Получатель в видимой выборке.",2,False,1,0,215000,0,10,0,0.000389788878991,0,True,0,True,False,False,1,0,False,0,1,0,0,1,0.232558139535,0.1,21500,0,0.692640692641,1,terminal,0,none,0.15,0.0625,0.144511403975,0.10409252669,0,1
100000003034546100,terminal,0.985239,2,0.45350481,"Колено 2; вход 486,715 KZT; исходящих связей 0, выход/вход=0.00. Получатель в видимой выборке.",2,False,1,0,486715,0,2,0,0.000329531147938,0,True,0,True,False,False,1,0,False,0,1,0,0,1,0.589081906249,0,243357.5,0,0.818181818182,1,terminal,1,none,0.15,0.0625,0.154127587209,0.0868772241993,0,1
100000003035737100,terminal,1,18,0.59926215,"Колено 3; вход 809,170 KZT; исходящих связей 1, выход/вход=0.01. Получатель в видимой выборке.",3,False,2,1,809170,6544.53,3,1,0.000376551414022,1.92202445845e-05,True,0.00808795432357,True,False,False,7,0,False,0,1,0.00808795432357,1,1,0.463501612507,0.25,269723.333333,6544.53,0.921419518378,2,terminal,2,none,0.15,0.1875,0.160205212763,0.101556939502,0,1
100000003036198100,peripheral,0.5,1,0.34208478,"Колено 2; входящих связей 1, исходящих 0; вход 15,000 KZT. Пороги значимых ролей не достигнуты.",2,False,1,0,15000,0,1,0,0.000286386192952,0,True,0,True,False,False,7,0,False,0,0,0,0,1,1,0,15000,0,0.108225108225,1,peripheral,1,none,0.03,0.1875,0.113174633106,0.0114101423488,0,1
100000003037476100,peripheral,0.25,2,0.48054578,"4-е колено: исходящие не выгружены. Вход 3 плательщиков, 555,000 KZT. Роль за границей обхода не установлена.",4,False,3,0,555000,0,3,0,0.000357324740145,0,True,0,True,True,False,8,0,False,0,0,0,0,2,0.837837837838,0,185000,0,0.957207207207,1,peripheral,3,truncated_depth4,0.03,0.19812031259,0.155672803109,0.0967526690391,0,1
100000003037660100,terminal,0.503333,4,0.54275437,"Колено 1; вход 53,000 KZT; исходящих связей 0, выход/вход=0.00. Получатель в видимой выборке.",1,False,1,0,53000,0,1,0,0.000294564051358,0,True,0,True,False,False,10,1,False,0,0,0,0,1,1,0,53000,0,0.396186440678,1,terminal,1,none,0.15,0.216214476165,0.128030106554,0.0485097864769,0,1
100000003039473100,peripheral,0.5,3,0.40897031,"Колено 2; входящих связей 1, исходящих 0; вход 23,000 KZT. Пороги значимых ролей не достигнуты.",2,False,1,0,23000,0,1,0,0.000310426335344,0,True,0,True,False,False,7,0,False,0,0,0,0,1,1,0,23000,0,0.185064935065,1,peripheral,0,none,0.03,0.1875,0.118205190358,0.0732651245552,0,1
100000003040087100,peripheral,0.25,14,0.38767706,"4-е колено: исходящие не выгружены. Вход 1 плательщиков, 29,000 KZT. Роль за границей обхода не установлена.",4,False,1,0,29000,0,1,0,0.000294810501185,0,True,0,True,True,False,7,0,False,0,0,0,0,1,1,0,29000,0,0.459459459459,1,peripheral,1,truncated_depth4,0.03,0.1875,0.120933288674,0.049243772242,0,1
100000003042994100,terminal,0.762318,3,0.56337609,"Колено 1; вход 286,086 KZT; исходящих связей 0, выход/вход=0.00. Получатель в видимой выборке.",1,False,1,0,286086,0,3,0,0.000314594503278,0,True,0,True,False,False,7,1,False,0,1,0,0,1,0.73928818607,0,95362,0,0.741525423729,1,terminal,1,none,0.15,0.1875,0.14787341886,0.0780026690391,0,1
100000003044431100,terminal,0.511111,17,0.52884511,"Колено 2; вход 60,000 KZT; исходящих связей 0, выход/вход=0.00. Получатель в видимой выборке.",2,False,2,0,60000,0,2,0,0.000300812162466,0,True,0,True,False,False,7,0,False,0,0,0,0,1,0.5,0,30000,0,0.426406926407,2,terminal,2,none,0.15,0.1875,0.129490126369,0.0618549822064,0,1
100000003044518100,peripheral,0.5,9,0.22532632,"Колено 1; входящих связей 1, исходящих 0; вход 34,423 KZT. Пороги значимых ролей не достигнуты.",1,False,1,0,34423,0,1,0,0.000285998416354,0,True,0,True,False,False,1,1,False,0,0,0,0,1,1,0,34423,0,0.266949152542,1,peripheral,1,none,0.03,0.0625,0.122950870873,0.00987544483986,0,1
100000003047800100,peripheral,0.25,10,0.30374395,"4-е колено: исходящие не выгружены. Вход 1 плательщиков, 12,212 KZT. Роль за границей обхода не установлена.",4,False,1,0,12212,0,1,0,0.000372451612025,0,True,0,True,True,False,1,0,False,0,0,0,0,1,1,0,12212,0,0.22972972973,1,peripheral,0,truncated_depth4,0.03,0.0625,0.1107546233,0.100489323843,0,1
100000003050771100,terminal,0.698889,17,0.58250921,"Колено 3; вход 229,000 KZT; исходящих связей 0, выход/вход=0.00. Получатель в видимой выборке.",3,False,1,0,229000,0,1,0,0.000368176540503,0,True,0,True,False,False,7,0,False,0,0,0,0,1,1,0,229000,0,0.704689480355,1,terminal,1,none,0.15,0.1875,0.145253871583,0.0997553380783,0,1
100000003054328100,peripheral,0.5,10,0.33106505,"Колено 2; входящих связей 1, исходящих 2; вход 140,000 KZT. Пороги значимых ролей не достигнуты.",2,False,1,2,140000,193720,1,2,0.000334048491527,7.92587405548e-07,True,1.38371428571,True,False,True,1,0,False,0,0,0,0,1,0.979024331775,0.333333333333,140000,96860,0.761904761905,1,peripheral,0,unobserved_funding,0.03,0.0625,0.149686041979,0.0888790035587,0,1
100000003057225100,terminal,0.706667,3,0.55503885,"Колено 1; вход 236,000 KZT; исходящих связей 0, выход/вход=0.00. Получатель в видимой выборке.",1,False,1,0,236000,0,1,0,0.000309244772458,0,True,0,True,False,False,7,1,False,0,0,0,0,1,1,0,236000,0,0.713983050847,1,terminal,1,none,0.15,0.1875,0.145608249327,0.0719306049822,0,1
100000003060187100,terminal,0.547829,11,0.53240751,"Колено 3; вход 93,046 KZT; исходящих связей 0, выход/вход=0.00. Получатель в видимой выборке.",3,False,1,0,93046,0,1,0,0.000299836760509,0,True,0,True,False,False,7,0,False,0,0,0,0,1,1,0,93046,0,0.520912547529,1,terminal,1,none,0.15,0.1875,0.134653946705,0.0602535587189,0,1
100000003060517100,terminal,0.795506,1,0.5840956,"Колено 3; вход 315,955 KZT; исходящих связей 0, выход/вход=0.00. Получатель в видимой выборке.",3,False,1,0,315955,0,1,0,0.000359822382596,0,True,0,True,False,False,7,0,False,0,0,0,0,1,1,0,315955,0,0.77566539924,1,terminal,1,none,0.15,0.1875,0.149042219096,0.0975533807829,0,1
100000003061115100,peripheral,0.25,7,0.46617992,"4-е колено: исходящие не выгружены. Вход 1 плательщиков, 45,000 KZT. Роль за границей обхода не установлена.",4,False,1,0,45000,0,1,0,0.000530733733953,0,True,0,True,True,False,7,0,False,0,0,0,0,1,1,0,45000,0,0.565315315315,1,peripheral,0,truncated_depth4,0.03,0.1875,0.126104298878,0.122575622776,0,1
100000003062895100,terminal,0.809382,22,0.61394728,"Колено 2; вход 328,444 KZT; исходящих связей 0, выход/вход=0.00. Получатель в видимой выборке.",2,False,2,0,328444,0,2,0,0.000405309056358,0,True,0,True,False,False,9,0,False,0,0,0,0,1,0.543301141138,0,164222,0,0.757575757576,1,terminal,1,none,0.15,0.20762050593,0.14949848315,0.106828291815,0,1
100000003066385100,peripheral,0.5,1,0.36722314,"Колено 1; входящих связей 2, исходящих 0; вход 20,000 KZT. Пороги значимых ролей не достигнуты.",1,False,2,0,20000,0,2,0,0.00028996311274,0,True,0,True,False,False,7,1,False,0,0,0,0,1,0.5,0,10000,0,0.143008474576,1,peripheral,2,none,0.03,0.1875,0.116560329835,0.0331628113879,0,1
100000003068941100,peripheral,0.5,21,0.43638855,"Колено 2; входящих связей 3, исходящих 1; вход 94,000 KZT. Пороги значимых ролей не достигнуты.",2,False,3,1,94000,25000,3,2,0.000318402518642,1.98146851387e-05,True,0.265957446809,True,False,False,7,0,False,0,1,0.0531914893617,2,1,0.588235294118,0.2,31333.3333333,12500,0.5670995671,2,peripheral,3,none,0.03,0.1875,0.137549579315,0.0813389679715,0,1
100000003069463100,peripheral,0.5,27,0.35388277,"Колено 3; входящих связей 1, исходящих 1; вход 11,500 KZT. Пороги значимых ролей не достигнуты.",3,False,1,1,11500,17920,1,1,0.000286895605234,1.96165382873e-05,True,1.55826086957,True,False,True,7,0,False,0,0,0,0,1,0.609109449354,0,11500,17920,0.276299112801,1,peripheral,0,unobserved_funding,0.03,0.1875,0.121102516105,0.0152802491103,0,1
100000003071649100,terminal,0.655,2,0.54675367,"Колено 3; вход 189,500 KZT; исходящих связей 0, выход/вход=0.00. Получатель в видимой выборке.",3,False,1,0,189500,0,1,0,0.000293734602516,0,True,0,True,False,False,9,0,False,0,0,0,0,1,1,0,189500,0,0.67680608365,1,terminal,1,none,0.15,0.20762050593,0.143025515476,0.0461076512456,0,1
100000003071930100,terminal,0.975122,9,0.59569804,"Колено 1; вход 477,610 KZT; исходящих связей 1, выход/вход=0.01. Получатель в видимой выборке.",1,False,3,1,477610,5000,4,1,0.0003464948307,4.27997198996e-05,True,0.0104687925295,True,False,False,8,1,False,0,1,0.0104687925295,1,1,0.414413294378,0.2,119402.5,5000,0.832627118644,3,terminal,3,none,0.15,0.19812031259,0.154027900822,0.0935498220641,0,1
100000003072205100,peripheral,0.25,2,0.44951079,"4-е колено: исходящие не выгружены. Вход 2 плательщиков, 163,000 KZT. Роль за границей обхода не установлена.",4,False,2,0,163000,0,2,0,0.000317226974059,0,True,0,True,True,False,8,0,False,0,0,0,0,2,1,0,81500,0,0.804054054054,1,peripheral,2,truncated_depth4,0.03,0.19812031259,0.141252572132,0.0801379003559,0,1
100000003072676100,peripheral,0.5,1,0.3787249,"Колено 3; входящих связей 1, исходящих 0; вход 31,545 KZT. Пороги значимых ролей не достигнуты.",3,False,1,0,31545,0,1,0,0.000291603785027,0,True,0,True,False,False,7,0,False,0,0,0,0,1,1,0,31545,0,0.295310519645,1,peripheral,1,none,0.03,0.1875,0.12192330313,0.0393016014235,0,1
100000003073398100,terminal,0.547733,21,0.41013239,"Колено 2; вход 92,960 KZT; исходящих связей 0, выход/вход=0.00. Получатель в видимой выборке.",2,False,1,0,92960,0,1,0,0.00030153761729,0,True,0,True,False,False,1,0,False,0,0,0,0,1,1,0,92960,0,0.515151515152,1,terminal,1,none,0.15,0.0625,0.134643063488,0.0629893238434,0,1
100000003073635100,terminal,0.588034,7,0.54908525,"Колено 3; вход 129,231 KZT; исходящих связей 0, выход/вход=0.00. Получатель в видимой выборке.",3,False,1,0,129231,0,1,0,0.000310123447244,0,True,0,True,False,False,7,0,False,0,0,0,0,1,1,0,129231,0,0.59062103929,1,terminal,1,none,0.15,0.1875,0.138520301763,0.0730649466192,0,1
100000003074515100,peripheral,0.25,2,0.4194459,"4-е колено: исходящие не выгружены. Вход 1 плательщиков, 105,000 KZT. Роль за границей обхода не установлена.",4,False,1,0,105000,0,1,0,0.000297755443515,0,True,0,True,True,False,8,0,False,0,0,0,0,1,1,0,105000,0,0.745495495495,1,peripheral,1,truncated_depth4,0.03,0.19812031259,0.136076476744,0.0552491103203,0,1
100000003078839100,peripheral,0.25,7,0.406731,"4-е колено: исходящие не выгружены. Вход 1 плательщиков, 14,000 KZT. Роль за границей обхода не установлена.",4,False,1,0,14000,0,2,0,0.000313064636846,0,True,0,True,True,False,7,0,False,0,1,0,0,1,0.571428571429,1,7000,0,0.262387387387,1,peripheral,0,truncated_depth4,0.03,0.1875,0.112362673055,0.0768683274021,0,1
100000003083865100,peripheral,0.25,14,0.36186903,"4-е колено: исходящие не выгружены. Вход 1 плательщиков, 15,000 KZT. Роль за границей обхода не установлена.",4,False,1,0,15000,0,1,0,0.000289609693556,0,True,0,True,True,False,7,0,False,0,0,0,0,1,1,0,15000,0,0.287162162162,1,peripheral,1,truncated_depth4,0.03,0.1875,0.113174633106,0.0311943950178,0,1
100000003084870100,peripheral,0.25,10,0.32474229,"4-е колено: исходящие не выгружены. Вход 1 плательщиков, 6,500 KZT. Роль за границей обхода не установлена.",4,False,1,0,6500,0,1,0,0.000343250018089,0,True,0,True,True,False,2,0,False,0,0,0,0,1,1,1,6500,0,0.0957207207207,1,peripheral,0,truncated_depth4,0.03,0.0990601562951,0.103333383505,0.0923487544484,0,1
100000003086040100,peripheral,0.5,1,0.45325642,"Колено 2; входящих связей 1, исходящих 0; вход 10,500 KZT. Пороги значимых ролей не достигнуты.",2,False,1,0,10500,0,1,0,0.000545470580054,0,True,0,True,False,False,7,0,False,0,0,0,0,1,1,0,10500,0,0.0735930735931,1,peripheral,1,none,0.03,0.1875,0.108977060383,0.126779359431,0,1
100000003087877100,terminal,0.546096,18,0.38205281,"Колено 3; вход 91,486 KZT; исходящих связей 0, выход/вход=0.00. Получатель в видимой выборке.",3,False,1,0,91486,0,1,0,0.000290507694401,0,True,0,True,False,False,1,0,False,0,0,0,0,1,1,0,91486,0,0.519645120406,1,terminal,1,none,0.15,0.0625,0.134454948591,0.0350978647687,0,1
100000003089018100,terminal,0.7,2,0.42566548,"Колено 2; вход 230,000 KZT; исходящих связей 0, выход/вход=0.00. Получатель в видимой выборке.",2,False,1,0,230000,0,1,0,0.000305535734632,0,True,0,True,False,False,1,0,False,0,0,0,0,1,1,0,230000,0,0.707792207792,1,terminal,1,none,0.15,0.0625,0.145305154949,0.0678603202847,0,1
100000003089553100,terminal,0.611111,2,0.55618826,"Колено 3; вход 150,000 KZT; исходящих связей 0, выход/вход=0.00. Получатель в видимой выборке.",3,False,1,0,150000,0,1,0,0.000305418087527,0,True,0,True,False,False,8,0,False,0,0,0,0,1,1,0,150000,0,0.624207858048,1,terminal,1,none,0.15,0.19812031259,0.140274352086,0.067793594306,0,1
100000003091142100,peripheral,0.25,7,0.44938,"4-е колено: исходящие не выгружены. Вход 1 плательщиков, 40,000 KZT. Роль за границей обхода не установлена.",4,False,1,0,40000,0,1,0,0.00040750263138,0,True,0,True,True,False,7,0,False,0,0,0,0,1,1,0,40000,0,0.533783783784,1,peripheral,0,truncated_depth4,0.03,0.1875,0.124718076465,0.107161921708,0,1
100000003093299100,peripheral,0.5,1,0.33541218,"Колено 3; входящих связей 1, исходящих 0; вход 15,000 KZT. Пороги значимых ролей не достигнуты.",3,False,1,0,15000,0,1,0,0.000284876302516,0,True,0,True,False,False,7,0,False,0,0,0,0,1,1,0,15000,0,0.103929024081,1,peripheral,1,none,0.03,0.1875,0.113174633106,0.00473754448399,0,1
100000003095610100,peripheral,0.5,14,0.37941253,"Колено 3; входящих связей 1, исходящих 0; вход 23,665 KZT. Пороги значимых ролей не достигнуты.",3,False,1,0,23665,0,1,0,0.000292793288635,0,True,0,True,False,False,7,0,False,0,0,0,0,1,1,0,23665,0,0.210392902408,1,peripheral,1,none,0.03,0.1875,0.118540643274,0.043371886121,0,1
100000003096787100,peripheral,0.25,14,0.36535467,"4-е колено: исходящие не выгружены. Вход 1 плательщиков, 16,400 KZT. Роль за границей обхода не установлена.",4,False,1,0,16400,0,1,0,0.000290129774319,0,True,0,True,True,False,7,0,False,0,0,0,0,1,1,0,16400,0,0.315315315315,1,peripheral,1,truncated_depth4,0.03,0.1875,0.114224777765,0.0336298932384,0,1
100000003097324100,terminal,0.771111,2,0.5903569,"Колено 3; вход 294,000 KZT; исходящих связей 0, выход/вход=0.00. Получатель в видимой выборке.",3,False,2,0,294000,0,2,0,0.000324230000729,0,True,0,True,False,False,9,0,False,0,0,0,0,2,1,0,147000,0,0.757921419518,1,terminal,2,none,0.15,0.20762050593,0.148194577435,0.0845418149466,0,1
100000003097947100,peripheral,0.25,7,0.42673118,"4-е колено: исходящие не выгружены. Вход 1 плательщиков, 52,980 KZT. Роль за границей обхода не установлена.",4,False,1,0,52980,0,1,0,0.000318317536247,0,True,0,True,True,False,7,0,False,0,0,0,0,1,1,0,52980,0,0.614864864865,1,peripheral,0,truncated_depth4,0.03,0.1875,0.128025664454,0.0812055160142,0,1
100000003102157100,terminal,0.55194,1,0.53666984,"Колено 1; вход 96,746 KZT; исходящих связей 0, выход/вход=0.00. Получатель в видимой выборке.",1,False,1,0,96746,0,2,0,0.000302050366221,0,True,0,True,False,False,7,1,False,0,1,0,0,1,1,0,48373,0,0.546610169492,1,terminal,1,none,0.15,0.1875,0.135112895974,0.0640569395018,0,1
100000003104347100,terminal,0.908889,1,0.58899186,"Колено 2; вход 418,000 KZT; исходящих связей 1, выход/вход=0.08. Получатель в видимой выборке.",2,False,1,1,418000,32000,1,1,0.000362252791631,1.92202445845e-05,True,0.0765550239234,True,False,False,7,0,False,0,0,0,0,1,0.928888888889,0,418000,32000,0.808441558442,1,terminal,0,none,0.15,0.1875,0.153204488617,0.098287366548,0,1
100000003105089100,peripheral,0.25,19,0.38151898,"4-е колено: исходящие не выгружены. Вход 1 плательщиков, 10,000 KZT. Роль за границей обхода не установлена.",4,False,1,0,10000,0,1,0,0.000297794803711,0,True,0,True,True,False,7,0,False,0,0,0,0,1,1,0,10000,0,0.184684684685,1,peripheral,0,truncated_depth4,0.03,0.1875,0.10840287741,0.0556161032028,0,1
100000003105929100,peripheral,0.5,5,0.4295271,"Колено 3; входящих связей 1, исходящих 1; вход 429,567 KZT. Пороги значимых ролей не достигнуты.",3,False,1,1,429567,156354,2,1,0.000297843995511,1.92202445845e-05,True,0.36398047336,True,False,False,7,0,False,0,1,0,0,1,0.733148325457,0,214783.5,156354,0.884664131812,1,peripheral,1,none,0.03,0.1875,0.156310910788,0.0557161921708,0,1
100000003109805100,peripheral,0.5,13,0.37390692,"Колено 3; входящих связей 1, исходящих 0; вход 36,929 KZT. Пороги значимых ролей не достигнуты.",3,False,1,0,36929,0,1,0,0.000289807581107,0,True,0,True,False,False,7,0,False,0,0,0,0,1,1,0,36929,0,0.32319391635,1,peripheral,1,none,0.03,0.1875,0.123777920958,0.0326290035587,0,1
100000003111305100,terminal,1,2,0.60907711,"Колено 3; вход 509,338 KZT; исходящих связей 0, выход/вход=0.00. Получатель в видимой выборке.",3,False,4,0,509338,0,4,0,0.000401370813767,0,True,0,True,False,False,8,0,False,0,0,0,0,2,0.48003486879,0,127334.5,0,0.87072243346,2,terminal,3,none,0.15,0.19812031259,0.154662314047,0.106294483986,0,1
100000003112436100,terminal,0.555556,19,0.53418997,"Колено 2; вход 100,000 KZT; исходящих связей 0, выход/вход=0.00. Получатель в видимой выборке.",2,False,1,0,100000,0,1,0,0.000300487629772,0,True,0,True,False,False,7,0,False,0,0,0,0,1,1,0,100000,0,0.538961038961,1,terminal,1,none,0.15,0.1875,0.135502243335,0.0611877224199,0,1
100000003112578100,terminal,0.556756,10,0.41177958,"Колено 3; вход 101,080 KZT; исходящих связей 0, выход/вход=0.00. Получатель в видимой выборке.",3,False,1,0,101080,0,1,0,0.0002888175605,0,True,0,True,False,False,2,0,False,0,0,0,0,1,1,0,101080,0,0.54752851711,1,terminal,1,none,0.15,0.0990601562951,0.135628671882,0.027090747331,0,1
100000003115284100,consolidator,0.65,4,0.88105092,"Вход от 8 плательщиков (seed: 2); 2,160,500 KZT; исходящих связей 2. Признаки консолидации.",1,False,8,2,2160500,517000,15,4,0.00151555642059,0.000127804719145,True,0.239296459153,True,False,False,11,2,True,1,7,0.113399676001,1,7,0.890756302521,0.105263157895,144033.333333,129250,0.987288135593,6,consolidator,7,sync_inflow;directed_cycle,0.27,0.224060156295,0.174194205899,0.146129893238,0.0666666666667,1
100000003116106100,terminal,0.993389,5,0.55219065,"Колено 3; вход 494,050 KZT; исходящих связей 0, выход/вход=0.00. Получатель в видимой выборке.",3,False,1,0,494050,0,2,0,0.000299916526036,0,True,0,True,False,False,7,0,False,0,1,0,0,1,0.526768545694,0,247025,0,0.859315589354,1,terminal,1,none,0.15,0.1875,0.154303635893,0.0603870106762,0,1
100000003119550100,peripheral,0.5,8,0.23495705,"Колено 1; входящих связей 1, исходящих 0; вход 21,000 KZT. Пороги значимых ролей не достигнуты.",1,False,1,0,21000,0,1,0,0.000288411869493,0,True,0,True,False,False,1,1,False,0,0,0,0,1,1,0,21000,0,0.157838983051,1,peripheral,1,none,0.03,0.0625,0.117134540826,0.0253225088968,0,1
100000003122817100,terminal,0.938533,27,0.59592484,"Колено 3; вход 444,680 KZT; исходящих связей 0, выход/вход=0.00. Получатель в видимой выборке.",3,False,1,0,444680,0,1,0,0.000394557995444,0,True,0,True,False,False,7,0,False,0,0,0,0,1,1,0,444680,0,0.84030418251,1,terminal,0,none,0.15,0.1875,0.153064517489,0.105360320285,0,1
100000003123296100,terminal,0.540222,12,0.40297156,"Колено 1; вход 86,200 KZT; исходящих связей 0, выход/вход=0.00. Получатель в видимой выборке.",1,False,1,0,86200,0,2,0,0.00029824941528,0,True,0,True,False,False,1,1,False,0,1,0,0,1,1,0,43100,0,0.521186440678,1,terminal,1,none,0.15,0.0625,0.133754481664,0.0567170818505,0,1
100000003125997100,peripheral,0.25,2,0.48879718,"4-е колено: исходящие не выгружены. Вход 1 плательщиков, 87,750 KZT. Роль за границей обхода не установлена.",4,False,1,0,87750,0,1,0,0.000545317275039,0,True,0,True,True,False,8,0,False,0,0,0,0,1,1,0,87750,0,0.698198198198,1,peripheral,0,truncated_depth4,0.03,0.19812031259,0.13396423273,0.126712633452,0,1
100000003128638100,peripheral,0.25,2,0.47283825,"4-е колено: исходящие не выгружены. Вход 1 плательщиков, 300,000 KZT. Роль за границей обхода не установлена.",4,False,1,0,300000,0,1,0,0.000356181120524,0,True,0,True,True,False,8,0,False,0,0,0,0,1,1,0,300000,0,0.896396396396,1,peripheral,1,truncated_depth4,0.03,0.19812031259,0.148432353713,0.0962855871886,0,1
100000003131016100,peripheral,0.5,7,0.55279851,"Колено 2; входящих связей 1, исходящих 1; вход 405,700 KZT. Пороги значимых ролей не достигнуты.",2,False,1,1,405700,126000,7,4,0.00171974031136,0,True,0.310574315997,True,False,False,7,0,True,1,2,0.0369731328568,2,1,0.201241301486,0.181818181818,57957.1428571,31500,0.839826839827,1,peripheral,1,directed_cycle,0.03,0.1875,0.155168022772,0.146797153025,0.0333333333333,1
100000003131693100,terminal,0.836974,4,0.61205567,"Колено 1; вход 353,277 KZT; исходящих связей 0, выход/вход=0.00. Получатель в видимой выборке.",1,False,1,0,353277,0,1,0,0.000354203888901,0,True,0,True,False,False,10,1,False,0,0,0,0,1,1,0,353277,0,0.773305084746,1,terminal,1,none,0.15,0.216214476165,0.150356318332,0.0954848754448,0,1
100000003132484100,terminal,0.544444,2,0.47093926,"Колено 3; вход 90,000 KZT; исходящих связей 0, выход/вход=0.00. Получатель в видимой выборке.",3,False,1,0,90000,0,1,0,0.00053562296643,0,True,0,True,False,False,1,0,False,0,0,0,0,1,1,0,90000,0,0.513941698352,1,terminal,0,none,0.15,0.0625,0.134262208966,0.124177046263,0,1
100000003133045100,peripheral,0.25,31,0.43620788,"4-е колено: исходящие не выгружены. Вход 1 плательщиков, 68,000 KZT. Роль за границей обхода не установлена.",4,False,1,0,68000,0,1,0,0.000331207402044,0,True,0,True,True,False,7,0,False,0,0,0,0,1,1,0,68000,0,0.657657657658,1,peripheral,0,truncated_depth4,0.03,0.1875,0.13096321905,0.0877446619217,0,1
100000003134474100,terminal,0.573333,5,0.49643501,"Колено 3; вход 116,000 KZT; исходящих связей 0, выход/вход=0.00. Получатель в видимой выборке.",3,False,1,0,116000,0,1,0,0.000287765724045,0,True,0,True,False,False,7,0,False,0,0,0,0,1,1,0,116000,0,0.570975918885,1,terminal,1,none,0.15,0.1875,0.137249066013,0.0216859430605,0,1
100000003134550100,peripheral,0.25,2,0.41740369,"4-е колено: исходящие не выгружены. Вход 1 плательщиков, 100,000 KZT. Роль за границей обхода не установлена.",4,False,1,0,100000,0,1,0,0.000297227137603,0,True,0,True,True,False,8,0,False,0,0,0,0,1,1,0,100000,0,0.728603603604,1,peripheral,1,truncated_depth4,0.03,0.19812031259,0.135502243335,0.05378113879,0,1
100000003134934100,terminal,0.865949,7,0.61731146,"Колено 2; вход 379,354 KZT; исходящих связей 0, выход/вход=0.00. Получатель в видимой выборке.",2,False,4,0,379354,0,4,0,0.000421918857666,0,True,0,True,False,False,9,0,False,0,0,0,0,2,0.386325173848,0,94838.5,0,0.779220779221,3,terminal,3,none,0.15,0.20762050593,0.151194513329,0.108496441281,0,1
100000003134937100,peripheral,0.5,3,0.33210662,"Колено 1; входящих связей 1, исходящих 0; вход 10,286 KZT. Пороги значимых ролей не достигнуты.",1,False,1,0,10286,0,1,0,0.000285136056602,0,True,0,True,False,False,7,1,False,0,0,0,0,1,1,0,10286,0,0.0233050847458,1,peripheral,1,none,0.03,0.1875,0.108734730586,0.005871886121,0,1
100000003146511100,peripheral,0.25,17,0.3989011,"4-е колено: исходящие не выгружены. Вход 1 плательщиков, 10,000 KZT. Роль за границей обхода не установлена.",4,False,1,0,10000,0,1,0,0.000310108475076,0,True,0,True,True,False,7,0,False,0,0,0,0,1,1,0,10000,0,0.184684684685,1,peripheral,0,truncated_depth4,0.03,0.1875,0.10840287741,0.0729982206406,0,1
100000003147719100,terminal,0.555556,2,0.5220151,"Колено 3; вход 100,000 KZT; исходящих связей 0, выход/вход=0.00. Получатель в видимой выборке.",3,False,1,0,100000,0,1,0,0.000289154657107,0,True,0,True,False,False,9,0,False,0,0,0,0,1,1,0,100000,0,0.53865652725,1,terminal,1,none,0.15,0.20762050593,0.135502243335,0.0288923487544,0,1
100000003148220100,peripheral,0.5,44,0.42834483,"Колено 1; входящих связей 1, исходящих 2; вход 5,650 KZT. Пороги значимых ролей не достигнуты.",1,False,1,2,5650,43400,1,4,0.000910448459373,3.96293702774e-07,True,7.6814159292,True,False,True,1,1,True,1,1,1,2,1,0.366972477064,0.6,5650,10850,0.366525423729,1,peripheral,0,unobserved_funding;fast_temporal_match;directed_cycle,0.03,0.0625,0.127118551288,0.142059608541,0.0666666666667,1
100000003149149100,terminal,0.716667,5,0.52391796,"Колено 3; вход 245,000 KZT; исходящих связей 0, выход/вход=0.00. Получатель в видимой выборке.",3,False,1,0,245000,0,1,0,0.000291911877879,0,True,0,True,False,False,7,0,False,0,0,0,0,1,1,0,245000,0,0.723700887199,1,terminal,1,none,0.15,0.1875,0.146048740011,0.0403692170819,0,1
100000003152964100,peripheral,0.5,7,0.43383212,"Колено 3; входящих связей 1, исходящих 1; вход 141,847 KZT. Пороги значимых ролей не достигнуты.",3,False,1,1,141847,5500,1,1,0.000312670062037,1.92202445845e-05,True,0.0387741721714,True,False,False,7,0,False,0,0,0,0,1,0.962673145704,0.5,141847,5500,0.617237008872,1,peripheral,1,none,0.03,0.1875,0.140064326259,0.0762677935943,0,1
100000003154105100,peripheral,0.5,19,0.52970556,"Колено 3; входящих связей 1, исходящих 7; вход 60,000 KZT. Пороги значимых ролей не достигнуты.",3,False,1,7,60000,338000,1,9,0.000547059074009,0.000140089823931,True,5.63333333333,True,False,True,7,0,False,0,2,0.666666666667,1,1,0.603015075377,0,60000,37555.5555556,0.821926489227,1,peripheral,0,unobserved_funding;fast_temporal_match,0.03,0.1875,0.151759241492,0.127112989324,0.0333333333333,1
100000003157333100,peripheral,0.5,21,0.24566057,"Колено 2; входящих связей 1, исходящих 0; вход 30,000 KZT. Пороги значимых ролей не достигнуты.",2,False,1,0,30000,0,1,0,0.00028968506026,0,True,0,True,False,False,1,0,False,0,0,0,0,1,1,0,30000,0,0.266233766234,1,peripheral,1,none,0.03,0.0625,0.121332281665,0.0318282918149,0,1
100000003157679100,terminal,1,2,0.61301485,"Колено 3; вход 541,000 KZT; исходящих связей 0, выход/вход=0.00. Получатель в видимой выборке.",3,False,4,0,541000,0,4,0,0.000370735889262,0,True,0,True,False,False,9,0,False,0,0,0,0,2,0.452865064695,0,135250,0,0.878326996198,1,terminal,3,none,0.15,0.20762050593,0.155372104983,0.100022241993,0,1
100000003158727100,terminal,0.853267,2,0.58445635,"Колено 1; вход 367,940 KZT; исходящих связей 0, выход/вход=0.00. Получатель в видимой выборке.",1,False,3,0,367940,0,3,0,0.00031244784236,0,True,0,True,False,False,9,1,False,0,0,0,0,2,0.520465293254,0,122646.666667,0,0.777542372881,2,terminal,3,none,0.15,0.20762050593,0.150834954965,0.0760008896797,0,1
100000003159641100,peripheral,0.5,3,0.42972078,"Колено 2; входящих связей 4, исходящих 1; вход 64,000 KZT. Пороги значимых ролей не достигнуты.",2,False,4,1,64000,197800,7,1,0.000303538012051,5.8849614862e-05,True,3.090625,True,False,True,7,0,False,0,3,0.234375,2,1,0.755538579068,0.5,9142.85714286,197800,0.733766233766,3,peripheral,3,unobserved_funding,0.03,0.1875,0.146829325591,0.0653914590747,0,1
100000003163256100,peripheral,0.5,3,0.34576244,"Колено 1; входящих связей 1, исходящих 1; вход 13,485 KZT. Пороги значимых ролей не достигнуты.",1,False,1,1,13485,15000,1,1,0.000285477744676,1.92202445845e-05,True,1.11234705228,True,False,False,7,1,False,0,0,0,0,1,0.526592943655,0,13485,15000,0.224576271186,1,peripheral,1,none,0.03,0.1875,0.120722406625,0.00754003558719,0,1
100000003163886100,terminal,1,19,0.65838143,"Колено 3; вход 500,000 KZT; исходящих связей 0, выход/вход=0.00. Получатель в видимой выборке.",3,False,1,0,500000,0,1,0,0.000729017013568,0,True,0,True,False,False,10,0,False,0,0,0,0,1,1,0,500000,0,0.867553865653,1,terminal,0,none,0.15,0.216214476165,0.154444533449,0.137722419929,0,1
100000003164661100,terminal,1,28,0.50139994,"Колено 3; вход 596,200 KZT; исходящих связей 0, выход/вход=0.00. Получатель в видимой выборке.",3,False,1,0,596200,0,3,0,0.000596834708262,0,True,0,True,False,False,1,0,False,0,1,0,0,1,0.916135524992,0,198733.333333,0,0.885931558935,1,terminal,0,none,0.15,0.0625,0.156515597455,0.132384341637,0,1
100000003166017100,peripheral,0.25,14,0.36186903,"4-е колено: исходящие не выгружены. Вход 1 плательщиков, 15,000 KZT. Роль за границей обхода не установлена.",4,False,1,0,15000,0,1,0,0.000289609693556,0,True,0,True,True,False,7,0,False,0,0,0,0,1,1,0,15000,0,0.287162162162,1,peripheral,1,truncated_depth4,0.03,0.1875,0.113174633106,0.0311943950178,0,1
100000003166755100,peripheral,0.5,1,0.35823055,"Колено 2; входящих связей 1, исходящих 0; вход 24,010 KZT. Пороги значимых ролей не достигнуты.",2,False,1,0,24010,0,1,0,0.000287797034786,0,True,0,True,False,False,7,0,False,0,0,0,0,1,1,0,24010,0,0.203463203463,1,peripheral,1,none,0.03,0.1875,0.118710979949,0.0220195729537,0,1
100000003171006100,terminal,0.983333,2,0.6001852,"Колено 3; вход 485,000 KZT; исходящих связей 0, выход/вход=0.00. Получатель в видимой выборке.",3,False,2,0,485000,0,2,0,0.000333096114237,0,True,0,True,False,False,9,0,False,0,0,0,0,2,1,0,242500,0,0.855513307985,1,terminal,2,none,0.15,0.20762050593,0.154086042552,0.0884786476868,0,1
100000003171587100,peripheral,0.5,18,0.45935703,"Колено 3; входящих связей 2, исходящих 2; вход 700,000 KZT. Пороги значимых ролей не достигнуты.",3,False,2,2,700000,431300,2,7,0.000314252648339,3.88367828719e-05,True,0.616142857143,True,False,False,7,0,False,0,1,0,0,2,0.618757182003,0.111111111111,350000,61614.2857143,0.950570342205,2,peripheral,2,none,0.03,0.1875,0.164054541981,0.0778024911032,0,1
100000003173783100,peripheral,0.25,29,0.42904104,"4-е колено: исходящие не выгружены. Вход 1 плательщиков, 23,500 KZT. Роль за границей обхода не установлена.",4,False,1,0,23500,0,2,0,0.000344666057944,0,True,0,True,True,False,7,0,False,0,1,0,0,1,0.63829787234,0.5,11750,0,0.416666666667,1,peripheral,0,truncated_depth4,0.03,0.1875,0.118458298153,0.0930827402135,0,1
100000003177533100,peripheral,0.25,18,0.4238735,"4-е колено: исходящие не выгружены. Вход 1 плательщиков, 20,000 KZT. Роль за границей обхода не установлена.",4,False,1,0,20000,0,3,0,0.000336311245925,0,True,0,True,True,False,7,0,False,0,1,0,0,1,1,0.666666666667,6666.66666667,0,0.370495495495,1,peripheral,0,truncated_depth4,0.03,0.1875,0.116560329835,0.0898131672598,0,1
100000003178549100,peripheral,0.5,13,0.49532435,"Колено 3; входящих связей 2, исходящих 4; вход 250,000 KZT. Пороги значимых ролей не достигнуты.",3,False,2,4,250000,89080,2,4,0.000350139382846,0.000272122020152,True,0.35632,True,False,False,7,0,True,0,0,0,0,1,0.619322873658,0.166666666667,125000,22270,0.7845373891,4,peripheral,4,directed_cycle,0.03,0.1875,0.149873574725,0.0946174377224,0.0333333333333,1
100000003180305100,peripheral,0.25,1,0.47579924,"4-е колено: исходящие не выгружены. Вход 1 плательщиков, 144,000 KZT. Роль за границей обхода не установлена.",4,False,1,0,144000,0,1,0,0.000524836003899,0,True,0,True,True,False,7,0,False,0,0,0,0,1,1,0,144000,0,0.791666666667,1,peripheral,0,truncated_depth4,0.03,0.1875,0.139793898233,0.118505338078,0,1
100000003180820100,peripheral,0.25,2,0.41758753,"4-е колено: исходящие не выгружены. Вход 1 плательщиков, 101,000 KZT. Роль за границей обхода не установлена.",4,False,1,0,101000,0,1,0,0.000297232851369,0,True,0,True,True,False,8,0,False,0,0,0,0,1,1,0,101000,0,0.738738738739,1,peripheral,1,truncated_depth4,0.03,0.19812031259,0.135619353237,0.0538478647687,0,1
100000003186579100,peripheral,0.25,7,0.47182862,"4-е колено: исходящие не выгружены. Вход 1 плательщиков, 110,000 KZT. Роль за границей обхода не установлена.",4,False,1,0,110000,0,2,0,0.000512108548928,0,True,0,True,True,False,7,0,False,0,1,0,0,1,0.909090909091,0,55000,0,0.757882882883,1,peripheral,0,truncated_depth4,0.03,0.1875,0.136623992001,0.117704626335,0,1
100000003187359100,peripheral,0.5,8,0.23145491,"Колено 1; входящих связей 1, исходящих 0; вход 19,072 KZT. Пороги значимых ролей не достигнуты.",1,False,1,0,19072,0,1,0,0.000288010251501,0,True,0,True,False,False,1,1,False,0,0,0,0,1,1,0,19072,0,0.133474576271,1,peripheral,1,none,0.03,0.0625,0.116001174864,0.0229537366548,0,1
100000003188607100,peripheral,0.5,9,0.28723989,"Колено 2; входящих связей 1, исходящих 1; вход 18,000 KZT. Пороги значимых ролей не достигнуты.",2,False,1,1,18000,5000,1,1,0.000313004385551,5.94440554161e-07,True,0.277777777778,True,False,False,1,0,False,0,0,0,0,1,0.782608695652,0.5,18000,5000,0.185064935065,1,peripheral,0,none,0.03,0.0625,0.118205190358,0.0765346975089,0,1
100000003190207100,peripheral,0.5,23,0.46727845,"Колено 3; входящих связей 1, исходящих 1; вход 5,000 KZT. Пороги значимых ролей не достигнуты.",3,False,1,1,5000,377000,1,8,0.000297501745149,2.1003566247e-05,True,75.4,True,False,True,8,0,False,0,1,1,2,1,0.65445026178,0.111111111111,5000,47125,0.813688212928,1,peripheral,0,unobserved_funding;fast_temporal_match,0.03,0.19812031259,0.151276321037,0.0545484875445,0.0333333333333,1
100000003191430100,terminal,0.644444,3,0.60002695,"Колено 2; вход 180,000 KZT; исходящих связей 0, выход/вход=0.00. Получатель в видимой выборке.",2,False,1,0,180000,0,1,0,0.000527604572235,0,True,0,True,False,False,7,0,False,0,0,0,0,1,1,0,180000,0,0.650432900433,1,terminal,0,none,0.15,0.1875,0.142420184438,0.120106761566,0,1
100000003192220100,terminal,0.511111,3,0.58369386,"Колено 2; вход 60,000 KZT; исходящих связей 0, выход/вход=0.00. Получатель в видимой выборке.",2,False,1,0,60000,0,2,0,0.000499874346239,0,True,0,True,False,False,7,0,False,0,1,0,0,1,0.583333333333,0,30000,0,0.426406926407,1,terminal,0,none,0.15,0.1875,0.129490126369,0.116703736655,0,1
100000003192309100,peripheral,0.5,6,0.25142748,"Колено 3; входящих связей 1, исходящих 1; вход 17,200 KZT. Пороги значимых ролей не достигнуты.",3,False,1,1,17200,213000,1,1,0.000286702268013,1.38702795971e-06,True,12.3837209302,True,False,True,1,0,False,0,0,0,0,1,0.925282363162,0,17200,213000,0.708491761724,1,peripheral,1,unobserved_funding,0.03,0.0625,0.145315384862,0.0136120996441,0,1
100000003194831100,peripheral,0.25,10,0.22469276,"4-е колено: исходящие не выгружены. Вход 1 плательщиков, 6,265 KZT. Роль за границей обхода не установлена.",4,False,1,0,6265,0,1,0,0.000289258630795,0,True,0,True,True,False,1,0,False,0,0,0,0,1,1,1,6265,0,0.0923423423423,1,peripheral,0,truncated_depth4,0.03,0.0625,0.102900053791,0.0292927046263,0,1
100000003199390100,peripheral,0.25,5,0.46533798,"4-е колено: исходящие не выгружены. Вход 1 плательщиков, 260,000 KZT. Роль за границей обхода не установлена.",4,False,1,0,260000,0,1,0,0.000374495440891,0,True,0,True,True,False,7,0,False,0,0,0,0,1,1,0,260000,0,0.869369369369,1,peripheral,0,truncated_depth4,0.03,0.1875,0.146748125055,0.101089857651,0,1
100000003200071100,peripheral,0.5,47,0.09166013,"Колено 0; входящих связей 0, исходящих 1; вход 0 KZT. Пороги значимых ролей не достигнуты.",0,True,0,1,0,30000,0,1,0.000284037399667,0,False,0,False,False,True,0,0,False,0,0,0,0,0,1,0,0,30000,0.320987654321,1,peripheral,0,seed;unobserved_funding,0.03,0,0.121332281665,0.00143460854093,0,0.6
100000003204491100,peripheral,0.5,11,0.41561923,"Колено 3; входящих связей 1, исходящих 1; вход 140,000 KZT. Пороги значимых ролей не достигнуты.",3,False,1,1,140000,100000,1,2,0.000296358470806,1.92202445845e-05,True,0.714285714286,True,False,False,7,0,False,0,1,0,0,1,1,0,140000,50000,0.719264892269,1,peripheral,1,none,0.03,0.1875,0.145806060969,0.0523131672598,0,1
100000003205210100,terminal,0.597292,4,0.58006978,"Колено 1; вход 137,563 KZT; исходящих связей 0, выход/вход=0.00. Получатель в видимой выборке.",1,False,1,0,137563,0,1,0,0.000311359622055,0,True,0,True,False,False,10,1,False,0,0,0,0,1,1,0,137563,0,0.599576271186,1,terminal,1,none,0.15,0.216214476165,0.13925566448,0.0745996441281,0,1
100000003207060100,peripheral,0.25,7,0.45449363,"4-е колено: исходящие не выгружены. Вход 1 плательщиков, 53,000 KZT. Роль за границей обхода не установлена.",4,False,1,0,53000,0,1,0,0.00042486853365,0,True,0,True,True,False,7,0,False,0,0,0,0,1,1,0,53000,0,0.617117117117,1,peripheral,0,truncated_depth4,0.03,0.1875,0.128030106554,0.108963523132,0,1
100000003213473100,distributor,0.516667,4,0.66044982,"Переводы 11 получателям; 12 операций; 240,000 KZT. Признаки веерного распределения.",3,False,1,11,57500,240000,2,12,0.000287253193921,0.00010972673621,True,4.17391304348,True,False,True,7,0,True,1,2,0.782608695652,2,1,0.168067226891,0.214285714286,28750,20000,0.759188846641,4,distributor,5,unobserved_funding;fast_temporal_match;directed_cycle,0.24,0.1875,0.148333863383,0.0179492882562,0.0666666666667,1
100000003214786100,peripheral,0.25,7,0.42567528,"4-е колено: исходящие не выгружены. Вход 1 плательщиков, 5,000 KZT. Роль за границей обхода не установлена.",4,False,1,0,5000,0,1,0,0.000417825329065,0,True,0,True,True,False,7,0,False,0,0,0,0,1,1,1,5000,0,0.0236486486486,1,peripheral,0,truncated_depth4,0.03,0.1875,0.100246013331,0.107929270463,0,1
100000003215448100,peripheral,0.5,7,0.42641888,"Колено 3; входящих связей 1, исходящих 2; вход 91,309 KZT. Пороги значимых ролей не достигнуты.",3,False,1,2,91309,124000,1,4,0.000302468665526,3.84404891691e-05,True,1.35802604343,True,False,True,7,0,False,0,2,0.0876145834474,1,1,0.464448768979,0.4,91309,31000,0.69835234474,1,peripheral,1,unobserved_funding,0.03,0.1875,0.144528307081,0.064390569395,0,1
100000003216073100,peripheral,0.5,18,0.24181022,"Колено 3; входящих связей 1, исходящих 1; вход 37,001 KZT. Пороги значимых ролей не достигнуты.",3,False,1,1,37001,70000,1,1,0.000286654274112,7.92587405548e-07,True,1.89184076106,True,False,True,1,0,False,0,0,0,0,1,0.654199493463,0,37001,70000,0.555133079848,1,peripheral,1,unobserved_funding,0.03,0.0625,0.136298658497,0.0130115658363,0,1
100000003218308100,peripheral,0.5,1,0.3309364,"Колено 3; входящих связей 1, исходящих 0; вход 11,165 KZT. Пороги значимых ролей не достигнуты.",3,False,1,0,11165,0,1,0,0.000284661823021,0,True,0,True,False,False,7,0,False,0,0,0,0,1,1,0,11165,0,0.0722433460076,1,peripheral,1,none,0.03,0.1875,0.109699746472,0.00373665480427,0,1
100000003219438100,peripheral,0.5,24,0.45109096,"Колено 2; входящих связей 1, исходящих 0; вход 32,000 KZT. Пороги значимых ролей не достигнуты.",2,False,1,0,32000,0,1,0,0.000444269189026,0,True,0,True,False,False,7,0,False,0,0,0,0,1,1,0,32000,0,0.286796536797,1,peripheral,0,none,0.03,0.1875,0.122091847471,0.11149911032,0,1
100000003220685100,peripheral,0.25,5,0.50688791,"4-е колено: исходящие не выгружены. Вход 1 плательщиков, 1,306,000 KZT. Роль за границей обхода не установлена.",4,False,1,0,1306000,0,2,0,0.000534390567371,0,True,0,True,True,False,7,0,False,0,1,0,0,1,1,0,653000,0,0.986486486486,1,peripheral,0,truncated_depth4,0.03,0.1875,0.165744669166,0.123643238434,0,1
100000003221384100,terminal,1,3,0.6037711,"Колено 2; вход 511,200 KZT; исходящих связей 0, выход/вход=0.00. Получатель в видимой выборке.",2,False,1,0,511200,0,1,0,0.000445415772397,0,True,0,True,False,False,7,0,False,0,0,0,0,1,1,0,511200,0,0.82683982684,1,terminal,1,none,0.15,0.1875,0.154705261809,0.111565836299,0,1
100000003221510100,peripheral,0.5,1,0.36456703,"Колено 3; входящих связей 1, исходящих 2; вход 24,000 KZT. Пороги значимых ролей не достигнуты.",3,False,1,2,24000,120000,1,3,0.000285379644225,3.84404891691e-05,True,5,True,False,True,7,0,False,0,1,0,0,1,0.416666666667,0,24000,40000,0.610266159696,1,peripheral,1,unobserved_funding,0.03,0.1875,0.139793898233,0.0072731316726,0,1
100000003230328100,peripheral,0.25,1,0.43182148,"4-е колено: исходящие не выгружены. Вход 3 плательщиков, 26,572 KZT. Роль за границей обхода не установлена.",4,False,3,0,26572,0,3,0,0.000349714492649,0,True,0,True,True,False,7,0,False,0,0,0,0,1,0.376335992774,0.333333333333,8857.33333333,0,0.445945945946,3,peripheral,1,truncated_depth4,0.03,0.1875,0.119904220876,0.0944172597865,0,1
100000003230329100,peripheral,0.25,2,0.42192847,"4-е колено: исходящие не выгружены. Вход 1 плательщиков, 110,000 KZT. Роль за границей обхода не установлена.",4,False,1,0,110000,0,1,0,0.000298408683699,0,True,0,True,True,False,8,0,False,0,0,0,0,1,1,0,110000,0,0.757882882883,1,peripheral,1,truncated_depth4,0.03,0.19812031259,0.136623992001,0.0571841637011,0,1
100000003232675100,peripheral,0.25,17,0.44936739,"4-е колено: исходящие не выгружены. Вход 1 плательщиков, 44,000 KZT. Роль за границей обхода не установлена.",4,False,1,0,44000,0,2,0,0.000398750131466,0,True,0,True,True,False,7,0,False,0,1,0,0,1,1,0,22000,0,0.554054054054,1,peripheral,0,truncated_depth4,0.03,0.1875,0.125839809082,0.106027580071,0,1
100000003235780100,terminal,0.516667,1,0.49929339,"Колено 1; вход 65,000 KZT; исходящих связей 0, выход/вход=0.00. Получатель в видимой выборке.",1,False,2,0,65000,0,2,0,0.000289626565955,0,True,0,True,False,False,7,1,False,0,0,0,0,1,0.769230769231,0,32500,0,0.440677966102,1,terminal,2,none,0.15,0.1875,0.130432179138,0.0313612099644,0,1
100000003237045100,peripheral,0.5,3,0.5096045,"Колено 2; входящих связей 1, исходящих 1; вход 340,200 KZT. Пороги значимых ролей не достигнуты.",2,False,1,1,340200,150000,2,1,0.000391750200824,0,True,0.440917107584,True,False,False,7,0,True,1,1,0,0,1,0.69400244798,0,170100,150000,0.822510822511,1,peripheral,0,directed_cycle,0.03,0.1875,0.154211559765,0.104559608541,0.0333333333333,1
100000003239379100,terminal,0.547222,12,0.40633735,"Колено 1; вход 92,500 KZT; исходящих связей 0, выход/вход=0.00. Получатель в видимой выборке.",1,False,1,0,92500,0,1,0,0.000299288112477,0,True,0,True,False,False,1,1,False,0,0,0,0,1,1,0,92500,0,0.540254237288,1,terminal,1,none,0.15,0.0625,0.134584679441,0.0592526690391,0,1
100000003239859100,peripheral,0.5,12,0.22505456,"Колено 1; входящих связей 1, исходящих 0; вход 18,600 KZT. Пороги значимых ролей не достигнуты.",1,False,1,0,18600,0,1,0,0.000287104029486,0,True,0,True,False,False,1,1,False,0,0,0,0,1,1,0,18600,0,0.126059322034,1,peripheral,1,none,0.03,0.0625,0.115706248633,0.0168483096085,0,1
100000003241965100,peripheral,0.5,14,0.36170221,"Колено 3; входящих связей 1, исходящих 0; вход 15,000 KZT. Пороги значимых ролей не достигнуты.",3,False,1,0,15000,0,1,0,0.000289587297598,0,True,0,True,False,False,7,0,False,0,0,0,0,1,1,0,15000,0,0.103929024081,1,peripheral,1,none,0.03,0.1875,0.113174633106,0.0310275800712,0,1
100000003242289100,distributor,0.716667,13,0.78038094,"Переводы 23 получателям; 26 операций; 2,377,741 KZT. Признаки веерного распределения.",2,False,3,23,550791,2377741,8,26,0.00043708661279,0.00100134560943,True,4.31695688564,True,False,True,7,0,True,1,4,0.594049285482,1.78309703329,2,0.194182614361,0.117647058824,68848.875,91451.5769231,0.961038961039,4,distributor,4,unobserved_funding;fast_temporal_match;directed_cycle,0.24,0.1875,0.175248967466,0.110965302491,0.0666666666667,1
100000003242795100,terminal,0.567778,5,0.49431502,"Колено 3; вход 111,000 KZT; исходящих связей 0, выход/вход=0.00. Получатель в видимой выборке.",3,False,1,0,111000,0,1,0,0.000287605020408,0,True,0,True,False,False,7,0,False,0,0,0,0,1,1,0,111000,0,0.560836501901,1,terminal,1,none,0.15,0.1875,0.136730503665,0.020084519573,0,1
100000003246024100,peripheral,0.5,7,0.47272166,"Колено 2; входящих связей 1, исходящих 1; вход 25,000 KZT. Пороги значимых ролей не достигнуты.",2,False,1,1,25000,5000,1,1,0.000372508123829,0.0016116905777,True,0.2,True,False,False,7,0,True,0,0,0,0,1,1,0.5,25000,5000,0.266233766234,2,peripheral,1,directed_cycle,0.03,0.1875,0.121332281665,0.100556049822,0.0333333333333,1
100000003247600100,peripheral,0.25,1,0.48671568,"4-е колено: исходящие не выгружены. Вход 1 плательщиков, 58,000 KZT. Роль за границей обхода не установлена.",4,False,1,0,58000,0,1,0,0.000835377441891,0,True,0,True,True,False,7,0,False,0,0,0,0,1,1,0,58000,0,0.623873873874,1,peripheral,0,truncated_depth4,0.03,0.1875,0.129091126614,0.14012455516,0,1
100000003249054100,consolidator,0.6,1,0.70438066,"Вход от 7 плательщиков (seed: 0); 99,700 KZT; исходящих связей 1. Признаки консолидации.",2,False,7,1,99700,15000,11,1,0.000428938651477,3.96293702774e-05,True,0.150451354062,True,False,False,7,0,False,0,3,0,0,2,0.231909328684,0.583333333333,9063.63636364,15000,0.560606060606,2,consolidator,4,none,0.27,0.1875,0.137116422199,0.109764234875,0,1
100000003252446100,peripheral,0.25,2,0.42157754,"4-е колено: исходящие не выгружены. Вход 1 плательщиков, 108,600 KZT. Роль за границей обхода не установлена.",4,False,1,0,108600,0,1,0,0.000298361455065,0,True,0,True,True,False,8,0,False,0,0,0,0,1,1,0,108600,0,0.75,1,peripheral,1,truncated_depth4,0.03,0.19812031259,0.136473237512,0.0569839857651,0,1
100000003254277100,peripheral,0.5,1,0.36704509,"Колено 3; входящих связей 1, исходящих 1; вход 49,200 KZT. Пороги значимых ролей не достигнуты.",3,False,1,1,49200,44997,1,1,0.000286789001011,1.92202445845e-05,True,0.914573170732,True,False,False,7,0,False,0,0,0,0,1,1,0,49200,44997,0.522179974651,1,peripheral,1,none,0.03,0.1875,0.134798644187,0.0147464412811,0,1
100000003254723100,terminal,0.744278,22,0.63283975,"Колено 2; вход 269,850 KZT; исходящих связей 0, выход/вход=0.00. Получатель в видимой выборке.",2,False,1,0,269850,0,6,0,0.000526840584911,0,True,0,True,False,False,10,0,False,0,1,0,0,1,0.555864369094,0.333333333333,44975,0,0.738095238095,1,terminal,0,none,0.15,0.216214476165,0.147185770185,0.119439501779,0,1
100000003265158100,transit,0.680702,12,0.63842229,"Вход 146,100 KZT; выход/вход=1.06; сопоставлено за 1–2 дня 0%. Признаки транзита.",1,False,3,2,146100.4,154200,3,4,0.000382469419769,0.000176548844586,True,1.05543858881,True,False,False,9,2,False,0,1,0,0,1,0.626705791934,0,48700.1333333,38550,0.75,3,transit,2,none,0.18,0.20762050593,0.148444133035,0.102357651246,0,1
100000003265658100,peripheral,0.25,0,0.01886077,Seed; 0 связей и 0 KZT в выгрузке. Данных для поведенческой роли недостаточно.,0,True,0,0,0,0,0,0,0.000284037399667,0,False,0,False,False,False,0,0,False,0,0,0,0,0,0,0,0,0,0.123456790123,0,peripheral,0,seed;no_observed_edges,0.03,0,0,0.00143460854093,0,0.6
100000003270419100,terminal,0.611111,17,0.64641321,"Колено 3; вход 150,000 KZT; исходящих связей 0, выход/вход=0.00. Получатель в видимой выборке.",3,False,1,0,150000,0,1,0,0.00082688810733,0,True,0,True,False,False,10,0,False,0,0,0,0,1,1,0,150000,0,0.624207858048,1,terminal,0,none,0.15,0.216214476165,0.140274352086,0.139924377224,0,1
100000003271151100,terminal,0.585882,7,0.5483737,"Колено 3; вход 127,294 KZT; исходящих связей 0, выход/вход=0.00. Получатель в видимой выборке.",3,False,1,0,127294,0,1,0,0.00030973245225,0,True,0,True,False,False,7,0,False,0,0,0,0,1,1,0,127294,0,0.588086185044,1,terminal,1,none,0.15,0.1875,0.138342557659,0.07253113879,0,1
100000003275398100,terminal,0.777778,25,0.47198998,"Колено 2; вход 300,000 KZT; исходящих связей 1, выход/вход=0.07. Получатель в видимой выборке.",2,False,1,1,300000,20000,1,1,0.000431597603375,0,True,0.0666666666667,True,False,False,1,0,False,0,0,0,0,1,0.9375,0,300000,20000,0.751082251082,1,terminal,0,none,0.15,0.0625,0.149191941586,0.110298042705,0,1
100000003278020100,terminal,0.655556,1,0.56443108,"Колено 2; вход 190,000 KZT; исходящих связей 0, выход/вход=0.00. Получатель в видимой выборке.",2,False,1,0,190000,0,1,0,0.00032276478696,0,True,0,True,False,False,7,0,False,0,0,0,0,1,1,0,190000,0,0.660173160173,1,terminal,0,none,0.15,0.1875,0.143056528677,0.0838745551601,0,1
100000003284932100,terminal,0.522139,4,0.55335589,"Колено 1; вход 69,925 KZT; исходящих связей 0, выход/вход=0.00. Получатель в видимой выборке.",1,False,1,0,69925,0,1,0,0.000297925628337,0,True,0,True,False,False,10,1,False,0,0,0,0,1,1,0,69925,0,0.453389830508,1,terminal,1,none,0.15,0.216214476165,0.131291767979,0.0558496441281,0,1
100000003286537100,terminal,0.614444,2,0.54808058,"Колено 3; вход 153,000 KZT; исходящих связей 0, выход/вход=0.00. Получатель в видимой выборке.",3,False,2,0,153000,0,2,0,0.000299485553411,0,True,0,True,False,False,8,0,False,0,0,0,0,2,1,0,76500,0,0.634980988593,1,terminal,2,none,0.15,0.19812031259,0.140507418858,0.0594528469751,0,1
100000003289281100,peripheral,0.25,11,0.47440224,"4-е колено: исходящие не выгружены. Вход 1 плательщиков, 40,000 KZT. Роль за границей обхода не установлена.",4,False,1,0,40000,0,1,0,0.000594077401907,0,True,0,True,True,False,7,0,False,0,0,0,0,1,1,0,40000,0,0.533783783784,1,peripheral,0,truncated_depth4,0.03,0.1875,0.124718076465,0.132184163701,0,1
100000003289405100,terminal,0.838889,4,0.45326056,"Колено 2; вход 355,000 KZT; исходящих связей 0, выход/вход=0.00. Получатель в видимой выборке.",2,False,1,0,355000,0,1,0,0.000337071406455,0,True,0,True,False,False,1,0,False,0,0,0,0,1,1,0,355000,0,0.768398268398,1,terminal,1,none,0.15,0.0625,0.150413581079,0.090346975089,0,1
100000003292191100,terminal,0.568889,2,0.54113965,"Колено 3; вход 112,000 KZT; исходящих связей 0, выход/вход=0.00. Получатель в видимой выборке.",3,False,1,0,112000,0,1,0,0.000298004269095,0,True,0,True,False,False,8,0,False,0,0,0,0,1,1,0,112000,0,0.562737642586,1,terminal,1,none,0.15,0.19812031259,0.136836060064,0.0561832740214,0,1
100000003292979100,peripheral,0.5,16,0.4598526,"Колено 2; входящих связей 1, исходящих 0; вход 48,950 KZT. Пороги значимых ролей не достигнуты.",2,False,1,0,48950,0,1,0,0.000328478651938,0,True,0,True,False,False,10,0,False,0,0,0,0,1,1,0,48950,0,0.354978354978,1,peripheral,0,none,0.03,0.216214476165,0.127094532249,0.086543594306,0,1
100000003293377100,terminal,0.5,5,0.47271799,"Колено 3; вход 50,000 KZT; исходящих связей 0, выход/вход=0.00. Получатель в видимой выборке.",3,False,1,0,50000,0,1,0,0.000285644436037,0,True,0,True,False,False,7,0,False,0,0,0,0,1,1,0,50000,0,0.399873257288,1,terminal,1,none,0.15,0.1875,0.127344320171,0.00787366548043,0,1
100000003299365100,transit,0.75,4,0.66570768,"Вход 200,000 KZT; выход/вход=1.00; сопоставлено за 1–2 дня 0%. Признаки транзита.",1,False,1,1,200000,200000,1,1,0.000323760613595,0,True,1,True,False,False,10,1,True,1,0,0,0,1,1,0,200000,200000,0.795550847458,1,transit,1,directed_cycle,0.18,0.216214476165,0.151818236782,0.0843416370107,0.0333333333333,1
100000003321423100,terminal,0.555556,16,0.6193432,"Колено 2; вход 100,000 KZT; исходящих связей 0, выход/вход=0.00. Получатель в видимой выборке.",2,False,1,0,100000,0,2,0,0.000665732440713,0,True,0,True,False,False,8,0,False,0,1,0,0,1,0.5,0,50000,0,0.538961038961,1,terminal,0,none,0.15,0.19812031259,0.135502243335,0.135720640569,0,1
100000003321895100,peripheral,0.5,3,0.44584476,"Колено 3; входящих связей 1, исходящих 2; вход 24,000 KZT. Пороги значимых ролей не достигнуты.",3,False,1,2,24000,553830,1,3,0.000309536715665,3.96293702774e-05,True,23.07625,True,False,True,7,0,False,0,1,0,0,1,0.865306404998,0,24000,184610,0.880861850444,1,peripheral,0,unobserved_funding,0.03,0.1875,0.156147252201,0.0721975088968,0,1
100000003336565100,peripheral,0.5,20,0.23812641,"Колено 2; входящих связей 1, исходящих 0; вход 16,550 KZT. Пороги значимых ролей не достигнуты.",2,False,1,0,16550,0,1,0,0.00028961596342,0,True,0,True,False,False,1,0,False,0,0,0,0,1,1,0,16550,0,0.127705627706,1,peripheral,1,none,0.03,0.0625,0.114331930409,0.0312944839858,0,1
100000003338583100,peripheral,0.5,25,0.23641241,"Колено 3; входящих связей 1, исходящих 0; вход 21,765 KZT. Пороги значимых ролей не достигнуты.",3,False,1,0,21765,0,1,0,0.00028859540598,0,True,0,True,False,False,1,0,False,0,0,0,0,1,1,0,21765,0,0.188846641318,1,peripheral,1,none,0.03,0.0625,0.117555644845,0.0263567615658,0,1
100000003345947100,peripheral,0.25,18,0.46620521,"4-е колено: исходящие не выгружены. Вход 1 плательщиков, 79,500 KZT. Роль за границей обхода не установлена.",4,False,1,0,79500,0,6,0,0.000491825938544,0,True,0,True,True,False,7,0,False,0,1,0,0,1,1,0.166666666667,13250,0,0.684684684685,1,peripheral,0,truncated_depth4,0.03,0.1875,0.132802180514,0.115903024911,0,1
100000003349739100,peripheral,0.25,0,0.01886077,Seed; 0 связей и 0 KZT в выгрузке. Данных для поведенческой роли недостаточно.,0,True,0,0,0,0,0,0,0.000284037399667,0,False,0,False,False,False,0,0,False,0,0,0,0,0,0,0,0,0,0.123456790123,0,peripheral,0,seed;no_observed_edges,0.03,0,0,0.00143460854093,0,0.6
100000003360542100,terminal,0.796667,4,0.70418564,"Колено 2; вход 317,000 KZT; исходящих связей 2, выход/вход=0.16. Получатель в видимой выборке.",2,False,2,2,317000,51800,3,5,0.00144329145506,9.90734256935e-07,True,0.163406940063,True,False,False,11,0,True,1,3,0.0488958990536,1.64516129032,1,0.813449023861,0.375,105666.666667,10360,0.772727272727,1,terminal,1,directed_cycle,0.15,0.224060156295,0.150862432238,0.145929715302,0.0333333333333,1
100000003366154100,peripheral,0.5,16,0.47007277,"Колено 1; входящих связей 1, исходящих 3; вход 125,000 KZT. Пороги значимых ролей не достигнуты.",1,False,1,3,125000,289170,1,3,0.000308864408372,6.14670964455e-05,True,2.31336,True,False,True,10,1,False,0,0,0,0,1,1,0,125000,96390,0.800847457627,2,peripheral,1,unobserved_funding,0.03,0.216214476165,0.152227957527,0.0716303380783,0,1
100000003366471100,terminal,0.810877,7,0.58489256,"Колено 3; вход 329,789 KZT; исходящих связей 1, выход/вход=0.06. Получатель в видимой выборке.",3,False,2,1,329789,20000,5,1,0.000358357671572,1.92202445845e-05,True,0.060644836547,True,False,False,7,0,False,0,2,0,0,2,0.624845263859,0,65957.8,20000,0.793409378961,1,terminal,2,none,0.15,0.1875,0.150239537082,0.097153024911,0,1
100000003370425100,peripheral,0.25,17,0.46871335,"4-е колено: исходящие не выгружены. Вход 1 плательщиков, 20,000 KZT. Роль за границей обхода не установлена.",4,False,1,0,20000,0,1,0,0.000643528827782,0,True,0,True,True,False,7,0,False,0,0,0,0,1,1,0,20000,0,0.370495495495,1,peripheral,0,truncated_depth4,0.03,0.1875,0.116560329835,0.134653024911,0,1
100000003377795100,peripheral,0.5,9,0.19957469,"Колено 1; входящих связей 1, исходящих 0; вход 7,000 KZT. Пороги значимых ролей не достигнуты.",1,False,1,0,7000,0,1,0,0.000284436177136,0,True,0,True,False,False,1,1,False,0,0,0,0,1,1,1,7000,0,0.00423728813559,1,peripheral,1,none,0.03,0.0625,0.10420547279,0.00286921708185,0,1
100000003390036100,peripheral,0.5,4,0.58062229,"Колено 2; входящих связей 2, исходящих 2; вход 231,300 KZT. Пороги значимых ролей не достигнуты.",2,False,2,2,231300,62000,4,2,0.00131175568604,7.82680062979e-05,True,0.268050151319,True,False,False,11,0,True,0,2,0,0,1,0.681895669962,0.166666666667,57825,31000,0.744588744589,1,peripheral,1,directed_cycle,0.03,0.224060156295,0.148166521343,0.14506227758,0.0333333333333,1
100000003404627100,terminal,1,1,0.71385662,"Колено 1; вход 877,700 KZT; исходящих связей 0, выход/вход=0.00. Получатель в видимой выборке.",1,False,4,0,877700,0,5,0,0.00136784506529,0,True,0,True,False,False,11,1,False,0,1,0,0,3,0.842770878432,0,175540,0,0.908898305085,1,terminal,0,sync_inflow,0.15,0.224060156295,0.161067219358,0.145395907473,0.0333333333333,1
100000003406094100,peripheral,0.5,3,0.52677328,"Колено 3; входящих связей 1, исходящих 3; вход 70,000 KZT. Пороги значимых ролей не достигнуты.",3,False,1,3,70000,47000,4,3,0.000772254576218,3.88367828719e-05,True,0.671428571429,True,False,False,7,0,True,1,1,0.1,2,1,0.34188034188,0.142857142857,17500,15666.6666667,0.575411913815,1,peripheral,0,directed_cycle,0.03,0.1875,0.137350092076,0.138589857651,0.0333333333333,1
100000003447411100,peripheral,0.25,22,0.432136,"4-е колено: исходящие не выгружены. Вход 1 плательщиков, 302,000 KZT. Роль за границей обхода не установлена.",4,False,1,0,302000,0,3,0,0.000304150252598,0,True,0,True,True,False,7,0,False,0,1,0,0,1,0.629139072848,0,100666.666667,0,0.903153153153,1,peripheral,1,truncated_depth4,0.03,0.1875,0.148510556831,0.0661254448399,0,1
100000003448713100,peripheral,0.25,22,0.42820636,"4-е колено: исходящие не выгружены. Вход 1 плательщиков, 266,750 KZT. Роль за границей обхода не установлена.",4,False,1,0,266750,0,1,0,0.000301802643108,0,True,0,True,True,False,7,0,False,0,0,0,0,1,1,0,266750,0,0.876126126126,1,peripheral,1,truncated_depth4,0.03,0.1875,0.147049780913,0.0636565836299,0,1
100000003449074100,peripheral,0.5,1,0.33511106,"Колено 1; входящих связей 1, исходящих 0; вход 10,000 KZT. Пороги значимых ролей не достигнуты.",1,False,1,0,10000,0,1,0,0.000285899281973,0,True,0,True,False,False,7,1,False,0,0,0,0,1,1,0,10000,0,0.0190677966102,1,peripheral,1,none,0.03,0.1875,0.10840287741,0.00920818505338,0,1
100000003457710100,peripheral,0.5,5,0.4342477,"Колено 3; входящих связей 1, исходящих 1; вход 326,555 KZT. Пороги значимых ролей не достигнуты.",3,False,1,1,326555,1306000,1,2,0.000294533114901,1.92202445845e-05,True,3.99932630032,True,False,True,7,0,False,0,1,0,0,1,1,0,326555,653000,0.969581749049,1,peripheral,1,unobserved_funding,0.03,0.1875,0.168371366433,0.0483763345196,0,1
100000003470579100,peripheral,0.25,27,0.49796191,"4-е колено: исходящие не выгружены. Вход 1 плательщиков, 357,000 KZT. Роль за границей обхода не установлена.",4,False,1,0,357000,0,2,0,0.000564802762477,0,True,0,True,True,False,7,0,False,0,1,0,0,1,0.981792717087,0.5,178500,0,0.912162162162,1,peripheral,0,truncated_depth4,0.03,0.1875,0.15047970222,0.129982206406,0,1
100000003476560100,terminal,0.5,4,0.54033371,"Колено 1; вход 50,000 KZT; исходящих связей 0, выход/вход=0.00. Получатель в видимой выборке.",1,False,1,0,50000,0,1,0,0.000293968203149,0,True,0,True,False,False,10,1,False,0,0,0,0,1,1,0,50000,0,0.380296610169,1,terminal,1,none,0.15,0.216214476165,0.127344320171,0.046774911032,0,1
100000003481025100,peripheral,0.25,1,0.4452368,"4-е колено: исходящие не выгружены. Вход 1 плательщиков, 9,000 KZT. Роль за границей обхода не установлена.",4,False,1,0,9000,0,1,0,0.000527887187942,0,True,0,True,True,False,7,0,False,0,0,0,0,1,1,1,9000,0,0.144144144144,1,peripheral,0,truncated_depth4,0.03,0.1875,0.107162960722,0.120573843416,0,1
100000003484058100,peripheral,0.5,15,0.43295191,"Колено 3; входящих связей 1, исходящих 1; вход 110,000 KZT. Пороги значимых ролей не достигнуты.",3,False,1,1,110000,6000,1,1,0.000315022698207,1.92202445845e-05,True,0.0545454545455,True,False,False,7,0,False,0,0,0,0,1,0.948275862069,0.5,110000,6000,0.570975918885,1,peripheral,1,none,0.03,0.1875,0.137249066013,0.0782028469751,0,1
100000003486846100,peripheral,0.25,3,0.45829957,"4-е колено: исходящие не выгружены. Вход 1 плательщиков, 27,000 KZT. Роль за границей обхода не установлена.",4,False,1,0,27000,0,2,0,0.000527998355008,0,True,0,True,True,False,7,0,False,0,1,0,0,1,0.666666666667,0.5,13500,0,0.449324324324,1,peripheral,0,truncated_depth4,0.03,0.1875,0.120092277808,0.120707295374,0,1
100000003486970100,terminal,0.611111,5,0.50539891,"Колено 3; вход 150,000 KZT; исходящих связей 0, выход/вход=0.00. Получатель в видимой выборке.",3,False,1,0,150000,0,1,0,0.000288858508776,0,True,0,True,False,False,7,0,False,0,0,0,0,1,1,0,150000,0,0.624207858048,1,terminal,1,none,0.15,0.1875,0.140274352086,0.0276245551601,0,1
100000003497735100,terminal,0.583333,11,0.54302176,"Колено 3; вход 125,000 KZT; исходящих связей 0, выход/вход=0.00. Получатель в видимой выборке.",3,False,1,0,125000,0,1,0,0.000305262601236,0,True,0,True,False,False,7,0,False,0,0,0,0,1,1,0,125000,0,0.584283903676,1,terminal,1,none,0.15,0.1875,0.138128522348,0.0673932384342,0,1
100000003500764100,peripheral,0.25,13,0.45420749,"4-е колено: исходящие не выгружены. Вход 1 плательщиков, 21,000 KZT. Роль за границей обхода не установлена.",4,False,1,0,21000,0,1,0,0.000526937236616,0,True,0,True,True,False,7,0,False,0,0,0,0,1,1,0,21000,0,0.406531531532,1,peripheral,0,truncated_depth4,0.03,0.1875,0.117134540826,0.119572953737,0,1
100000003509750100,transit,0.807571,21,0.56358162,"Вход 82,290 KZT; выход/вход=0.95; сопоставлено за 1–2 дня 47%. Признаки транзита.",2,False,3,3,82290,78400,4,5,0.00167473868282,1.98146851387e-06,True,0.95272815652,True,False,False,1,0,True,2,2,0.466642362377,1.09348958333,1,0.379612919286,0.222222222222,20572.5,15680,0.62987012987,1,transit,1,directed_cycle,0.18,0.0625,0.141084584311,0.146663701068,0.0333333333333,1
100000003528285100,peripheral,0.5,7,0.48176195,"Колено 3; входящих связей 4, исходящих 4; вход 118,870 KZT. Пороги значимых ролей не достигнуты.",3,False,4,4,118870,548000,5,6,0.00040195572661,0.000115046260158,True,4.61007823673,True,False,True,7,0,False,0,2,0.176663582064,1,1,0.599817055798,0.181818181818,23774,91333.3333333,0.898605830165,3,peripheral,3,unobserved_funding,0.03,0.1875,0.157834009606,0.106427935943,0,1
100000003557488100,peripheral,0.5,32,0.54183663,"Колено 3; входящих связей 1, исходящих 2; вход 664,992 KZT. Пороги значимых ролей не достигнуты.",3,False,1,2,664992,138000,3,4,0.000576762515565,1.98146851387e-05,True,0.207521293489,True,False,False,7,0,True,1,3,0,0,1,0.937732879032,0,221664,34500,0.916349809886,1,peripheral,0,directed_cycle,0.03,0.1875,0.160020198938,0.130983096085,0.0333333333333,1
100000003561031100,peripheral,0.5,7,0.34696061,"Колено 3; входящих связей 1, исходящих 1; вход 13,300 KZT. Пороги значимых ролей не достигнуты.",3,False,1,1,13300,5000,1,1,0.000286722083936,1.92202445845e-05,True,0.375939849624,True,False,False,7,0,False,0,0,0,0,1,0.726775956284,0.5,13300,5000,0.154626108999,1,peripheral,1,none,0.03,0.1875,0.115514879747,0.0139457295374,0,1
100000003567087100,terminal,0.513461,8,0.39571191,"Колено 1; вход 62,115 KZT; исходящих связей 0, выход/вход=0.00. Получатель в видимой выборке.",1,False,1,0,62115,0,1,0,0.000296976456486,0,True,0,True,False,False,1,1,False,0,0,0,0,1,1,0,62115,0,0.434322033898,1,terminal,1,none,0.15,0.0625,0.129897852068,0.0533140569395,0,1
100000003568904100,peripheral,0.25,17,0.46558075,"4-е колено: исходящие не выгружены. Вход 1 плательщиков, 49,000 KZT. Роль за границей обхода не установлена.",4,False,1,0,49000,0,1,0,0.000528585406508,0,True,0,True,True,False,7,0,False,0,0,0,0,1,1,0,49000,0,0.588963963964,1,peripheral,0,truncated_depth4,0.03,0.1875,0.127106547896,0.120974199288,0,1
100000003574895100,peripheral,0.5,1,0.35216296,"Колено 3; входящих связей 1, исходящих 1; вход 27,968 KZT. Пороги значимых ролей не достигнуты.",3,False,1,1,27968,20000,1,1,0.000285601561992,1.92202445845e-05,True,0.715102974828,True,False,False,7,0,False,0,0,0,0,1,1,0,27968,20000,0.391634980989,1,peripheral,1,none,0.03,0.1875,0.126856024027,0.00780693950178,0,1
100000003581109100,peripheral,0.5,1,0.35454421,"Колено 3; входящих связей 1, исходящих 0; вход 42,750 KZT. Пороги значимых ролей не достигнуты.",3,False,1,0,42750,0,1,0,0.000286428272786,0,True,0,True,False,False,7,0,False,0,0,0,0,1,1,0,42750,0,0.354879594423,1,peripheral,1,none,0.03,0.1875,0.125500612876,0.011543594306,0,1
100000003582677100,peripheral,0.5,4,0.42409568,"Колено 3; входящих связей 2, исходящих 4; вход 29,757 KZT. Пороги значимых ролей не достигнуты.",3,False,2,4,29756.99,56000,2,5,0.000291701715688,0.000178881462446,True,1.88191077122,True,False,True,7,0,True,0,1,0,0,1,0.536399423534,0.285714285714,14878.495,11200,0.503168567807,3,peripheral,6,unobserved_funding;directed_cycle,0.03,0.1875,0.133693838756,0.0395685053381,0.0333333333333,1
100000003589877100,peripheral,0.5,22,0.46158215,"Колено 1; входящих связей 2, исходящих 6; вход 176,000 KZT. Пороги значимых ролей не достигнуты.",1,False,2,6,176000,416129,2,6,0.000305303180026,9.54572456557e-05,True,2.36436931818,True,False,True,9,1,False,0,0,0.264517045455,1,1,0.633095153252,0,88000,69354.8333333,0.868644067797,4,peripheral,3,unobserved_funding,0.03,0.20762050593,0.156434956477,0.0675266903915,0,1
100000003594472100,peripheral,0.5,32,0.37756567,"Колено 3; входящих связей 1, исходящих 0; вход 20,000 KZT. Пороги значимых ролей не достигнуты.",3,False,1,0,20000,0,1,0,0.000292841268463,0,True,0,True,False,False,7,0,False,0,0,0,0,1,1,0,20000,0,0.17237008872,1,peripheral,0,none,0.03,0.1875,0.116560329835,0.0435053380783,0,1
100000003603979100,terminal,0.627778,25,0.48521283,"Колено 2; вход 165,000 KZT; исходящих связей 0, выход/вход=0.00. Получатель в видимой выборке.",2,False,1,0,165000,0,3,0,0.00058181108367,0,True,0,True,False,False,1,0,False,0,1,0,0,1,0.909090909091,0.333333333333,55000,0,0.638528138528,1,terminal,0,none,0.15,0.0625,0.141396104318,0.131316725979,0,1
100000003610172100,terminal,0.522222,5,0.47994762,"Колено 3; вход 70,000 KZT; исходящих связей 0, выход/вход=0.00. Получатель в видимой выборке.",3,False,1,0,70000,0,1,0,0.000286287250585,0,True,0,True,False,False,7,0,False,0,0,0,0,1,1,0,70000,0,0.468948035488,1,terminal,1,none,0.15,0.1875,0.131304384807,0.0111432384342,0,1
100000003616818100,peripheral,0.5,25,0.39245963,"Колено 1; входящих связей 3, исходящих 3; вход 78,000 KZT. Пороги значимых ролей не достигнуты.",1,False,3,3,78000,240100,4,8,0.00050977151547,1.98146851387e-06,True,3.07820512821,True,False,True,1,1,True,2,4,0,0,1,0.471549827098,0.166666666667,19500,30012.5,0.758474576271,1,peripheral,1,unobserved_funding;directed_cycle,0.03,0.0625,0.149121851727,0.117504448399,0.0333333333333,1
100000003617552100,peripheral,0.5,28,0.33893296,"Колено 2; входящих связей 1, исходящих 0; вход 25,000 KZT. Пороги значимых ролей не достигнуты.",2,False,1,0,25000,0,1,0,0.000547691689131,0,True,0,True,False,False,1,0,False,0,0,0,0,1,1,0,25000,0,0.214285714286,1,peripheral,0,none,0.03,0.0625,0.119186514696,0.127246441281,0,1
100000003622955100,peripheral,0.25,4,0.51249724,"4-е колено: исходящие не выгружены. Вход 1 плательщиков, 15,000 KZT. Роль за границей обхода не установлена.",4,False,1,0,15000,0,1,0,0.00132035108608,0,True,0,True,True,False,11,0,False,0,0,0,0,1,1,0,15000,0,0.287162162162,1,peripheral,0,truncated_depth4,0.03,0.224060156295,0.113174633106,0.145262455516,0,1
100000003626268100,peripheral,0.25,7,0.4381864,"4-е колено: исходящие не выгружены. Вход 1 плательщиков, 5,000 KZT. Роль за границей обхода не установлена.",4,False,1,0,5000,0,1,0,0.000527751190265,0,True,0,True,True,False,7,0,False,0,0,0,0,1,1,1,5000,0,0.0236486486486,1,peripheral,0,truncated_depth4,0.03,0.1875,0.100246013331,0.120440391459,0,1
100000003631015100,peripheral,0.25,35,0.44739031,"4-е колено: исходящие не выгружены. Вход 1 плательщиков, 266,000 KZT. Роль за границей обхода не установлена.",4,False,1,0,266000,0,1,0,0.000320479639197,0,True,0,True,True,False,7,0,False,0,0,0,0,1,1,0,266000,0,0.873873873874,1,peripheral,0,truncated_depth4,0.03,0.1875,0.147016642869,0.0828736654804,0,1
100000003632533100,peripheral,0.25,1,0.43520003,"4-е колено: исходящие не выгружены. Вход 1 плательщиков, 10,000 KZT. Роль за границей обхода не установлена.",4,False,1,0,10000,0,1,0,0.00042628452416,0,True,0,True,True,False,7,0,False,0,0,0,0,1,1,0,10000,0,0.184684684685,1,peripheral,1,truncated_depth4,0.03,0.1875,0.10840287741,0.109297153025,0,1
100000003635170100,transit,0.739758,16,0.71033291,"Вход 268,500 KZT; выход/вход=0.94; сопоставлено за 1–2 дня 24%. Признаки транзита.",1,False,3,4,268500,253500,13,10,0.00113834918923,0.000188041361966,True,0.944134078212,True,False,False,8,1,True,2,4,0.238361266294,1.453125,2,0.229885057471,0.391304347826,20653.8461538,25350,0.851694915254,1,transit,1,directed_cycle,0.18,0.19812031259,0.154951323921,0.143927935943,0.0333333333333,1
100000003635660100,peripheral,0.5,7,0.36160573,"Колено 3; входящих связей 1, исходящих 0; вход 18,985 KZT. Пороги значимых ролей не достигнуты.",3,False,1,0,18985,0,1,0,0.000288949452198,0,True,0,True,False,False,7,0,False,0,0,0,0,1,1,0,18985,0,0.158428390368,1,peripheral,1,none,0.03,0.1875,0.115947366096,0.0281583629893,0,1
100000003636627100,peripheral,0.5,21,0.53276149,"Колено 3; входящих связей 1, исходящих 1; вход 77,000 KZT. Пороги значимых ролей не достигнуты.",3,False,1,1,77000,10000,8,1,0.00208243397261,0,True,0.12987012987,True,False,False,7,0,True,1,1,0,0,1,0.402298850575,0.666666666667,9625,10000,0.506970849176,1,peripheral,0,directed_cycle,0.03,0.1875,0.133863206956,0.148064946619,0.0333333333333,1
100000003646145100,peripheral,0.25,13,0.46341971,"4-е колено: исходящие не выгружены. Вход 1 плательщиков, 5,000 KZT. Роль за границей обхода не установлена.",4,False,1,0,5000,0,1,0,0.000648533764539,0,True,0,True,True,False,8,0,False,0,0,0,0,1,1,1,5000,0,0.0236486486486,1,peripheral,0,truncated_depth4,0.03,0.19812031259,0.100246013331,0.135053380783,0,1
100000003647799100,terminal,0.555556,5,0.49085144,"Колено 3; вход 100,000 KZT; исходящих связей 0, выход/вход=0.00. Получатель в видимой выборке.",3,False,1,0,100000,0,1,0,0.000287251472407,0,True,0,True,False,False,7,0,False,0,0,0,0,1,1,0,100000,0,0.53865652725,1,terminal,1,none,0.15,0.1875,0.135502243335,0.0178491992883,0,1
100000003650146100,peripheral,0.5,3,0.38757855,"Колено 3; входящих связей 1, исходящих 0; вход 14,400 KZT. Пороги значимых ролей не достигнуты.",3,False,1,0,14400,0,1,0,0.000298489838008,0,True,0,True,False,False,7,0,False,0,0,0,0,1,1,0,14400,0,0.0963244613435,1,peripheral,0,none,0.03,0.1875,0.112694208675,0.057384341637,0,1
100000003664994100,peripheral,0.25,5,0.47103763,"4-е колено: исходящие не выгружены. Вход 1 плательщиков, 338,271 KZT. Роль за границей обхода не установлена.",4,False,1,0,338271,0,2,0,0.000388819426081,0,True,0,True,True,False,7,0,False,0,1,0,0,1,0.614214638559,0,169135.5,0,0.905405405405,1,peripheral,0,truncated_depth4,0.03,0.1875,0.149845460632,0.103692170819,0,1
100000003671721100,peripheral,0.5,14,0.46691456,"Колено 3; входящих связей 1, исходящих 0; вход 5,000 KZT. Пороги значимых ролей не достигнуты.",3,False,1,0,5000,0,1,0,0.000555371480569,0,True,0,True,False,False,9,0,False,0,0,0,0,1,1,1,5000,0,0.00506970849176,1,peripheral,0,none,0.03,0.20762050593,0.100246013331,0.129048042705,0,1
100000003677936100,peripheral,0.5,9,0.42041195,"Колено 3; входящих связей 1, исходящих 1; вход 71,000 KZT. Пороги значимых ролей не достигнуты.",3,False,1,1,71000,13000,1,2,0.000307181230791,1.92202445845e-05,True,0.183098591549,True,False,False,7,0,False,0,1,0,0,1,0.916666666667,0.666666666667,71000,6500,0.49556400507,1,peripheral,1,none,0.03,0.1875,0.133450202215,0.0694617437722,0,1
100000003684369100,coordinator,0.578885,4,0.56861307,Связывает 15 узлов сбора/рассылки; достижим от 9 seed; betweenness=0.00230. Гипотеза структурной координации.,0,True,24,62,3848436,8588655,58,67,0.00200687616096,0.00230307483818,True,2.23172608301,False,False,True,9,1,True,1,16,0.898580098513,1.03507504638,6,0.204248324628,0,66352.3448276,128188.880597,1,11,consolidator,15,seed;unobserved_funding;fast_temporal_match;sync_inflow;directed_cycle,0.3,0.20762050593,0.192269896916,0.147798042705,0.1,0.6
100000003692843100,peripheral,0.25,3,0.49128347,"4-е колено: исходящие не выгружены. Вход 1 плательщиков, 510,000 KZT. Роль за границей обхода не установлена.",4,False,1,0,510000,0,2,0,0.000526321452712,0,True,0,True,True,False,7,0,False,0,1,0,0,1,0.980392156863,0,255000,0,0.952702702703,1,peripheral,0,truncated_depth4,0.03,0.1875,0.154677601298,0.119105871886,0,1
100000003696422100,peripheral,0.25,32,0.49180524,"4-е колено: исходящие не выгружены. Вход 1 плательщиков, 118,000 KZT. Роль за границей обхода не установлена.",4,False,1,0,118000,0,2,0,0.000703235126024,0,True,0,True,True,False,7,0,False,0,1,0,0,1,0.915254237288,0,59000,0,0.77027027027,1,peripheral,0,truncated_depth4,0.03,0.1875,0.137450258339,0.136854982206,0,1
100000003701161100,peripheral,0.5,30,0.56737151,"Колено 1; входящих связей 4, исходящих 3; вход 1,527,103 KZT. Пороги значимых ролей не достигнуты.",1,False,4,3,1527103,349000,13,7,0.00165407051032,0.000213007865241,True,0.22853730233,True,False,False,7,1,True,2,4,0.166982842677,1.47058823529,2,0.266509887783,0.05,117469.461538,49857.1428571,0.966101694915,3,peripheral,1,directed_cycle,0.03,0.1875,0.170007929182,0.14653024911,0.0333333333333,1
100000003711830100,terminal,0.5,7,0.51211968,"Колено 3; вход 50,000 KZT; исходящих связей 0, выход/вход=0.00. Получатель в видимой выборке.",3,False,1,0,50000,0,1,0,0.000294130197671,0,True,0,True,False,False,7,0,False,0,0,0,0,1,1,0,50000,0,0.399873257288,1,terminal,1,none,0.15,0.1875,0.127344320171,0.0472753558719,0,1
100000003713616100,peripheral,0.5,3,0.33989613,"Колено 1; входящих связей 1, исходящих 0; вход 15,893 KZT. Пороги значимых ролей не достигнуты.",1,False,1,0,15893,0,1,0,0.000285734945327,0,True,0,True,False,False,7,1,False,0,0,0,0,1,1,0,15893,0,0.0932203389831,1,peripheral,1,none,0.03,0.1875,0.113855206017,0.0085409252669,0,1
100000003718221100,peripheral,0.5,30,0.55347362,"Колено 2; входящих связей 2, исходящих 4; вход 350,000 KZT. Пороги значимых ролей не достигнуты.",2,False,2,4,350000,423500,6,8,0.00104630305106,3.92330765746e-05,True,1.21,True,False,True,7,0,True,2,4,0.257142857143,1.38888888889,1,0.497737556561,0.142857142857,58333.3333333,52937.5,0.872294372294,1,peripheral,0,unobserved_funding;directed_cycle,0.03,0.1875,0.159579793185,0.143060498221,0.0333333333333,1
100000003718715100,peripheral,0.25,22,0.50970653,"4-е колено: исходящие не выгружены. Вход 1 плательщиков, 915,000 KZT. Роль за границей обхода не установлена.",4,False,1,0,915000,0,3,0,0.000572041579619,0,True,0,True,True,False,7,0,False,0,1,0,0,1,0.765027322404,0,305000,0,0.970720720721,1,peripheral,0,truncated_depth4,0.03,0.1875,0.16155705888,0.130649466192,0,1
100000003724440100,terminal,0.5,17,0.53383898,"Колено 2; вход 50,000 KZT; исходящих связей 0, выход/вход=0.00. Получатель в видимой выборке.",2,False,2,0,50000,0,2,0,0.000306398346206,0,True,0,True,False,False,7,0,False,0,0,0,0,1,0.5,0,25000,0,0.373376623377,1,terminal,2,none,0.15,0.1875,0.127344320171,0.0689946619217,0,1
100000003736419100,peripheral,0.5,7,0.37335678,"Колено 3; входящих связей 1, исходящих 1; вход 23,300 KZT. Пороги значимых ролей не достигнуты.",3,False,1,1,23300,10000,1,1,0.000290065886577,1.92202445845e-05,True,0.429184549356,True,False,False,7,0,False,0,0,0,0,1,1,0,23300,10000,0.305449936629,1,peripheral,1,none,0.03,0.1875,0.122560514781,0.0332962633452,0,1
100000003739818100,terminal,0.508103,4,0.5456061,"Колено 1; вход 57,293 KZT; исходящих связей 0, выход/вход=0.00. Получатель в видимой выборке.",1,False,1,0,57293,0,1,0,0.000295416710145,0,True,0,True,False,False,10,1,False,0,0,0,0,1,1,0,57293,0,0.421610169492,1,terminal,1,none,0.15,0.216214476165,0.128946780601,0.0504448398577,0,1
100000003741418100,consolidator,0.7,1,0.76818801,"Вход от 9 плательщиков (seed: 0); 151,900 KZT; исходящих связей 3. Признаки консолидации.",2,False,9,3,151900,39920,13,3,0.000628608810869,5.27548558083e-05,True,0.262804476629,True,False,False,7,0,True,1,3,0,0,2,0.208528829111,0.625,11684.6153846,13306.6666667,0.664502164502,2,consolidator,6,directed_cycle,0.27,0.1875,0.143168731592,0.13418594306,0.0333333333333,1
100000003747133100,consolidator,0.5,1,0.71312633,"Вход от 5 плательщиков (seed: 0); 237,068 KZT; исходящих связей 2. Признаки консолидации.",2,False,5,2,237068,250000,8,2,0.000375916866387,9.61012229227e-05,True,1.05454974944,True,False,False,7,0,False,0,2,0.0892444361955,2,2,0.511222252334,0,29633.5,125000,0.820346320346,2,consolidator,4,none,0.27,0.1875,0.154136120215,0.101490213523,0,1
100000003760160100,terminal,0.560522,5,0.49286745,"Колено 3; вход 104,470 KZT; исходящих связей 0, выход/вход=0.00. Получатель в видимой выборке.",3,False,1,0,104470,0,1,0,0.000287395141458,0,True,0,True,False,False,7,0,False,0,0,0,0,1,1,0,104470,0,0.551330798479,1,terminal,1,none,0.15,0.1875,0.13601691859,0.0193505338078,0,1
100000003770083100,peripheral,0.25,0,0.01886077,Seed; 0 связей и 0 KZT в выгрузке. Данных для поведенческой роли недостаточно.,0,True,0,0,0,0,0,0,0.000284037399667,0,False,0,False,False,False,0,0,False,0,0,0,0,0,0,0,0,0,0.123456790123,0,peripheral,0,seed;no_observed_edges,0.03,0,0,0.00143460854093,0,0.6
100000003781406100,peripheral,0.5,12,0.50118032,"Колено 3; входящих связей 1, исходящих 0; вход 45,000 KZT. Пороги значимых ролей не достигнуты.",3,False,1,0,45000,0,2,0,0.00071811465057,0,True,0,True,False,False,9,0,False,0,1,0,0,1,1,0,22500,0,0.367553865653,1,peripheral,0,none,0.03,0.20762050593,0.126104298878,0.137455516014,0,1
100000003782913100,peripheral,0.25,15,0.41660951,"4-е колено: исходящие не выгружены. Вход 1 плательщиков, 200,000 KZT. Роль за границей обхода не установлена.",4,False,1,0,200000,0,1,0,0.00029778537563,0,True,0,True,True,False,7,0,False,0,0,0,0,1,1,0,200000,0,0.841216216216,1,peripheral,0,truncated_depth4,0.03,0.1875,0.143660225347,0.0554492882562,0,1
100000003786516100,peripheral,0.25,1,0.35678071,"4-е колено: исходящие не выгружены. Вход 1 плательщиков, 5,000 KZT. Роль за границей обхода не установлена.",4,False,1,0,5000,0,1,0,0.000291577852557,0,True,0,True,True,False,7,0,False,0,0,0,0,1,1,1,5000,0,0.0236486486486,1,peripheral,1,truncated_depth4,0.03,0.1875,0.100246013331,0.0390346975089,0,1
100000003792647100,peripheral,0.25,1,0.42923772,"4-е колено: исходящие не выгружены. Вход 1 плательщиков, 8,000 KZT. Роль за границей обхода не установлена.",4,False,1,0,8000,0,1,0,0.000397835099262,0,True,0,True,True,False,7,0,False,0,0,0,0,1,1,1,8000,0,0.130630630631,1,peripheral,1,truncated_depth4,0.03,0.1875,0.105776869064,0.105960854093,0,1
100000003795588100,terminal,0.888889,11,0.57165809,"Колено 3; вход 400,000 KZT; исходящих связей 0, выход/вход=0.00. Получатель в видимой выборке.",3,False,1,0,400000,0,2,0,0.000319240460064,0,True,0,True,False,False,7,0,False,0,1,0,0,1,1,0,200000,0,0.823827629911,1,terminal,1,none,0.15,0.1875,0.151818236782,0.0823398576512,0,1
100000003796063100,distributor,0.583333,13,0.75955456,"Переводы 15 получателям; 23 операций; 959,150 KZT. Признаки веерного распределения.",3,False,1,15,35000,959150,1,23,0.000680852915283,0.00117892717394,True,27.4042857143,True,False,True,7,0,True,1,7,0,0,1,0.28939294875,0.0416666666667,35000,41702.173913,0.937896070976,7,distributor,11,unobserved_funding;directed_cycle,0.24,0.1875,0.162533508471,0.13618772242,0.0333333333333,1
100000003798151100,terminal,0.833333,3,0.61832937,"Колено 2; вход 350,000 KZT; исходящих связей 0, выход/вход=0.00. Получатель в видимой выборке.",2,False,1,0,350000,0,3,0,0.000571900638875,0,True,0,True,False,False,7,0,False,0,1,0,0,1,0.428571428571,0,116666.666667,0,0.766233766234,1,terminal,0,none,0.15,0.1875,0.150246634568,0.130582740214,0,1
100000003809101100,peripheral,0.5,16,0.50398914,"Колено 1; входящих связей 2, исходящих 2; вход 166,050 KZT. Пороги значимых ролей не достигнуты.",1,False,2,2,166050,55200,3,4,0.000359922501747,0.000133339621193,True,0.332429990967,True,False,False,8,1,True,1,3,0.0602228244505,1,1,0.66011299435,0.285714285714,55350,13800,0.699152542373,2,peripheral,1,directed_cycle,0.03,0.19812031259,0.144848662326,0.0976868327402,0.0333333333333,1
100000003814002100,peripheral,0.5,5,0.34437054,"Колено 3; входящих связей 1, исходящих 0; вход 30,000 KZT. Пороги значимых ролей не достигнуты.",3,False,1,0,30000,0,1,0,0.000285001621489,0,True,0,True,False,False,7,0,False,0,0,0,0,1,1,0,30000,0,0.283269961977,1,peripheral,1,none,0.03,0.1875,0.121332281665,0.00553825622776,0,1
100000003819173100,peripheral,0.25,22,0.40318313,"4-е колено: исходящие не выгружены. Вход 1 плательщиков, 143,777 KZT. Роль за границей обхода не установлена.",4,False,1,0,143777,0,1,0,0.000293612782633,0,True,0,True,True,False,7,0,False,0,0,0,0,1,1,0,143777,0,0.788288288288,1,peripheral,1,truncated_depth4,0.03,0.1875,0.139775657753,0.0459074733096,0,1
100000003823811100,peripheral,0.5,23,0.44835622,"Колено 2; входящих связей 1, исходящих 3; вход 30,000 KZT. Пороги значимых ролей не достигнуты.",2,False,1,3,30000,66130,1,3,0.000354831595611,0.000124523397573,True,2.20433333333,True,False,True,7,0,False,0,0,0,0,1,0.312077395194,0,30000,22043.3333333,0.530303030303,2,peripheral,0,unobserved_funding,0.03,0.1875,0.135037718123,0.0958185053381,0,1
100000003824464100,terminal,0.666667,1,0.56446761,"Колено 2; вход 200,000 KZT; исходящих связей 0, выход/вход=0.00. Получатель в видимой выборке.",2,False,1,0,200000,0,1,0,0.000321461032186,0,True,0,True,False,False,7,0,False,0,0,0,0,1,1,0,200000,0,0.677489177489,1,terminal,0,none,0.15,0.1875,0.143660225347,0.0833073843416,0,1
100000003831201100,peripheral,0.5,1,0.46514008,"Колено 2; входящих связей 1, исходящих 0; вход 40,500 KZT. Пороги значимых ролей не достигнуты.",2,False,1,0,40500,0,3,0,0.00053116271695,0,True,0,True,False,False,7,0,False,0,1,0,0,1,0.493827160494,0.333333333333,13500,0,0.331168831169,1,peripheral,0,none,0.03,0.1875,0.124864280491,0.122775800712,0,1
100000003831324100,terminal,0.777778,9,0.58332154,"Колено 1; вход 300,000 KZT; исходящих связей 0, выход/вход=0.00. Получатель в видимой выборке.",1,False,2,0,300000,0,2,0,0.000313470434643,0,True,0,True,False,False,9,1,False,0,0,0,0,1,0.666666666667,0,150000,0,0.747881355932,2,terminal,2,none,0.15,0.20762050593,0.148432353713,0.077268683274,0,1
100000003832231100,peripheral,0.5,4,0.40639391,"Колено 1; входящих связей 1, исходящих 0; вход 35,000 KZT. Пороги значимых ролей не достигнуты.",1,False,1,0,35000,0,1,0,0.000290988962105,0,True,0,True,False,False,10,1,False,0,0,0,0,1,1,0,35000,0,0.272245762712,1,peripheral,1,none,0.03,0.216214476165,0.123146512081,0.0370329181495,0,1
100000003834495100,terminal,1,11,0.62810795,"Колено 3; вход 602,441 KZT; исходящих связей 1, выход/вход=0.03. Получатель в видимой выборке.",3,False,3,1,602441,20000,5,1,0.000616995800839,2.87171401046e-06,True,0.033198271698,True,False,False,7,0,False,0,1,0.033198271698,1,2,0.32131559457,0,120488.2,20000,0.893536121673,2,terminal,2,none,0.15,0.1875,0.157022543139,0.133585409253,0,1
100000003835149100,peripheral,0.5,12,0.38891964,"Колено 1; входящих связей 1, исходящих 2; вход 248,500 KZT. Пороги значимых ролей не достигнуты.",1,False,1,2,248500,4600440,1,13,0.000486043475309,1.78332166248e-06,True,18.5128370221,True,False,True,1,1,False,0,2,0,0,1,0.238361373826,0,248500,353880,0.997881355932,1,peripheral,1,unobserved_funding,0.03,0.0625,0.181183873241,0.115235765125,0,1
100000003838587100,peripheral,0.25,15,0.4481388,"4-е колено: исходящие не выгружены. Вход 1 плательщиков, 6,000 KZT. Роль за границей обхода не установлена.",4,False,1,0,6000,0,1,0,0.000551806715818,0,True,0,True,True,False,7,0,False,0,0,0,0,1,1,1,6000,0,0.0878378378378,1,peripheral,0,truncated_depth4,0.03,0.1875,0.102391466514,0.128247330961,0,1
100000003843844100,peripheral,0.5,17,0.39776815,"Колено 3; входящих связей 1, исходящих 1; вход 16,680 KZT. Пороги значимых ролей не достигнуты.",3,False,1,1,16680,238000,1,1,0.000290165962415,1.92202445845e-05,True,14.2685851319,True,False,True,7,0,False,0,0,0,0,1,0.934506046804,0,16680,238000,0.733840304183,1,peripheral,1,unobserved_funding,0.03,0.1875,0.14650480465,0.0337633451957,0,1
100000003854444100,distributor,0.566667,11,0.78054111,"Переводы 14 получателям; 14 операций; 2,322,909 KZT. Признаки веерного распределения.",2,False,1,14,210000,2322909,4,14,0.000464039600678,0.0010752598119,True,11.0614714286,True,False,True,7,0,True,0,1,0.761904761905,1.4375,1,0.312289150538,0,52500,165922.071429,0.95670995671,4,distributor,1,unobserved_funding;fast_temporal_match;directed_cycle,0.24,0.1875,0.173540817817,0.112833629893,0.0666666666667,1
100000003865939100,terminal,0.534961,48,0.46429506,"Колено 1; вход 81,465 KZT; исходящих связей 0, выход/вход=0.00. Получатель в видимой выборке.",1,False,1,0,81465,0,1,0,0.000525469208382,0,True,0,True,False,False,1,1,False,0,0,0,0,1,1,0,81465,0,0.5,1,terminal,0,none,0.15,0.0625,0.133089548041,0.118705516014,0,1
100000003873332100,peripheral,0.5,11,0.42485381,"Колено 1; входящих связей 1, исходящих 4; вход 23,468 KZT. Пороги значимых ролей не достигнуты.",1,False,1,4,23468,286000,1,8,0.000288406865062,0.000893559149182,True,12.1868075678,True,False,True,7,1,True,0,2,0,0,1,0.226194630786,0.111111111111,23468,35750,0.756355932203,2,peripheral,2,unobserved_funding;directed_cycle,0.03,0.1875,0.148798059023,0.0252224199288,0.0333333333333,1
100000003877908100,peripheral,0.5,4,0.41153531,"Колено 1; входящих связей 1, исходящих 0; вход 40,000 KZT. Пороги значимых ролей не достигнуты.",1,False,1,0,40000,0,1,0,0.000291982042453,0,True,0,True,False,False,10,1,False,0,0,0,0,1,1,0,40000,0,0.313559322034,1,peripheral,1,none,0.03,0.216214476165,0.124718076465,0.0406027580071,0,1
100000003880331100,distributor,0.6,22,0.74152723,"Переводы 16 получателям; 31 операций; 3,904,908 KZT. Признаки веерного распределения.",3,False,1,16,100000,3904908,1,31,0.000305955722476,0.000659654084433,True,39.04908,True,False,True,7,0,True,1,6,1,1,1,0.28727925835,0,100000,125964.774194,0.996197718631,5,distributor,5,unobserved_funding;fast_temporal_match;directed_cycle,0.24,0.1875,0.178933067829,0.0684274911032,0.0666666666667,1
100000003886323100,peripheral,0.5,3,0.5315996,"Колено 1; входящих связей 2, исходящих 1; вход 78,168 KZT. Пороги значимых ролей не достигнуты.",1,False,2,1,78168,7650,6,1,0.00189657167809,1.92202445845e-05,True,0.0978661344796,True,False,False,7,1,True,1,1,0,0,1,0.507760609662,0.857142857143,13028,7650,0.51906779661,1,peripheral,1,directed_cycle,0.03,0.1875,0.13370220889,0.14706405694,0.0333333333333,1
100000003888197100,terminal,0.536852,5,0.48471191,"Колено 3; вход 83,167 KZT; исходящих связей 0, выход/вход=0.00. Получатель в видимой выборке.",3,False,1,0,83167,0,1,0,0.000286710447542,0,True,0,True,False,False,7,0,False,0,0,0,0,1,1,0,83167,0,0.493029150824,1,terminal,1,none,0.15,0.1875,0.133332906198,0.0138790035587,0,1
100000003888271100,peripheral,0.5,37,0.31570422,"Колено 1; входящих связей 1, исходящих 2; вход 12,177 KZT. Пороги значимых ролей не достигнуты.",1,False,1,2,12177,25590,2,3,0.000289803332271,3.96293702774e-07,True,2.10150283321,True,False,True,1,1,True,1,2,0.542005420054,2,1,0.269547488548,0.8,6088.5,8530,0.294491525424,1,peripheral,0,unobserved_funding;fast_temporal_match;directed_cycle,0.03,0.0625,0.124042005923,0.0324955516014,0.0666666666667,1
100000003888527100,peripheral,0.5,5,0.43778691,"Колено 3; входящих связей 1, исходящих 0; вход 30,000 KZT. Пороги значимых ролей не достигнуты.",3,False,1,0,30000,0,1,0,0.0003645482036,0,True,0,True,False,False,7,0,False,0,0,0,0,1,1,0,30000,0,0.283269961977,1,peripheral,0,none,0.03,0.1875,0.121332281665,0.0989546263345,0,1
100000003896956100,peripheral,0.5,3,0.3906481,"Колено 3; входящих связей 1, исходящих 1; вход 10,000 KZT. Пороги значимых ролей не достигнуты.",3,False,1,1,10000,27000,1,2,0.000287012866002,1.92202445845e-05,True,2.7,True,False,True,7,0,False,0,1,1,1,1,0.486486486486,0.333333333333,10000,13500,0.324461343473,1,peripheral,1,unobserved_funding;fast_temporal_match,0.03,0.1875,0.123800526885,0.0160142348754,0.0333333333333,1
100000003899325100,terminal,0.500133,18,0.51444993,"Колено 3; вход 50,120 KZT; исходящих связей 0, выход/вход=0.00. Получатель в видимой выборке.",3,False,1,0,50120,0,1,0,0.000295022863059,0,True,0,True,False,False,7,0,False,0,0,0,0,1,1,0,50120,0,0.404309252218,1,terminal,1,none,0.15,0.1875,0.127372532721,0.0495774021352,0,1
100000003899899100,terminal,0.687222,3,0.61791498,"Колено 3; вход 218,500 KZT; исходящих связей 1, выход/вход=0.05. Получатель в видимой выборке.",3,False,2,1,218500,10000,5,1,0.000649947848301,1.94183914359e-05,True,0.045766590389,True,False,False,7,0,False,0,1,0.045766590389,1,1,0.692341356674,0.5,43700,10000,0.703422053232,1,terminal,1,none,0.15,0.1875,0.14522814586,0.13518683274,0,1
100000003900547100,peripheral,0.5,3,0.34886942,"Колено 1; входящих связей 1, исходящих 0; вход 23,700 KZT. Пороги значимых ролей не достигнуты.",1,False,1,0,23700,0,1,0,0.000286568818036,0,True,0,True,False,False,7,1,False,0,0,0,0,1,1,0,23700,0,0.184322033898,1,peripheral,1,none,0.03,0.1875,0.118558036601,0.0128113879004,0,1
100000003904497100,peripheral,0.25,2,0.4372378,"4-е колено: исходящие не выгружены. Вход 1 плательщиков, 10,000 KZT. Роль за границей обхода не установлена.",4,False,1,0,10000,0,1,0,0.000339343206868,0,True,0,True,True,False,9,0,False,0,0,0,0,1,1,0,10000,0,0.184684684685,1,peripheral,0,truncated_depth4,0.03,0.20762050593,0.10840287741,0.0912144128114,0,1
100000003917461100,peripheral,0.5,12,0.5169555,"Колено 3; входящих связей 1, исходящих 2; вход 10,000 KZT. Пороги значимых ролей не достигнуты.",3,False,1,2,10000,140000,1,5,0.000396725383484,2.02109788415e-05,True,14,True,False,True,9,0,True,1,1,0,0,1,0.28,0,10000,28000,0.624207858048,1,peripheral,0,unobserved_funding;directed_cycle,0.03,0.20762050593,0.140274352086,0.105727313167,0.0333333333333,1
100000003920950100,terminal,0.803656,9,0.59083813,"Колено 3; вход 323,290 KZT; исходящих связей 0, выход/вход=0.00. Получатель в видимой выборке.",3,False,1,0,323290,0,1,0,0.000389420063948,0,True,0,True,False,False,7,0,False,0,0,0,0,1,1,0,323290,0,0.780735107731,1,terminal,1,none,0.15,0.1875,0.149312329238,0.104025800712,0,1
100000003922499100,terminal,0.5,12,0.4628203,"Колено 2; вход 50,000 KZT; исходящих связей 0, выход/вход=0.00. Получатель в видимой выборке.",2,False,1,0,50000,0,1,0,0.00053207002252,0,True,0,True,False,False,1,0,False,0,0,0,0,1,1,0,50000,0,0.373376623377,1,terminal,0,none,0.15,0.0625,0.127344320171,0.122975978648,0,1
100000003923946100,peripheral,0.5,9,0.4278373,"Колено 1; входящих связей 1, исходящих 4; вход 282,000 KZT. Пороги значимых ролей не достигнуты.",1,False,1,4,282000,675000,3,4,0.000387180485259,1.98146851387e-06,True,2.39361702128,True,False,True,2,1,True,1,1,0.425531914894,1.45,1,0.608150470219,0,94000,168750,0.917372881356,1,peripheral,1,unobserved_funding;directed_cycle,0.03,0.0990601562951,0.162085268466,0.103358540925,0.0333333333333,1
100000003927792100,peripheral,0.5,3,0.35320582,"Колено 2; входящих связей 1, исходящих 0; вход 13,067 KZT. Пороги значимых ролей не достигнуты.",2,False,1,0,13067,0,1,0,0.000288162460693,0,True,0,True,False,False,7,0,False,0,0,0,0,1,1,0,13067,0,0.0952380952381,1,peripheral,1,none,0.03,0.1875,0.111551017225,0.0241548042705,0,1
100000003934614100,peripheral,0.5,24,0.44662866,"Колено 3; входящих связей 2, исходящих 1; вход 17,000 KZT. Пороги значимых ролей не достигнуты.",3,False,2,1,17000,11500,2,2,0.000311711187154,6.60489504624e-08,True,0.676470588235,True,False,False,7,0,True,0,1,0.352941176471,2,1,0.543859649123,0.75,8500,5750,0.270595690748,1,peripheral,0,directed_cycle,0.03,0.1875,0.120728602546,0.0750667259786,0.0333333333333,1
100000003942602100,peripheral,0.5,8,0.28932035,"Колено 1; входящих связей 1, исходящих 1; вход 30,000 KZT. Пороги значимых ролей не достигнуты.",1,False,1,1,30000,30000,1,1,0.000290286642275,0,True,1,True,False,False,1,1,True,1,0,0,0,1,1,0,30000,30000,0.427966101695,1,peripheral,1,directed_cycle,0.03,0.0625,0.129490126369,0.033996886121,0.0333333333333,1
100000003943247100,peripheral,0.5,1,0.35329459,"Колено 3; входящих связей 1, исходящих 0; вход 40,000 KZT. Пороги значимых ролей не достигнуты.",3,False,1,0,40000,0,1,0,0.000286274473931,0,True,0,True,False,False,7,0,False,0,0,0,0,1,1,0,40000,0,0.341571609632,1,peripheral,1,none,0.03,0.1875,0.124718076465,0.0110765124555,0,1
100000003943483100,peripheral,0.5,12,0.4223328,"Колено 2; входящих связей 1, исходящих 0; вход 10,000 KZT. Пороги значимых ролей не достигнуты.",2,False,1,0,10000,0,1,0,0.000327145478739,0,True,0,True,False,False,8,0,False,0,0,0,0,1,1,0,10000,0,0.0530303030303,1,peripheral,0,none,0.03,0.19812031259,0.10840287741,0.0858096085409,0,1
100000003946524100,transit,0.647267,4,0.66158031,"Вход 133,757 KZT; выход/вход=1.08; сопоставлено за 1–2 дня 0%. Признаки транзита.",1,False,2,2,133757,144750,2,2,0.000324224196881,0.000119482551386,True,1.08218635286,True,False,False,10,1,True,1,0,0,0,1,0.430868883008,0,66878.5,72375,0.73093220339,1,transit,1,directed_cycle,0.18,0.216214476165,0.147557415734,0.084475088968,0.0333333333333,1
100000003950749100,peripheral,0.25,3,0.4239964,"4-е колено: исходящие не выгружены. Вход 1 плательщиков, 7,000 KZT. Роль за границей обхода не установлена.",4,False,1,0,7000,0,1,0,0.000381801553241,0,True,0,True,True,False,7,0,False,0,0,0,0,1,1,1,7000,0,0.112612612613,1,peripheral,0,truncated_depth4,0.03,0.1875,0.10420547279,0.102290925267,0,1
100000003951827100,peripheral,0.5,1,0.34008405,"Колено 3; входящих связей 1, исходящих 2; вход 9,000 KZT. Пороги значимых ролей не достигнуты.",3,False,1,2,9000,17000,1,2,0.000284540741377,1.32652444172e-06,True,1.88888888889,True,False,True,7,0,False,0,0,0,0,1,0.384615384615,0.666666666667,9000,8500,0.24144486692,1,peripheral,2,unobserved_funding,0.03,0.1875,0.119648107326,0.0029359430605,0,1
100000003962994100,peripheral,0.5,34,0.44040466,"Колено 3; входящих связей 1, исходящих 0; вход 10,000 KZT. Пороги значимых ролей не достигнуты.",3,False,1,0,10000,0,1,0,0.00047827978241,0,True,0,True,False,False,7,0,False,0,0,0,0,1,1,0,10000,0,0.0551330798479,1,peripheral,0,none,0.03,0.1875,0.10840287741,0.114501779359,0,1
100000003964910100,terminal,1,13,0.61734011,"Колено 3; вход 1,000,000 KZT; исходящих связей 0, выход/вход=0.00. Получатель в видимой выборке.",3,False,2,0,1000000,0,2,0,0.000506207561498,0,True,0,True,False,False,7,0,False,0,0,0,0,2,1,0,500000,0,0.941064638783,1,terminal,1,none,0.15,0.1875,0.162602562538,0.117237544484,0,1
100000003968044100,peripheral,0.5,7,0.44915625,"Колено 3; входящих связей 1, исходящих 3; вход 40,000 KZT. Пороги значимых ролей не достигнуты.",3,False,1,3,40000,311000,1,4,0.000294386733417,6.56150315234e-05,True,7.775,True,False,True,7,0,True,0,1,0,0,1,0.555555555556,0,40000,77750,0.799746514575,2,peripheral,3,unobserved_funding;directed_cycle,0.03,0.1875,0.150280213853,0.0480427046263,0.0333333333333,1
100000003970394100,terminal,0.538889,12,0.40233949,"Колено 1; вход 85,000 KZT; исходящих связей 0, выход/вход=0.00. Получатель в видимой выборке.",1,False,1,0,85000,0,1,0,0.000298051568195,0,True,0,True,False,False,1,1,False,0,0,0,0,1,1,0,85000,0,0.515889830508,1,terminal,1,none,0.15,0.0625,0.133589486986,0.05625,0,1
100000003971049100,terminal,0.506556,13,0.50906189,"Колено 2; вход 55,900 KZT; исходящих связей 0, выход/вход=0.00. Получатель в видимой выборке.",2,False,1,0,55900,0,7,0,0.000292674322745,0,True,0,True,False,False,7,0,False,0,1,0,0,1,0.178890876565,0.571428571429,7985.71428571,0,0.41341991342,1,terminal,1,none,0.15,0.1875,0.128657088797,0.0429048042705,0,1
100000003975102100,peripheral,0.5,3,0.28826527,"Колено 0; входящих связей 1, исходящих 2; вход 25,650 KZT. Пороги значимых ролей не достигнуты.",0,True,1,2,25650,88500,1,2,0.000343486510798,5.9146835139e-06,True,3.45029239766,False,False,True,7,0,False,0,0,1,1,1,0.494962768287,0,25650,44250,0.555555555556,2,peripheral,1,seed;unobserved_funding;fast_temporal_match,0.03,0.1875,0.1370598505,0.0925489323843,0.0333333333333,0.6
100000003977183100,peripheral,0.5,9,0.22440339,"Колено 0; входящих связей 2, исходящих 4; вход 123,800 KZT. Пороги значимых ролей не достигнуты.",0,True,2,4,123800,766000,2,6,0.000329610334264,1.5851748111e-06,True,6.18739903069,False,False,True,1,1,True,1,1,0,0,1,0.319172847831,0,61900,127666.666667,0.753086419753,1,peripheral,0,seed;unobserved_funding;directed_cycle,0.03,0.0625,0.161228366517,0.0869439501779,0.0333333333333,0.6
100000003980083100,peripheral,0.5,47,0.3325378,"Колено 1; входящих связей 1, исходящих 0; вход 30,000 KZT. Пороги значимых ролей не достигнуты.",1,False,1,0,30000,0,1,0,0.000525469208382,0,True,0,True,False,False,1,1,False,0,0,0,0,1,1,0,30000,0,0.240466101695,1,peripheral,0,none,0.03,0.0625,0.121332281665,0.118705516014,0,1
100000003985389100,peripheral,0.25,22,0.48553723,"4-е колено: исходящие не выгружены. Вход 1 плательщиков, 422,698 KZT. Роль за границей обхода не установлена.",4,False,1,0,422698,0,16,0,0.000487463530077,0,True,0,True,True,False,7,0,False,0,1,0,0,1,0.378520835206,0.3125,26418.625,0,0.932432432432,1,peripheral,0,truncated_depth4,0.03,0.1875,0.152467837857,0.115569395018,0,1
100000003986141100,peripheral,0.5,1,0.32507387,"Колено 3; входящих связей 1, исходящих 0; вход 5,286 KZT. Пороги значимых ролей не достигнуты.",3,False,1,0,5286.32,0,1,0,0.000285305376661,0,True,0,True,False,False,7,0,False,0,0,0,0,1,1,1,5286.32,0,0.0114068441065,1,peripheral,1,none,0.03,0.1875,0.100901267494,0.00667259786477,0,1
100000003988112100,peripheral,0.5,23,0.50833976,"Колено 2; входящих связей 1, исходящих 1; вход 92,000 KZT. Пороги значимых ролей не достигнуты.",2,False,1,1,92000,64000,2,5,0.00050113960056,0,True,0.695652173913,True,False,False,7,0,True,1,2,0.369565217391,1,1,0.653846153846,0.285714285714,46000,12800,0.625541125541,1,peripheral,0,directed_cycle,0.03,0.1875,0.140735959804,0.116770462633,0.0333333333333,1
100000003989033100,peripheral,0.25,10,0.37575921,"4-е колено: исходящие не выгружены. Вход 1 плательщиков, 373,400 KZT. Роль за границей обхода не установлена.",4,False,1,0,373400,0,13,0,0.000595227775235,0,True,0,True,True,False,1,0,False,0,1,0,0,1,0.226298875201,0.0769230769231,28723.0769231,0,0.916666666667,1,peripheral,0,truncated_depth4,0.03,0.0625,0.151008324307,0.13225088968,0,1
100000003996562100,peripheral,0.5,1,0.40897032,"Колено 3; входящих связей 1, исходящих 0; вход 7,700 KZT. Пороги значимых ролей не достигнуты.",3,False,1,0,7700,0,1,0,0.000327980547116,0,True,0,True,False,False,7,0,False,0,0,0,0,1,1,1,7700,0,0.0304182509506,1,peripheral,1,none,0.03,0.1875,0.105327079324,0.0861432384342,0,1
100000004004621100,terminal,0.52821,17,0.55724407,"Колено 1; вход 75,389 KZT; исходящих связей 0, выход/вход=0.00. Получатель в видимой выборке.",1,False,3,0,75389,0,3,0,0.000299125353816,0,True,0,True,False,False,10,1,False,0,0,0,0,2,0.663598137659,0,25129.6666667,0,0.48093220339,3,terminal,3,none,0.15,0.216214476165,0.132177275927,0.0588523131673,0,1
100000004005964100,peripheral,0.5,25,0.37406853,"Колено 1; входящих связей 3, исходящих 3; вход 97,900 KZT. Пороги значимых ролей не достигнуты.",1,False,3,3,97900,72000,9,5,0.000402078612229,4.95367128468e-07,True,0.73544433095,True,False,False,1,1,True,2,4,0.102145045965,1,1,0.235432607416,0.214285714286,10877.7777778,14400,0.64406779661,1,peripheral,1,directed_cycle,0.03,0.0625,0.141740533343,0.106494661922,0.0333333333333,1
100000004006327100,peripheral,0.25,2,0.50486672,"4-е колено: исходящие не выгружены. Вход 1 плательщиков, 300,000 KZT. Роль за границей обхода не установлена.",4,False,1,0,300000,0,3,0,0.000551933297258,0,True,0,True,True,False,8,0,False,0,1,0,0,1,0.666666666667,0,100000,0,0.896396396396,1,peripheral,0,truncated_depth4,0.03,0.19812031259,0.148432353713,0.12831405694,0,1
100000004007116100,peripheral,0.5,25,0.21526792,"Колено 0; входящих связей 3, исходящих 4; вход 764,704 KZT. Пороги значимых ролей не достигнуты.",0,True,3,4,764704,148000,24,6,0.000623732514159,3.96293702774e-07,True,0.193538937942,False,False,False,0,0,True,2,4,0.12815416161,1.81632653061,1,0.122712292266,0.133333333333,31862.6666667,24666.6666667,0.765432098765,1,peripheral,1,seed;directed_cycle,0.03,0,0.161527488549,0.133919039146,0.0333333333333,0.6
100000004007197100,peripheral,0.5,25,0.21163539,"Колено 3; входящих связей 1, исходящих 0; вход 10,048 KZT. Пороги значимых ролей не достигнуты.",3,False,1,0,10048,0,1,0,0.0002861416426,0,True,0,True,False,False,1,0,False,0,0,0,0,1,1,0,10048,0,0.06463878327,1,peripheral,1,none,0.03,0.0625,0.108459230547,0.0106761565836,0,1
100000004013952100,peripheral,0.25,11,0.44090937,"4-е колено: исходящие не выгружены. Вход 1 плательщиков, 5,500 KZT. Роль за границей обхода не установлена.",4,False,1,0,5500,0,1,0,0.000529981911183,0,True,0,True,True,False,7,0,False,0,0,0,0,1,1,1,5500,0,0.0709459459459,1,peripheral,0,truncated_depth4,0.03,0.1875,0.101367558745,0.122041814947,0,1
100000004015047100,consolidator,0.7,9,0.83845628,"Вход от 9 плательщиков (seed: 3); 919,104 KZT; исходящих связей 1. Признаки консолидации.",1,False,9,1,919104,69195,18,7,0.00225694210206,2.28859613352e-05,True,0.0752852778358,True,False,False,11,3,True,1,4,0.0293492357775,1.37071362373,2,0.383875729916,0.36,51061.3333333,9885,0.919491525424,4,consolidator,2,directed_cycle,0.27,0.224060156295,0.16246403495,0.148598754448,0.0333333333333,1
100000004017410100,peripheral,0.5,24,0.56212698,"Колено 3; входящих связей 2, исходящих 5; вход 193,650 KZT. Пороги значимых ролей не достигнуты.",3,False,2,5,193650,1330915,6,11,0.00112290717404,4.05870800591e-05,True,6.87278595404,True,False,True,7,0,True,2,5,0,0,2,0.532610941482,0.176470588235,32275,120992.272727,0.965779467681,1,peripheral,0,unobserved_funding;directed_cycle,0.03,0.1875,0.167565891466,0.143727758007,0.0333333333333,1
100000004019056100,peripheral,0.25,17,0.46995553,"4-е колено: исходящие не выгружены. Вход 1 плательщиков, 50,000 KZT. Роль за границей обхода не установлена.",4,False,1,0,50000,0,1,0,0.000537692275355,0,True,0,True,True,False,7,0,False,0,0,0,0,1,1,0,50000,0,0.601351351351,1,peripheral,0,truncated_depth4,0.03,0.1875,0.127344320171,0.125111209964,0,1
100000004019124100,terminal,0.658889,3,0.39713776,"Колено 0; вход 193,000 KZT; исходящих связей 0, выход/вход=0.00. Получатель в видимой выборке.",0,True,3,0,193000,0,3,0,0.00119475278458,0,True,0,False,False,False,11,2,False,0,0,0,0,1,0.512953367876,0,64333.3333333,0,0.617283950617,1,terminal,0,seed,0.15,0.224060156295,0.143240911095,0.14459519573,0,0.6
100000004021459100,peripheral,0.25,0,0.01886077,Seed; 0 связей и 0 KZT в выгрузке. Данных для поведенческой роли недостаточно.,0,True,0,0,0,0,0,0,0.000284037399667,0,False,0,False,False,False,0,0,False,0,0,0,0,0,0,0,0,0,0.123456790123,0,peripheral,0,seed;no_observed_edges,0.03,0,0,0.00143460854093,0,0.6
100000004030553100,peripheral,0.25,18,0.34397787,"4-е колено: исходящие не выгружены. Вход 1 плательщиков, 70,000 KZT. Роль за границей обхода не установлена.",4,False,1,0,70000,0,1,0,0.000527693551882,0,True,0,True,True,False,1,0,False,0,0,0,0,1,1,0,70000,0,0.664414414414,1,peripheral,0,truncated_depth4,0.03,0.0625,0.131304384807,0.120173487544,0,1
100000004035925100,peripheral,0.25,3,0.49378093,"4-е колено: исходящие не выгружены. Вход 1 плательщиков, 1,111,588 KZT. Роль за границей обхода не установлена.",4,False,1,0,1111588,0,2,0,0.000459721873848,0,True,0,True,True,False,7,0,False,0,1,0,0,1,0.510610046168,0,555794,0,0.981981981982,1,peripheral,0,truncated_depth4,0.03,0.1875,0.163847659217,0.112433274021,0,1
100000004041163100,peripheral,0.5,23,0.37024928,"Колено 0; входящих связей 1, исходящих 2; вход 50,000 KZT. Пороги значимых ролей не достигнуты.",0,True,1,2,50000,866000,1,6,0.00206713538897,2.33813284637e-05,True,17.32,False,False,True,14,1,True,1,2,0,0,1,0.764192139738,0,50000,144333.333333,0.777777777778,1,peripheral,1,seed;unobserved_funding;directed_cycle,0.03,0.244180662226,0.161569914754,0.147998220641,0.0333333333333,0.6
100000004041294100,peripheral,0.25,26,0.39180807,"4-е колено: исходящие не выгружены. Вход 1 плательщиков, 17,800 KZT. Роль за границей обхода не установлена.",4,False,1,0,17800,0,2,0,0.000299220642203,0,True,0,True,True,False,7,0,False,0,1,0,0,1,1,0.5,8900,0,0.333333333333,1,peripheral,0,truncated_depth4,0.03,0.1875,0.115188850228,0.0591192170819,0,1
100000004047887100,peripheral,0.25,5,0.35070951,"4-е колено: исходящие не выгружены. Вход 1 плательщиков, 30,000 KZT. Роль за границей обхода не установлена.",4,False,1,0,30000,0,1,0,0.000286465881657,0,True,0,True,True,False,7,0,False,0,0,0,0,1,1,0,30000,0,0.470720720721,1,peripheral,0,truncated_depth4,0.03,0.1875,0.121332281665,0.0118772241993,0,1
100000004049912100,peripheral,0.25,11,0.40984416,"4-е колено: исходящие не выгружены. Вход 1 плательщиков, 10,000 KZT. Роль за границей обхода не установлена.",4,False,1,0,10000,0,1,0,0.000322765925065,0,True,0,True,True,False,7,0,False,0,0,0,0,1,1,0,10000,0,0.184684684685,1,peripheral,0,truncated_depth4,0.03,0.1875,0.10840287741,0.0839412811388,0,1
100000004058740100,peripheral,0.5,8,0.24782917,"Колено 1; входящих связей 1, исходящих 0; вход 30,000 KZT. Пороги значимых ролей не достигнуты.",1,False,1,0,30000,0,1,0,0.000290286642275,0,True,0,True,False,False,1,1,False,0,0,0,0,1,1,0,30000,0,0.240466101695,1,peripheral,1,none,0.03,0.0625,0.121332281665,0.033996886121,0,1
100000004064431100,peripheral,0.5,25,0.24640511,"Колено 3; входящих связей 1, исходящих 1; вход 26,000 KZT. Пороги значимых ролей не достигнуты.",3,False,1,1,26000,10000,1,1,0.000289482295791,9.90734256935e-07,True,0.384615384615,True,False,False,1,0,False,0,0,0.384615384615,2,1,0.722222222222,0,26000,10000,0.320025348542,1,peripheral,1,none,0.03,0.0625,0.123478061711,0.0304270462633,0,1
100000004066370100,peripheral,0.25,33,0.35451581,"4-е колено: исходящие не выгружены. Вход 1 плательщиков, 65,000 KZT. Роль за границей обхода не установлена.",4,False,1,0,65000,0,2,0,0.000585573798581,0,True,0,True,True,False,1,0,False,0,1,0,0,1,0.769230769231,0,32500,0,0.652027027027,1,peripheral,0,truncated_depth4,0.03,0.0625,0.130432179138,0.131583629893,0,1
100000004066647100,terminal,0.501111,11,0.50818237,"Колено 3; вход 51,000 KZT; исходящих связей 0, выход/вход=0.00. Получатель в видимой выборке.",3,False,1,0,51000,0,1,0,0.000292697281907,0,True,0,True,False,False,7,0,False,0,0,0,0,1,1,0,51000,0,0.410646387833,1,terminal,1,none,0.15,0.1875,0.127577383866,0.0431049822064,0,1
100000004070318100,coordinator,0.521122,1,0.7893261,Связывает 15 узлов сбора/рассылки; достижим от 7 seed; betweenness=0.00207. Гипотеза структурной координации.,1,False,4,19,207246.55,551860,6,37,0.000312376479718,0.00207326512974,True,2.6628187538,True,False,True,7,1,True,2,11,0.947229278364,1.16330803321,2,0.245024891433,0.279069767442,34541.0916667,14915.1351351,0.896186440678,6,distributor,15,unobserved_funding;fast_temporal_match;directed_cycle,0.3,0.1875,0.159358719607,0.0758007117438,0.0666666666667,1
100000004070530100,peripheral,0.25,5,0.34200072,"4-е колено: исходящие не выгружены. Вход 1 плательщиков, 20,000 KZT. Роль за границей обхода не установлена.",4,False,1,0,20000,0,1,0,0.00028565638766,0,True,0,True,True,False,7,0,False,0,0,0,0,1,1,0,20000,0,0.370495495495,1,peripheral,0,truncated_depth4,0.03,0.1875,0.116560329835,0.00794039145907,0,1
100000004071070100,peripheral,0.5,1,0.52184444,"Колено 2; входящих связей 2, исходящих 1; вход 41,000 KZT. Пороги значимых ролей не достигнуты.",2,False,2,1,41000,6000,5,1,0.0011824116478,0,True,0.146341463415,True,False,False,7,0,True,1,1,0.146341463415,1,1,0.404255319149,0.833333333333,8200,6000,0.350649350649,1,peripheral,2,directed_cycle,0.03,0.1875,0.126616088604,0.144395017794,0.0333333333333,1
100000004071080100,consolidator,0.7,1,0.7839953,"Вход от 9 плательщиков (seed: 1); 238,600 KZT; исходящих связей 2. Признаки консолидации.",1,False,9,2,238600,46500,16,5,0.00136208857511,2.8136852897e-05,True,0.194886839899,True,False,False,7,1,True,1,6,0.16974015088,1.61728395062,2,0.196422307962,0.380952380952,14912.5,9300,0.739406779661,3,consolidator,8,directed_cycle,0.27,0.1875,0.147832784944,0.145329181495,0.0333333333333,1
100000004071444100,peripheral,0.5,11,0.43585113,"Колено 3; входящих связей 1, исходящих 1; вход 247,350 KZT. Пороги значимых ролей не достигнуты.",3,False,1,1,247350,100000,1,1,0.00030580609214,1.92202445845e-05,True,0.40428542551,True,False,False,7,0,False,0,0,0,0,1,0.712105945012,0,247350,100000,0.790874524715,1,peripheral,1,none,0.03,0.1875,0.150157183337,0.0681939501779,0,1
100000004076740100,peripheral,0.5,24,0.53344392,"Колено 1; входящих связей 3, исходящих 6; вход 93,250 KZT. Пороги значимых ролей не достигнуты.",1,False,3,6,93250,125000,5,10,0.0007363592541,0.000435160400674,True,1.34048257373,True,False,True,7,1,True,2,3,0.193029490617,2,1,0.234822451317,0.333333333333,18650,12500,0.694915254237,2,peripheral,1,unobserved_funding;directed_cycle,0.03,0.1875,0.144687983906,0.137922597865,0.0333333333333,1
100000004077081100,peripheral,0.5,4,0.43615134,"Колено 3; входящих связей 1, исходящих 4; вход 140,000 KZT. Пороги значимых ролей не достигнуты.",3,False,1,4,140000,615000,1,6,0.000288537101502,0.000115991541559,True,4.39285714286,True,False,True,7,0,False,0,2,0.714285714286,1.6,1,0.609271523179,0,140000,102500,0.907477820025,3,peripheral,4,unobserved_funding;fast_temporal_match,0.03,0.1875,0.159294876858,0.0260231316726,0.0333333333333,1
100000004094958100,peripheral,0.5,40,0.329187,"Колено 1; входящих связей 1, исходящих 1; вход 39,000 KZT. Пороги значимых ролей не достигнуты.",1,False,1,1,39000,40000,1,1,0.0003892423219,1.98146851387e-07,True,1.02564102564,True,False,False,1,1,False,0,0,0,0,1,1,0,39000,40000,0.491525423729,1,peripheral,0,none,0.03,0.0625,0.132727925274,0.103959074733,0,1
100000004096559100,peripheral,0.5,9,0.36150745,"Колено 3; входящих связей 1, исходящих 0; вход 46,200 KZT. Пороги значимых ролей не достигнуты.",3,False,1,0,46200,0,1,0,0.000969418250277,0,True,0,True,False,False,1,0,False,0,0,0,0,1,1,0,46200,0,0.373891001267,1,peripheral,0,none,0.03,0.0625,0.126414035358,0.14259341637,0,1
100000004097972100,peripheral,0.5,7,0.43412423,"Колено 3; входящих связей 1, исходящих 2; вход 118,878 KZT. Пороги значимых ролей не достигнуты.",3,False,1,2,118878,10000,1,2,0.000314795102105,3.84404891691e-05,True,0.0841198539679,True,False,False,7,0,False,0,0,0,0,1,0.961203618926,0.666666666667,118878,5000,0.589353612167,1,peripheral,1,none,0.03,0.1875,0.138488108954,0.0781361209964,0,1
100000004099450100,peripheral,0.5,7,0.38766125,"Колено 3; входящих связей 1, исходящих 0; вход 31,000 KZT. Пороги значимых ролей не достигнуты.",3,False,1,0,31000,0,1,0,0.000294561381454,0,True,0,True,False,False,7,0,False,0,0,0,0,1,1,0,31000,0,0.290874524715,1,peripheral,0,none,0.03,0.1875,0.121718190964,0.0484430604982,0,1
100000004105288100,terminal,0.683333,16,0.63107156,"Колено 1; вход 215,000 KZT; исходящих связей 0, выход/вход=0.00. Получатель в видимой выборке.",1,False,2,0,215000,0,2,0,0.000460307220989,0,True,0,True,False,False,11,1,False,0,0,0,0,1,0.883720930233,0,107500,0,0.690677966102,1,terminal,1,none,0.15,0.224060156295,0.144511403975,0.1125,0,1
100000004107228100,peripheral,0.25,7,0.33496132,"4-е колено: исходящие не выгружены. Вход 1 плательщиков, 5,000 KZT. Роль за границей обхода не установлена.",4,False,1,0,5000,0,1,0,0.000287154757296,0,True,0,True,True,False,7,0,False,0,0,0,0,1,1,1,5000,0,0.0236486486486,1,peripheral,0,truncated_depth4,0.03,0.1875,0.100246013331,0.0172153024911,0,1
100000004114962100,terminal,0.627778,5,0.61581781,"Колено 3; вход 165,000 KZT; исходящих связей 0, выход/вход=0.00. Получатель в видимой выборке.",3,False,2,0,165000,0,2,0,0.000706703466433,0,True,0,True,False,False,7,0,False,0,0,0,0,1,0.848484848485,0,82500,0,0.651457541191,2,terminal,1,none,0.15,0.1875,0.141396104318,0.136921708185,0,1
100000004130144100,terminal,0.666667,9,0.40670515,"Колено 1; вход 200,000 KZT; исходящих связей 0, выход/вход=0.00. Получатель в видимой выборке.",1,False,1,0,200000,0,1,0,0.000295431041631,0,True,0,True,False,False,1,1,False,0,0,0,0,1,1,0,200000,0,0.676906779661,1,terminal,1,none,0.15,0.0625,0.143660225347,0.0505449288256,0,1
100000004134060100,terminal,0.542421,2,0.5675512,"Колено 2; вход 88,179 KZT; исходящих связей 0, выход/вход=0.00. Получатель в видимой выборке.",2,False,1,0,88179,0,1,0,0.000326195697194,0,True,0,True,False,False,8,0,False,0,0,0,0,1,1,0,88179,0,0.497835497835,1,terminal,0,none,0.15,0.19812031259,0.134021631976,0.085409252669,0,1
100000004135268100,transit,0.584746,41,0.59478743,"Вход 1,239,000 KZT; выход/вход=0.81; сопоставлено за 1–2 дня 30%. Признаки транзита.",1,False,2,3,1239000,1000200,3,4,0.00174090101961,1.18888110832e-06,True,0.807263922518,True,False,False,1,1,True,2,2,0.302663438257,1,1,0.609146123616,0,413000,250050,0.974576271186,1,transit,0,directed_cycle,0.18,0.0625,0.172090222055,0.146863879004,0.0333333333333,1
100000004140487100,distributor,0.5,1,0.66436861,"Переводы 10 получателям; 19 операций; 262,600 KZT. Признаки веерного распределения.",3,False,1,10,24510,262600,1,19,0.000287867103886,0.000325370438573,True,10.713994288,True,False,True,7,0,True,0,7,1,1.59200326397,1,0.452091532862,0.25,24510,13821.0526316,0.75411913815,4,distributor,8,unobserved_funding;fast_temporal_match;directed_cycle,0.24,0.1875,0.147915470812,0.0222864768683,0.0666666666667,1
100000004140994100,peripheral,0.5,6,0.22358482,"Колено 3; входящих связей 1, исходящих 0; вход 18,650 KZT. Пороги значимых ролей не достигнуты.",3,False,1,0,18650,0,1,0,0.000286926922612,0,True,0,True,False,False,1,0,False,0,0,0,0,1,1,0,18650,0,0.157160963245,1,peripheral,1,none,0.03,0.0625,0.115737843104,0.015346975089,0,1
100000004144536100,terminal,0.631111,25,0.49643469,"Колено 1; вход 168,000 KZT; исходящих связей 0, выход/вход=0.00. Получатель в видимой выборке.",1,False,4,0,168000,0,6,0,0.00096200368313,0,True,0,True,False,False,1,1,False,0,1,0,0,2,0.327380952381,0.333333333333,28000,0,0.638771186441,1,terminal,1,none,0.15,0.0625,0.141608173017,0.142326512456,0,1
100000004150593100,distributor,0.516667,3,0.72308492,"Переводы 11 получателям; 16 операций; 871,165 KZT. Признаки веерного распределения.",2,False,1,11,57000,871165,2,16,0.000304955520233,0.000221640978995,True,15.2835964912,True,False,True,7,0,True,0,3,1,1,1,0.619345698233,0.111111111111,28500,54447.8125,0.887445887446,2,distributor,1,unobserved_funding;fast_temporal_match;directed_cycle,0.24,0.1875,0.161725192271,0.0671930604982,0.0666666666667,1
100000004156082100,consolidator,0.5,3,0.83917103,"Вход от 5 плательщиков (seed: 1); 377,366 KZT; исходящих связей 26. Признаки консолидации.",1,False,5,26,377366.11,2319556,7,29,0.000861470446425,0.00204003513941,True,6.14669928892,True,False,True,7,1,True,1,5,0.80920385246,1.02432853469,2,0.32634316977,0.138888888889,53909.4442857,79984.6896552,0.989406779661,2,consolidator,0,unobserved_funding;fast_temporal_match;directed_cycle,0.27,0.1875,0.174279272048,0.140725088968,0.0666666666667,1
100000004158362100,peripheral,0.5,1,0.36074426,"Колено 2; входящих связей 1, исходящих 0; вход 12,000 KZT. Пороги значимых ролей не достигнуты.",2,False,1,0,12000,0,1,0,0.000289811038546,0,True,0,True,False,False,7,0,False,0,0,0,0,1,1,0,12000,0,0.0833333333333,1,peripheral,1,none,0.03,0.1875,0.110548526699,0.0326957295374,0,1
100000004159526100,peripheral,0.5,15,0.55178851,"Колено 1; входящих связей 4, исходящих 4; вход 275,037 KZT. Пороги значимых ролей не достигнуты.",1,False,4,4,275037,68000,4,6,0.000846875056754,9.78845445852e-05,True,0.247239462327,True,False,False,8,1,True,1,2,0.0727174889197,1,2,0.769835323886,0.2,68759.25,11333.3333333,0.766949152542,3,peripheral,3,directed_cycle,0.03,0.19812031259,0.150010127707,0.140324733096,0.0333333333333,1
100000004160650100,distributor,0.5,25,0.63659526,"Переводы 10 получателям; 40 операций; 1,489,827 KZT. Признаки веерного распределения.",2,False,2,10,75100,1489827,4,40,0.000367056677183,5.34996498745e-06,True,19.8379094541,True,False,True,1,0,True,2,7,0.733688415446,1.50816696915,1,0.314327760975,0.204545454545,18775,37245.675,0.926406926407,1,distributor,0,unobserved_funding;fast_temporal_match;directed_cycle,0.24,0.0625,0.167873430639,0.0995551601423,0.0666666666667,1
100000004167082100,peripheral,0.25,17,0.43175012,"4-е колено: исходящие не выгружены. Вход 1 плательщиков, 13,300 KZT. Роль за границей обхода не установлена.",4,False,1,0,13300,0,1,0,0.000382725373162,0,True,0,True,True,False,7,0,False,0,0,0,0,1,1,0,13300,0,0.248873873874,1,peripheral,0,truncated_depth4,0.03,0.1875,0.111759017532,0.102491103203,0,1
100000004174835100,peripheral,0.25,0,0.01886077,Seed; 0 связей и 0 KZT в выгрузке. Данных для поведенческой роли недостаточно.,0,True,0,0,0,0,0,0,0.000284037399667,0,False,0,False,False,False,0,0,False,0,0,0,0,0,0,0,0,0,0.123456790123,0,peripheral,0,seed;no_observed_edges,0.03,0,0,0.00143460854093,0,0.6
100000004177936100,peripheral,0.25,7,0.41511551,"4-е колено: исходящие не выгружены. Вход 1 плательщиков, 10,000 KZT. Роль за границей обхода не установлена.",4,False,1,0,10000,0,1,0,0.000335130942281,0,True,0,True,True,False,7,0,False,0,0,0,0,1,1,0,10000,0,0.184684684685,1,peripheral,0,truncated_depth4,0.03,0.1875,0.10840287741,0.089212633452,0,1
100000004180097100,peripheral,0.5,19,0.53170557,"Колено 1; входящих связей 3, исходящих 3; вход 104,854 KZT. Пороги значимых ролей не достигнуты.",1,False,3,3,104854,47800,5,7,0.000849807363253,0.000313666465746,True,0.455871974364,True,False,False,7,1,True,2,2,0.047685352967,1,1,0.568959870033,0.666666666667,20970.8,6828.57142857,0.618644067797,2,peripheral,1,directed_cycle,0.03,0.1875,0.140480772751,0.140391459075,0.0333333333333,1
100000004183610100,peripheral,0.5,22,0.50368426,"Колено 3; входящих связей 1, исходящих 1; вход 22,000 KZT. Пороги значимых ролей не достигнуты.",3,False,1,1,22000,915000,1,3,0.000338828418968,1.96165382873e-05,True,41.5909090909,True,False,True,7,0,False,0,1,0.681818181818,2,1,0.747065101387,0,22000,305000,0.936628643853,1,peripheral,0,unobserved_funding;fast_temporal_match,0.03,0.1875,0.161836694228,0.0910142348754,0.0333333333333,1
100000004184158100,terminal,0.670894,11,0.54530552,"Колено 3; вход 203,805 KZT; исходящих связей 0, выход/вход=0.00. Получатель в видимой выборке.",3,False,1,0,203805,0,1,0,0.000301973798978,0,True,0,True,False,False,7,0,False,0,0,0,0,1,1,0,203805,0,0.690747782003,1,terminal,1,none,0.15,0.1875,0.143882036859,0.0639234875445,0,1
100000004185681100,peripheral,0.5,1,0.44894558,"Колено 3; входящих связей 1, исходящих 0; вход 10,000 KZT. Пороги значимых ролей не достигнуты.",3,False,1,0,10000,0,1,0,0.000532124123332,0,True,0,True,False,False,7,0,False,0,0,0,0,1,1,0,10000,0,0.0551330798479,1,peripheral,0,none,0.03,0.1875,0.10840287741,0.123042704626,0,1
100000004186824100,terminal,0.946333,3,0.5927537,"Колено 1; вход 451,700 KZT; исходящих связей 1, выход/вход=0.02. Получатель в видимой выборке.",1,False,2,1,451700,7000,7,1,0.000379756334195,2.17961536526e-06,True,0.0154970112907,True,False,False,7,1,False,0,1,0,0,1,0.39038587312,0.25,64528.5714286,7000,0.822033898305,1,terminal,1,none,0.15,0.1875,0.153429861391,0.101823843416,0,1
100000004188160100,coordinator,0.618355,3,0.71561737,Связывает 3 узлов сбора/рассылки; достижим от 7 seed; betweenness=0.00246. Гипотеза структурной координации.,1,False,2,5,87862,133846,5,6,0.000295218339731,0.00246010482665,True,1.52336618789,True,False,True,7,1,True,1,2,0.387152580183,1.31485183443,1,0.370351994515,0.272727272727,17572.4,22307.6666667,0.701271186441,2,peripheral,3,unobserved_funding;directed_cycle,0.3,0.1875,0.144873000699,0.0499110320285,0.0333333333333,1
100000004192107100,peripheral,0.5,4,0.40222231,"Колено 2; входящих связей 1, исходящих 0; вход 25,000 KZT. Пороги значимых ролей не достигнуты.",2,False,1,0,25000,0,1,0,0.000297676027287,0,True,0,True,False,False,8,0,False,0,0,0,0,1,1,0,25000,0,0.214285714286,1,peripheral,0,none,0.03,0.19812031259,0.119186514696,0.054915480427,0,1
100000004192865100,terminal,0.518518,28,0.47167755,"Колено 2; вход 66,666 KZT; исходящих связей 0, выход/вход=0.00. Получатель в видимой выборке.",2,False,1,0,66666,0,1,0,0.000552405548684,0,True,0,True,False,False,1,0,False,0,0,0,0,1,1,0,66666,0,0.452380952381,1,terminal,0,none,0.15,0.0625,0.130730036506,0.128447508897,0,1
100000004193835100,peripheral,0.5,3,0.27520402,"Колено 0; входящих связей 1, исходящих 1; вход 47,000 KZT. Пороги значимых ролей не достигнуты.",0,True,1,1,47000,5000,1,1,0.000467132918408,6.67754889174e-06,True,0.106382978723,False,False,False,7,0,False,0,0,0,0,1,1,0.5,47000,5000,0.395061728395,2,peripheral,1,seed,0.03,0.1875,0.127805921854,0.113367437722,0,0.6
100000004200745100,peripheral,0.25,12,0.5086617,"4-е колено: исходящие не выгружены. Вход 1 плательщиков, 130,000 KZT. Роль за границей обхода не установлена.",4,False,1,0,130000,0,4,0,0.000597167104659,0,True,0,True,True,False,9,0,False,0,1,0,0,1,0.323076923077,0,32500,0,0.775900900901,1,peripheral,0,truncated_depth4,0.03,0.20762050593,0.138590129463,0.132451067616,0,1
100000004206046100,peripheral,0.5,3,0.33324329,"Колено 1; входящих связей 1, исходящих 0; вход 11,075 KZT. Пороги значимых ролей не достигнуты.",1,False,1,0,11075,0,1,0,0.000285220330403,0,True,0,True,False,False,7,1,False,0,0,0,0,1,1,0,11075,0,0.0296610169492,1,peripheral,1,none,0.03,0.1875,0.109604497246,0.00613879003559,0,1
100000004209339100,peripheral,0.5,16,0.5522991,"Колено 2; входящих связей 1, исходящих 2; вход 138,500 KZT. Пороги значимых ролей не достигнуты.",2,False,1,2,138500,238500,6,11,0.000812685031515,2.1003566247e-05,True,1.72202166065,True,False,True,8,0,True,1,2,0.162454873646,1.57777777778,1,0.17374005305,0.411764705882,23083.3333333,21681.8181818,0.777056277056,1,peripheral,0,unobserved_funding;directed_cycle,0.03,0.19812031259,0.151121252469,0.139724199288,0.0333333333333,1
100000004213658100,peripheral,0.5,8,0.24160853,"Колено 1; входящих связей 1, исходящих 0; вход 25,347 KZT. Пороги значимых ролей не достигнуты.",1,False,1,0,25347,0,1,0,0.000289317384746,0,True,0,True,False,False,1,1,False,0,0,0,0,1,1,0,25347,0,0.199152542373,1,peripheral,1,none,0.03,0.0625,0.119348746468,0.0297597864769,0,1
100000004217419100,peripheral,0.5,7,0.48696296,"Колено 3; входящих связей 2, исходящих 1; вход 118,200 KZT. Пороги значимых ролей не достигнуты.",3,False,2,1,118200,7700,3,1,0.000580544121234,1.94183914359e-05,True,0.0651438240271,True,False,False,7,0,False,0,1,0.0592216582064,2,1,0.696584590945,0.5,39400,7700,0.586818757921,1,peripheral,1,none,0.03,0.1875,0.138212958933,0.13125,0,1
100000004218576100,peripheral,0.5,8,0.24274025,"Колено 1; входящих связей 1, исходящих 0; вход 26,144 KZT. Пороги значимых ролей не достигнуты.",1,False,1,0,26144,0,1,0,0.000289483406292,0,True,0,True,False,False,1,1,False,0,0,0,0,1,1,0,26144,0,0.210805084746,1,peripheral,1,none,0.03,0.0625,0.119713110267,0.0305271352313,0,1
100000004221668100,peripheral,0.5,21,0.44547126,"Колено 2; входящих связей 4, исходящих 3; вход 1,128,300 KZT. Пороги значимых ролей не достигнуты.",2,False,4,3,1128300,731440,8,10,0.0032208906541,4.5573775819e-06,True,0.648267304795,True,False,False,1,0,True,2,4,0.0354515643003,1.45,1,0.701173282287,0.388888888889,141037.5,73144,0.939393939394,2,peripheral,1,directed_cycle,0.03,0.0625,0.16990482714,0.149733096085,0.0333333333333,1
100000004222274100,peripheral,0.25,1,0.456839,"4-е колено: исходящие не выгружены. Вход 1 плательщиков, 15,500 KZT. Роль за границей обхода не установлена.",4,False,1,0,15500,0,1,0,0.000542149122236,0,True,0,True,True,False,7,0,False,0,0,0,0,1,1,0,15500,0,0.304054054054,1,peripheral,0,truncated_depth4,0.03,0.1875,0.11356052975,0.125778469751,0,1
100000004225615100,terminal,0.544444,2,0.38913321,"Колено 2; вход 90,000 KZT; исходящих связей 0, выход/вход=0.00. Получатель в видимой выборке.",2,False,1,0,90000,0,2,0,0.00029244979161,0,True,0,True,False,False,1,0,False,0,1,0,0,1,1,0,45000,0,0.505411255411,1,terminal,1,none,0.15,0.0625,0.134262208966,0.0423709964413,0,1
100000004226848100,terminal,0.779851,4,0.60753565,"Колено 1; вход 301,866 KZT; исходящих связей 0, выход/вход=0.00. Получатель в видимой выборке.",1,False,1,0,301866,0,1,0,0.000343992838144,0,True,0,True,False,False,10,1,False,0,0,0,0,1,1,0,301866,0,0.754237288136,1,terminal,1,none,0.15,0.216214476165,0.148505333432,0.0928158362989,0,1
100000004232712100,peripheral,0.25,5,0.44756809,"4-е колено: исходящие не выгружены. Вход 1 плательщиков, 12,500 KZT. Роль за границей обхода не установлена.",4,False,1,0,12500,0,1,0,0.000526152198919,0,True,0,True,True,False,7,0,False,0,0,0,0,1,1,0,12500,0,0.234234234234,1,peripheral,0,truncated_depth4,0.03,0.1875,0.111028944592,0.119039145907,0,1
100000004235471100,peripheral,0.25,5,0.45360346,"4-е колено: исходящие не выгружены. Вход 1 плательщиков, 180,000 KZT. Роль за границей обхода не установлена.",4,False,1,0,180000,0,1,0,0.000346662197437,0,True,0,True,True,False,7,0,False,0,0,0,0,1,1,0,180000,0,0.822072072072,1,peripheral,0,truncated_depth4,0.03,0.1875,0.142420184438,0.0936832740214,0,1
100000004241142100,peripheral,0.25,1,0.45727633,"4-е колено: исходящие не выгружены. Вход 1 плательщиков, 27,102 KZT. Роль за границей обхода не установлена.",4,False,1,0,27102,0,1,0,0.000527002778869,0,True,0,True,True,False,7,0,False,0,0,0,0,1,1,0,27102,0,0.452702702703,1,peripheral,0,truncated_depth4,0.03,0.1875,0.120136655194,0.119639679715,0,1
100000004254434100,peripheral,0.5,8,0.26349828,"Колено 1; входящих связей 1, исходящих 0; вход 44,445 KZT. Пороги значимых ролей не достигнуты.",1,False,1,0,44445,0,2,0,0.00029329565259,0,True,0,True,False,False,1,1,False,0,1,0,0,1,1,0,22222.5,0,0.341101694915,1,peripheral,1,none,0.03,0.0625,0.125958241604,0.0450400355872,0,1
100000004257714100,terminal,0.502467,6,0.38185917,"Колено 3; вход 52,220 KZT; исходящих связей 0, выход/вход=0.00. Получатель в видимой выборке.",3,False,1,0,52220,0,1,0,0.000292128063912,0,True,0,True,False,False,1,0,False,0,0,0,0,1,1,0,52220,0,0.416983523447,1,terminal,1,none,0.15,0.0625,0.127855610176,0.0415035587189,0,1
100000004260869100,peripheral,0.25,3,0.46609416,"4-е колено: исходящие не выгружены. Вход 1 плательщиков, 10,000 KZT. Роль за границей обхода не установлена.",4,False,1,0,10000,0,1,0,0.000836493120047,0,True,0,True,True,False,7,0,False,0,0,0,0,1,1,0,10000,0,0.184684684685,1,peripheral,0,truncated_depth4,0.03,0.1875,0.10840287741,0.140191281139,0,1
100000004261340100,peripheral,0.25,1,0.43783548,"4-е колено: исходящие не выгружены. Вход 1 плательщиков, 48,500 KZT. Роль за границей обхода не установлена.",4,False,1,0,48500,0,4,0,0.000345436570014,0,True,0,True,True,False,7,0,False,0,1,0,0,1,0.309278350515,0,12125,0,0.584459459459,1,peripheral,0,truncated_depth4,0.03,0.1875,0.126985835825,0.0933496441281,0,1
100000004263867100,peripheral,0.25,10,0.2268538,"4-е колено: исходящие не выгружены. Вход 1 плательщиков, 9,000 KZT. Роль за границей обхода не установлена.",4,False,1,0,9000,0,1,0,0.000288821989175,0,True,0,True,True,False,1,0,False,0,0,0,0,1,1,1,9000,0,0.144144144144,1,peripheral,1,truncated_depth4,0.03,0.0625,0.107162960722,0.0271908362989,0,1
100000004265639100,peripheral,0.25,7,0.45368313,"4-е колено: исходящие не выгружены. Вход 1 плательщиков, 10,000 KZT. Роль за границей обхода не установлена.",4,False,1,0,10000,0,1,0,0.00054897533755,0,True,0,True,True,False,7,0,False,0,0,0,0,1,1,0,10000,0,0.184684684685,1,peripheral,0,truncated_depth4,0.03,0.1875,0.10840287741,0.12778024911,0,1
100000004268036100,peripheral,0.25,10,0.20961489,"4-е колено: исходящие не выгружены. Вход 1 плательщиков, 5,500 KZT. Роль за границей обхода не установлена.",4,False,1,0,5500,0,1,0,0.000286961315477,0,True,0,True,True,False,1,0,False,0,0,0,0,1,1,1,5500,0,0.0709459459459,1,peripheral,1,truncated_depth4,0.03,0.0625,0.101367558745,0.0157473309609,0,1
100000004269433100,peripheral,0.5,16,0.11865571,"Колено 0; входящих связей 0, исходящих 1; вход 0 KZT. Пороги значимых ролей не достигнуты.",0,True,0,1,0,1372000,0,67,0.000284037399667,0,False,0,False,False,True,0,0,False,0,1,0,0,0,0.163994169096,0.223880597015,0,20477.6119403,0.827160493827,1,peripheral,0,seed;unobserved_funding,0.03,0,0.166324914158,0.00143460854093,0,0.6
100000004272302100,peripheral,0.25,1,0.33664576,"4-е колено: исходящие не выгружены. Вход 1 плательщиков, 10,000 KZT. Роль за границей обхода не установлена.",4,False,1,0,10000,0,1,0,0.000286187996276,0,True,0,True,True,False,7,0,False,0,0,0,0,1,1,0,10000,0,0.184684684685,1,peripheral,0,truncated_depth4,0.03,0.1875,0.10840287741,0.0107428825623,0,1
100000004278574100,peripheral,0.5,5,0.34596251,"Колено 3; входящих связей 1, исходящих 1; вход 25,000 KZT. Пороги значимых ролей не достигнуты.",3,False,1,1,25000,12500,1,1,0.000284840917852,1.92202445845e-05,True,0.5,True,False,False,7,0,False,0,0,0,0,1,0.666666666667,0,25000,12500,0.33206590621,1,peripheral,1,none,0.03,0.1875,0.123958505755,0.00450400355872,0,1
100000004285800100,peripheral,0.5,11,0.45465648,"Колено 2; входящих связей 1, исходящих 1; вход 5,000 KZT. Пороги значимых ролей не достигнуты.",2,False,1,1,5000,15000,1,1,0.000342293134198,0,True,3,True,False,True,10,0,False,0,0,0,0,1,0.75,0.5,5000,15000,0.154761904762,1,peripheral,0,unobserved_funding,0.03,0.216214476165,0.116560329835,0.0918816725979,0,1
100000004286573100,peripheral,0.5,12,0.2214066,"Колено 1; входящих связей 1, исходящих 0; вход 16,590 KZT. Пороги значимых ролей не достигнуты.",1,False,1,0,16590,0,1,0,0.000286772635619,0,True,0,True,False,False,1,1,False,0,0,0,0,1,1,0,16590,0,0.0974576271186,1,peripheral,1,none,0.03,0.0625,0.114360340452,0.0145462633452,0,1
100000004291560100,peripheral,0.5,1,0.35737531,"Колено 3; входящих связей 1, исходящих 0; вход 47,190 KZT. Пороги значимых ролей не достигнуты.",3,False,1,0,47190,0,1,0,0.00028667658803,0,True,0,True,False,False,7,0,False,0,0,0,0,1,1,0,47190,0,0.387198986058,1,peripheral,1,none,0.03,0.1875,0.126663570776,0.0132117437722,0,1
100000004291663100,peripheral,0.25,4,0.4088173,"4-е колено: исходящие не выгружены. Вход 1 плательщиков, 25,000 KZT. Роль за границей обхода не установлена.",4,False,1,0,25000,0,1,0,0.00030947127822,0,True,0,True,True,False,7,0,False,0,0,0,0,1,1,0,25000,0,0.433558558559,1,peripheral,1,truncated_depth4,0.03,0.1875,0.119186514696,0.0721307829181,0,1
100000004292885100,terminal,0.569667,6,0.41233199,"Колено 3; вход 112,700 KZT; исходящих связей 0, выход/вход=0.00. Получатель в видимой выборке.",3,False,1,0,112700,0,1,0,0.000301498484699,0,True,0,True,False,False,1,0,False,0,0,0,0,1,1,0,112700,0,0.564005069708,1,terminal,1,none,0.15,0.0625,0.136909390272,0.0629225978648,0,1
100000004299488100,consolidator,0.55,1,0.84146426,"Вход от 6 плательщиков (seed: 1); 1,749,000 KZT; исходящих связей 2. Признаки консолидации.",1,False,6,2,1749000,344999,22,14,0.00144806463786,2.08054193956e-05,True,0.197255002859,True,False,False,7,1,True,1,7,0.144082332762,1.61904761905,3,0.333811047665,0.111111111111,79500,24642.7857143,0.972457627119,4,consolidator,6,sync_inflow;directed_cycle,0.27,0.1875,0.171301155181,0.145996441281,0.0666666666667,1
100000004315838100,peripheral,0.5,5,0.40973997,"Колено 1; входящих связей 2, исходящих 1; вход 50,000 KZT. Пороги значимых ролей не достигнуты.",1,False,2,1,50000,18000,2,1,0.000289806319593,2.37776221665e-05,True,0.36,True,False,False,10,1,False,0,0,0,0,1,0.367647058824,0,25000,18000,0.451271186441,2,peripheral,2,none,0.03,0.216214476165,0.13096321905,0.0325622775801,0,1
100000004318918100,terminal,0.528444,16,0.5309755,"Колено 1; вход 75,600 KZT; исходящих связей 0, выход/вход=0.00. Получатель в видимой выборке.",1,False,1,0,75600,0,1,0,0.000295439629339,0,True,0,True,False,False,8,1,False,0,0,0,0,1,1,0,75600,0,0.485169491525,1,terminal,1,none,0.15,0.19812031259,0.132210170336,0.0506450177936,0,1
100000004321983100,peripheral,0.5,21,0.3371347,"Колено 3; входящих связей 1, исходящих 2; вход 10,840 KZT. Пороги значимых ролей не достигнуты.",3,False,1,2,10840,36200,1,3,0.000324611115235,1.38702795971e-06,True,3.33948339483,True,False,True,1,0,True,0,1,0,0,1,0.637755102041,0.25,10840,12066.6666667,0.384030418251,1,peripheral,0,unobserved_funding;directed_cycle,0.03,0.0625,0.126626100782,0.0846752669039,0.0333333333333,1
100000004325327100,transit,0.903166,1,0.58787306,"Вход 70,817 KZT; выход/вход=0.99; сопоставлено за 1–2 дня 67%. Признаки транзита.",1,False,2,1,70817,70000,3,1,0.000294181739815,3.84404891691e-05,True,0.988463222108,True,False,False,7,1,False,0,1,0.670347515427,2,1,0.497099071845,0.25,23605.6666667,70000,0.601694915254,1,transit,2,fast_temporal_match,0.18,0.1875,0.139530825296,0.0475088967972,0.0333333333333,1
100000004326224100,peripheral,0.25,5,0.46989938,"4-е колено: исходящие не выгружены. Вход 1 плательщиков, 60,000 KZT. Роль за границей обхода не установлена.",4,False,1,0,60000,0,1,0,0.000531697262488,0,True,0,True,True,False,7,0,False,0,0,0,0,1,1,0,60000,0,0.638513513514,1,peripheral,0,truncated_depth4,0.03,0.1875,0.129490126369,0.122909252669,0,1
100000004330371100,peripheral,0.5,3,0.54610411,"Колено 1; входящих связей 2, исходящих 2; вход 264,171 KZT. Пороги значимых ролей не достигнуты.",1,False,2,2,264171,90681,12,6,0.00124972330995,0.000334670031993,True,0.343266293424,True,False,False,7,1,True,2,3,0.0189271343183,2,2,0.421866017382,0.277777777778,22014.25,15113.5,0.775423728814,1,peripheral,1,directed_cycle,0.03,0.1875,0.150408673322,0.144862099644,0.0333333333333,1
100000004331458100,terminal,0.722222,40,0.50391552,"Колено 2; вход 250,000 KZT; исходящих связей 0, выход/вход=0.00. Получатель в видимой выборке.",2,False,2,0,250000,0,2,0,0.00131364924936,0,True,0,True,False,False,1,0,False,0,0,0,0,1,0.84,0,125000,0,0.72619047619,1,terminal,0,none,0.15,0.0625,0.146286516129,0.145129003559,0,1
100000004336228100,terminal,0.501563,7,0.51328037,"Колено 3; вход 51,407 KZT; исходящих связей 0, выход/вход=0.00. Получатель в видимой выборке.",3,False,1,0,51407,0,2,0,0.000294414209007,0,True,0,True,False,False,7,0,False,0,1,0,0,1,1,0,25703.5,0,0.414448669202,1,terminal,1,none,0.15,0.1875,0.127670934984,0.048109430605,0,1
100000004336312100,transit,0.562462,24,0.71201201,"Вход 90,415 KZT; выход/вход=0.80; сопоставлено за 1–2 дня 23%. Признаки транзита.",2,False,3,2,90415,72650,7,3,0.000691387935058,3.37840381615e-05,True,0.803517115523,True,False,False,7,0,True,1,3,0.23226234585,1,3,0.309692453929,0.3,12916.4285714,24216.6666667,0.634199134199,1,transit,0,sync_inflow;directed_cycle,0.18,0.1875,0.141257264553,0.136588078292,0.0666666666667,1
100000004340038100,peripheral,0.5,17,0.36800679,"Колено 3; входящих связей 1, исходящих 1; вход 9,978 KZT. Пороги значимых ролей не достигнуты.",3,False,1,1,9978,49000,1,1,0.000287703514721,1.92202445845e-05,True,4.91080376829,True,False,True,7,0,False,0,0,0,0,1,0.83081827122,0.5,9978,49000,0.442332065906,1,peripheral,1,unobserved_funding,0.03,0.1875,0.129287927826,0.02121886121,0,1
100000004350094100,peripheral,0.25,11,0.47571958,"4-е колено: исходящие не выгружены. Вход 1 плательщиков, 20,000 KZT. Роль за границей обхода не установлена.",4,False,1,0,20000,0,1,0,0.000885857716404,0,True,0,True,True,False,7,0,False,0,0,0,0,1,1,0,20000,0,0.370495495495,1,peripheral,0,truncated_depth4,0.03,0.1875,0.116560329835,0.141659252669,0,1
100000004351795100,coordinator,0.610417,13,0.79910439,Связывает 8 узлов сбора/рассылки; достижим от 7 seed; betweenness=0.00243. Гипотеза структурной координации.,1,False,3,14,118333,1715161,3,37,0.000311769176415,0.00242852160415,True,14.494359139,True,False,True,7,1,True,1,5,1,1.81055157902,1,0.139078720738,0.15,39444.3333333,46355.7027027,0.957627118644,6,distributor,8,unobserved_funding;fast_temporal_match;directed_cycle,0.3,0.1875,0.169737543378,0.0752001779359,0.0666666666667,1
100000004356593100,peripheral,0.5,1,0.38729262,"Колено 2; входящих связей 1, исходящих 1; вход 50,000 KZT. Пороги значимых ролей не достигнуты.",2,False,1,1,50000,10000,1,1,0.000291866710618,1.92202445845e-05,True,0.2,True,False,False,7,0,False,0,0,0,0,1,0.833333333333,0,50000,10000,0.426406926407,1,peripheral,1,none,0.03,0.1875,0.129490126369,0.0403024911032,0,1
100000004358004100,distributor,0.516667,4,0.24228576,"Переводы 11 получателям; 17 операций; 980,850 KZT. Признаки веерного распределения.",0,True,0,11,0,980850,0,17,0.000284037399667,0,False,0,False,False,True,0,0,False,0,2,0,0,0,0.285466687057,0.0588235294118,0,57697.0588235,0.79012345679,4,distributor,3,seed;unobserved_funding,0.24,0,0.162374989561,0.00143460854093,0,0.6
100000004360785100,terminal,0.549672,3,0.51980412,"Колено 1; вход 94,705 KZT; исходящих связей 0, выход/вход=0.00. Получатель в видимой выборке.",1,False,1,0,94705,0,1,0,0.000294152926108,0,True,0,True,False,False,7,1,False,0,0,0,0,1,1,0,94705,0,0.544491525424,1,terminal,1,none,0.15,0.1875,0.134861945689,0.0474421708185,0,1
100000004368189100,terminal,0.871778,10,0.46550624,"Колено 3; вход 384,600 KZT; исходящих связей 2, выход/вход=0.07. Получатель в видимой выборке.",3,False,1,2,384600,28200,1,2,0.000302225467101,2.77405591942e-06,True,0.0733229329173,True,False,False,2,0,False,0,0,0.0564222568903,1,1,0.931686046512,0.333333333333,384600,14100,0.830164765526,1,terminal,1,none,0.15,0.0990601562951,0.152188961482,0.0642571174377,0,1
100000004377043100,peripheral,0.25,24,0.41717488,"4-е колено: исходящие не выгружены. Вход 1 плательщиков, 5,700 KZT. Роль за границей обхода не установлена.",4,False,1,0,5700,0,1,0,0.000361397951003,0,True,0,True,True,False,7,0,False,0,0,0,0,1,1,1,5700,0,0.0788288288288,1,peripheral,0,truncated_depth4,0.03,0.1875,0.101787869971,0.0978870106762,0,1
100000004379306100,peripheral,0.25,7,0.45204919,"4-е колено: исходящие не выгружены. Вход 1 плательщиков, 15,000 KZT. Роль за границей обхода не установлена.",4,False,1,0,15000,0,1,0,0.000528900760085,0,True,0,True,True,False,7,0,False,0,0,0,0,1,1,0,15000,0,0.287162162162,1,peripheral,0,truncated_depth4,0.03,0.1875,0.113174633106,0.12137455516,0,1
100000004386258100,peripheral,0.5,12,0.52882975,"Колено 2; входящих связей 3, исходящих 3; вход 61,700 KZT. Пороги значимых ролей не достигнуты.",2,False,3,3,61700,40000,3,3,0.00053029634617,0.000120473285643,True,0.64829821718,True,False,False,9,0,True,2,0,0,0,2,0.852507374631,0.166666666667,20566.6666667,13333.3333333,0.547619047619,1,peripheral,0,directed_cycle,0.03,0.20762050593,0.135700642305,0.122175266904,0.0333333333333,1
100000004386286100,peripheral,0.25,12,0.48070016,"4-е колено: исходящие не выгружены. Вход 1 плательщиков, 12,500 KZT. Роль за границей обхода не установлена.",4,False,1,0,12500,0,1,0,0.000593324115407,0,True,0,True,True,False,9,0,False,0,0,0,0,1,1,0,12500,0,0.234234234234,1,peripheral,0,truncated_depth4,0.03,0.20762050593,0.111028944592,0.132050711744,0,1
100000004386331100,peripheral,0.5,12,0.51228334,"Колено 3; входящих связей 1, исходящих 2; вход 20,000 KZT. Пороги значимых ролей не достигнуты.",3,False,1,2,20000,17500,1,2,0.000509413367301,2.02109788415e-05,True,0.875,True,False,False,9,0,True,1,0,0,0,1,0.533333333333,0.333333333333,20000,8750,0.33206590621,1,peripheral,0,directed_cycle,0.03,0.20762050593,0.123958505755,0.117370996441,0.0333333333333,1
100000004388209100,peripheral,0.5,8,0.21499486,"Колено 1; входящих связей 1, исходящих 0; вход 11,800 KZT. Пороги значимых ролей не достигнуты.",1,False,1,0,11800,0,1,0,0.000286495435093,0,True,0,True,False,False,1,1,False,0,0,0,0,1,1,0,11800,0,0.0360169491525,1,peripheral,1,none,0.03,0.0625,0.110350730848,0.0121441281139,0,1
100000004388353100,terminal,0.5144,16,0.56925815,"Колено 1; вход 62,960 KZT; исходящих связей 0, выход/вход=0.00. Получатель в видимой выборке.",1,False,2,0,62960,0,2,0,0.000338845312267,0,True,0,True,False,False,8,1,False,0,0,0,0,1,0.555273189327,0,31480,0,0.436440677966,2,terminal,1,none,0.15,0.19812031259,0.130056881047,0.0910809608541,0,1
100000004388983100,peripheral,0.5,46,0.11079625,"Колено 0; входящих связей 0, исходящих 2; вход 0 KZT. Пороги значимых ролей не достигнуты.",0,True,0,2,0,450816,0,23,0.000284037399667,0,False,0,False,False,True,0,0,False,0,2,0,0,0,0.376685831914,0.130434782609,0,19600.6956522,0.703703703704,1,peripheral,0,seed;unobserved_funding,0.03,0,0.153225811388,0.00143460854093,0,0.6
100000004390333100,peripheral,0.5,1,0.48601592,"Колено 1; входящих связей 2, исходящих 9; вход 64,558 KZT. Пороги значимых ролей не достигнуты.",1,False,2,9,64558,506500,2,14,0.000293607513795,0.000158415019819,True,7.84565816785,True,False,True,7,1,True,1,5,0.708680566312,1,1,0.225558524703,0,32279,36178.5714286,0.864406779661,4,peripheral,8,unobserved_funding;fast_temporal_match;directed_cycle,0.03,0.1875,0.156008501898,0.045840747331,0.0666666666667,1
100000004394765100,terminal,1,3,0.59736317,"Колено 1; вход 603,844 KZT; исходящих связей 2, выход/вход=0.14. Получатель в видимой выборке.",1,False,3,2,603844,82500,10,2,0.000378107107526,6.51638945262e-05,True,0.136624691145,True,False,False,7,1,False,0,1,0.0587900186141,1,2,0.435125826116,0.166666666667,60384.4,41250,0.891949152542,1,terminal,3,none,0.15,0.1875,0.158172782329,0.101690391459,0,1
100000004398811100,peripheral,0.5,19,0.35362716,"Колено 2; входящих связей 1, исходящих 3; вход 426,000 KZT. Пороги значимых ролей не достигнуты.",2,False,1,3,426000,1040672,1,4,0.000347678207813,1.4861013854e-06,True,2.44289201878,True,False,True,1,0,False,0,1,0,0,1,0.570679742983,0.2,426000,260168,0.919913419913,2,peripheral,1,unobserved_funding,0.03,0.0625,0.167110253833,0.0940169039146,0,1
100000004399686100,terminal,1,12,0.50261314,"Колено 3; вход 806,000 KZT; исходящих связей 0, выход/вход=0.00. Получатель в видимой выборке.",3,False,1,0,806000,0,2,0,0.000566444875709,0,True,0,True,False,False,1,0,False,0,1,0,0,1,1,0,403000,0,0.918884664132,1,terminal,0,none,0.15,0.0625,0.160064205184,0.130048932384,0,1
100000004400305100,coordinator,0.655818,1,0.84058548,Связывает 21 узлов сбора/рассылки; достижим от 7 seed; betweenness=0.00261. Гипотеза структурной координации.,2,False,7,82,222800,5830181,9,101,0.000383604316996,0.00260914992272,True,26.1677782765,True,False,True,7,0,True,2,16,1,1.12926391382,2,0.117950642832,0.145454545455,24755.5555556,57724.5643564,0.989177489177,11,consolidator,21,unobserved_funding;fast_temporal_match;directed_cycle,0.3,0.1875,0.18379425347,0.10262455516,0.0666666666667,1
100000004400361100,peripheral,0.5,19,0.3341769,"Колено 2; входящих связей 1, исходящих 0; вход 10,000 KZT. Пороги значимых ролей не достигнуты.",2,False,1,0,10000,0,1,0,0.000285682422678,0,True,0,True,False,False,7,0,False,0,0,0,0,1,1,0,10000,0,0.0530303030303,1,peripheral,1,none,0.03,0.1875,0.10840287741,0.00827402135231,0,1
100000004400480100,peripheral,0.25,10,0.36121583,"4-е колено: исходящие не выгружены. Вход 1 плательщиков, 21,700 KZT. Роль за границей обхода не установлена.",4,False,1,0,21700,0,1,0,0.000481716448858,0,True,0,True,True,False,2,0,False,0,0,0,0,1,1,0,21700,0,0.412162162162,1,peripheral,0,truncated_depth4,0.03,0.0990601562951,0.117520444702,0.114635231317,0,1
100000004403548100,peripheral,0.25,7,0.41716772,"4-е колено: исходящие не выгружены. Вход 1 плательщиков, 5,000 KZT. Роль за границей обхода не установлена.",4,False,1,0,5000,0,1,0,0.000365792979441,0,True,0,True,True,False,7,0,False,0,0,0,0,1,1,1,5000,0,0.0236486486486,1,peripheral,0,truncated_depth4,0.03,0.1875,0.100246013331,0.0994217081851,0,1
100000004403641100,peripheral,0.25,2,0.42815622,"4-е колено: исходящие не выгружены. Вход 1 плательщиков, 171,500 KZT. Роль за границей обхода не установлена.",4,False,1,0,171500,0,1,0,0.000298920062111,0,True,0,True,True,False,8,0,False,0,0,0,0,1,1,0,171500,0,0.81981981982,1,peripheral,1,truncated_depth4,0.03,0.19812031259,0.14185085163,0.0581850533808,0,1
100000004403675100,coordinator,0.700691,23,0.81183283,Связывает 4 узлов сбора/рассылки; достижим от 7 seed; betweenness=0.00279. Гипотеза структурной координации.,1,False,4,5,182980,264699,8,6,0.000734868665068,0.00278767351373,True,1.44660072139,True,False,True,7,2,True,1,2,0.293436441141,1.44126794927,1,0.294854125389,0.142857142857,22872.5,44116.5,0.811440677966,5,peripheral,4,unobserved_funding;directed_cycle,0.3,0.1875,0.15314362686,0.137855871886,0.0333333333333,1
100000004407753100,peripheral,0.5,24,0.54207196,"Колено 3; входящих связей 1, исходящих 1; вход 250,000 KZT. Пороги значимых ролей не достигнуты.",3,False,1,1,250000,100000,4,1,0.000871343526816,0,True,0.4,True,False,False,7,0,True,1,1,0.4,1.4,1,0.314285714286,0,62500,100000,0.794676806084,1,peripheral,0,directed_cycle,0.03,0.1875,0.150246634568,0.140991992883,0.0333333333333,1
100000004408683100,terminal,0.569911,3,0.57699014,"Колено 1; вход 112,920 KZT; исходящих связей 0, выход/вход=0.00. Получатель в видимой выборке.",1,False,2,0,112919.68,0,3,0,0.000383070733596,0,True,0,True,False,False,7,1,False,0,1,0,0,1,0.455598173852,0,37639.8933333,0,0.578389830508,1,terminal,1,none,0.15,0.1875,0.136932309513,0.102557829181,0,1
100000004410489100,terminal,0.504444,17,0.54181772,"Колено 2; вход 54,000 KZT; исходящих связей 0, выход/вход=0.00. Получатель в видимой выборке.",2,False,1,0,54000,0,1,0,0.000312496373426,0,True,0,True,False,False,7,0,False,0,0,0,0,1,1,0,54000,0,0.401515151515,1,terminal,1,none,0.15,0.1875,0.128250100718,0.0760676156584,0,1
100000004417753100,terminal,0.657888,7,0.58511199,"Колено 3; вход 192,099 KZT; исходящих связей 0, выход/вход=0.00. Получатель в видимой выборке.",3,False,2,0,192099,0,2,0,0.000390873506849,0,True,0,True,False,False,7,0,False,0,0,0,0,2,1,0,96049.5,0,0.681875792142,1,terminal,1,none,0.15,0.1875,0.143185837764,0.104426156584,0,1
100000004418967100,peripheral,0.25,2,0.47565547,"4-е колено: исходящие не выгружены. Вход 1 плательщиков, 100,000 KZT. Роль за границей обхода не установлена.",4,False,1,0,100000,0,1,0,0.000450924314851,0,True,0,True,True,False,8,0,False,0,0,0,0,1,1,0,100000,0,0.728603603604,1,peripheral,0,truncated_depth4,0.03,0.19812031259,0.135502243335,0.112032918149,0,1
100000004420041100,peripheral,0.5,12,0.43277709,"Колено 3; входящих связей 1, исходящих 7; вход 69,638 KZT. Пороги значимых ролей не достигнуты.",3,False,1,7,69638,651830,1,11,0.000298094245015,0.000154248626182,True,9.36026307476,True,False,True,7,0,False,0,3,0,0,1,0.708312773401,0.25,69638,59257.2727273,0.902408111534,2,peripheral,1,unobserved_funding,0.03,0.1875,0.158760189488,0.0565169039146,0,1
100000004424023100,peripheral,0.5,9,0.5202881,"Колено 2; входящих связей 1, исходящих 1; вход 50,000 KZT. Пороги значимых ролей не достигнуты.",2,False,1,1,50000,100000,1,1,0.000965042542969,2.04091256929e-05,True,2,True,False,True,9,0,False,0,0,0,0,1,0.666666666667,0,50000,100000,0.609307359307,1,peripheral,0,unobserved_funding,0.03,0.20762050593,0.140274352086,0.142393238434,0,1
100000004433250100,peripheral,0.25,1,0.3904032,"4-е колено: исходящие не выгружены. Вход 1 плательщиков, 8,000 KZT. Роль за границей обхода не установлена.",4,False,1,0,8000,0,1,0,0.000304901076946,0,True,0,True,True,False,7,0,False,0,0,0,0,1,1,1,8000,0,0.130630630631,1,peripheral,0,truncated_depth4,0.03,0.1875,0.105776869064,0.0671263345196,0,1
100000004435304100,peripheral,0.5,20,0.25594381,"Колено 2; входящих связей 1, исходящих 0; вход 26,200 KZT. Пороги значимых ролей не достигнуты.",2,False,1,0,26200,0,1,0,0.000292868721137,0,True,0,True,False,False,1,0,False,0,0,0,0,1,1,0,26200,0,0.229437229437,1,peripheral,1,none,0.03,0.0625,0.11973829255,0.0437055160142,0,1
100000004441291100,peripheral,0.5,4,0.48968762,"Колено 2; входящих связей 1, исходящих 0; вход 20,000 KZT. Пороги значимых ролей не достигнуты.",2,False,1,0,20000,0,1,0,0.000545533945221,0,True,0,True,False,False,10,0,False,0,0,0,0,1,1,0,20000,0,0.154761904762,1,peripheral,0,none,0.03,0.216214476165,0.116560329835,0.126912811388,0,1
100000004445291100,peripheral,0.5,26,0.41416717,"Колено 3; входящих связей 1, исходящих 0; вход 19,500 KZT. Пороги значимых ролей не достигнуты.",3,False,1,0,19500,0,2,0,0.000317447395774,0,True,0,True,False,False,7,0,False,0,1,0,0,1,0.564102564103,0.5,9750,0,0.162230671736,1,peripheral,0,none,0.03,0.1875,0.116262365334,0.0804048042705,0,1
100000004449824100,peripheral,0.25,10,0.2268538,"4-е колено: исходящие не выгружены. Вход 1 плательщиков, 9,000 KZT. Роль за границей обхода не установлена.",4,False,1,0,9000,0,1,0,0.000288821989175,0,True,0,True,True,False,1,0,False,0,0,0,0,1,1,1,9000,0,0.144144144144,1,peripheral,1,truncated_depth4,0.03,0.0625,0.107162960722,0.0271908362989,0,1
100000004450649100,peripheral,0.5,5,0.41730767,"Колено 3; входящих связей 2, исходящих 2; вход 192,528 KZT. Пороги значимых ролей не достигнуты.",3,False,2,2,192528,46527,2,2,0.000297322909548,0.000138749030236,True,0.241663550237,True,False,False,7,0,False,0,0,0.0271492977645,2,1,0.589696931668,0.25,96264,23263.5,0.717363751584,3,peripheral,3,none,0.03,0.1875,0.145759627023,0.0540480427046,0,1
100000004451012100,peripheral,0.5,11,0.41802979,"Колено 3; входящих связей 1, исходящих 3; вход 91,245 KZT. Пороги значимых ролей не достигнуты.",3,False,1,3,91245,65740,1,3,0.000299530947805,5.76607337536e-05,True,0.720477834402,True,False,False,7,0,False,0,0,0,0,1,0.581233875848,0,91245,21913.3333333,0.642585551331,1,peripheral,1,none,0.03,0.1875,0.140810039941,0.0597197508897,0,1
100000004456564100,peripheral,0.5,15,0.44071581,"Колено 2; входящих связей 1, исходящих 0; вход 10,000 KZT. Пороги значимых ролей не достигнуты.",2,False,1,0,10000,0,2,0,0.000389896793623,0,True,0,True,False,False,8,0,False,0,1,0,0,1,0.5,1,5000,0,0.0530303030303,1,peripheral,0,none,0.03,0.19812031259,0.10840287741,0.104192615658,0,1
100000004463277100,peripheral,0.5,28,0.35210114,"Колено 2; входящих связей 1, исходящих 0; вход 35,000 KZT. Пороги значимых ролей не достигнуты.",2,False,1,0,35000,0,1,0,0.000687087250192,0,True,0,True,False,False,1,0,False,0,0,0,0,1,1,0,35000,0,0.308441558442,1,peripheral,0,none,0.03,0.0625,0.123146512081,0.136454626335,0,1
100000004467157100,peripheral,0.5,24,0.47368362,"Колено 2; входящих связей 1, исходящих 1; вход 20,000 KZT. Пороги значимых ролей не достигнуты.",2,False,1,1,20000,7000,3,1,0.000384182268017,0,True,0.35,True,False,False,7,0,True,1,1,0,0,1,0.37037037037,0.75,6666.66666667,7000,0.235930735931,1,peripheral,0,directed_cycle,0.03,0.1875,0.120092277808,0.102758007117,0.0333333333333,1
100000004472936100,peripheral,0.25,17,0.43892039,"4-е колено: исходящие не выгружены. Вход 1 плательщиков, 5,000 KZT. Роль за границей обхода не установлена.",4,False,1,0,5000,0,1,0,0.000528748430704,0,True,0,True,True,False,7,0,False,0,0,0,0,1,1,1,5000,0,0.0236486486486,1,peripheral,0,truncated_depth4,0.03,0.1875,0.100246013331,0.121174377224,0,1
100000004475818100,peripheral,0.5,1,0.48574985,"Колено 3; входящих связей 1, исходящих 3; вход 13,000 KZT. Пороги значимых ролей не достигнуты.",3,False,1,3,13000,53989,1,3,0.000308107006966,6.94018389399e-05,True,4.153,True,False,True,7,0,True,1,0,1,1,1,0.630312439356,0,13000,17996.3333333,0.460076045627,2,peripheral,2,unobserved_funding;fast_temporal_match;directed_cycle,0.03,0.1875,0.13078692207,0.0707962633452,0.0666666666667,1
100000004479404100,peripheral,0.5,38,0.56095982,"Колено 2; входящих связей 2, исходящих 1; вход 1,492,000 KZT. Пороги значимых ролей не достигнуты.",2,False,2,1,1492000,300000,8,2,0.000859738689586,9.61012229227e-05,True,0.201072386059,True,False,False,7,0,True,1,3,0,0,1,0.669642857143,0.2,186500,150000,0.935064935065,2,peripheral,1,directed_cycle,0.03,0.1875,0.169468124982,0.140658362989,0.0333333333333,1
100000004480280100,peripheral,0.5,22,0.47629083,"Колено 1; входящих связей 1, исходящих 2; вход 146,694 KZT. Пороги значимых ролей не достигнуты.",1,False,1,2,146694,295850,1,7,0.000313173185387,3.57176211863e-05,True,2.01678323585,True,False,True,10,1,False,0,1,0.484000708959,1,1,0.33894934741,0.25,146694,42264.2857143,0.809322033898,2,peripheral,1,unobserved_funding,0.03,0.216214476165,0.153007846834,0.0770685053381,0,1
100000004486525100,consolidator,0.65,1,0.78722506,"Вход от 8 плательщиков (seed: 0); 360,924 KZT; исходящих связей 2. Признаки консолидации.",2,False,8,2,360924,271045,21,3,0.000800809201425,4.75552443329e-06,True,0.750975274573,True,False,False,7,0,False,0,5,0.24298744334,2,5,0.412923735183,0.333333333333,17186.8571429,90348.3333333,0.857142857143,2,consolidator,5,sync_inflow,0.27,0.1875,0.157201340174,0.139190391459,0.0333333333333,1
100000004488265100,peripheral,0.5,7,0.38207715,"Колено 3; входящих связей 1, исходящих 0; вход 38,740 KZT. Пороги значимых ролей не достигнуты.",3,False,1,0,38740,0,1,0,0.000291857299561,0,True,0,True,False,False,7,0,False,0,0,0,0,1,1,0,38740,0,0.337135614702,1,peripheral,1,none,0.03,0.1875,0.124341379965,0.0402357651246,0,1
100000004491749100,terminal,0.5,21,0.4340614,"Колено 3; вход 50,000 KZT; исходящих связей 0, выход/вход=0.00. Получатель в видимой выборке.",3,False,1,0,50000,0,1,0,0.000348835378794,0,True,0,True,False,False,1,0,False,0,0,0,0,1,1,0,50000,0,0.399873257288,1,terminal,0,none,0.15,0.0625,0.127344320171,0.0942170818505,0,1
100000004491881100,peripheral,0.5,8,0.22749826,"Колено 1; входящих связей 1, исходящих 0; вход 17,144 KZT. Пороги значимых ролей не достигнуты.",1,False,1,0,17144,0,1,0,0.000287608633509,0,True,0,True,False,False,1,1,False,0,0,0,0,1,1,0,17144,0,0.102754237288,1,peripheral,1,none,0.03,0.0625,0.114746926015,0.0202513345196,0,1
100000004493586100,peripheral,0.5,1,0.33913215,"Колено 3; входящих связей 1, исходящих 0; вход 7,500 KZT. Пороги значимых ролей не достигнуты.",3,False,1,0,7500,0,1,0,0.000287085272743,0,True,0,True,False,False,7,0,False,0,0,0,0,1,1,1,7500,0,0.0291508238276,1,peripheral,1,none,0.03,0.1875,0.105017376806,0.0166147686833,0,1
100000004494983100,peripheral,0.5,8,0.25374705,"Колено 1; входящих связей 1, исходящих 0; вход 35,000 KZT. Пороги значимых ролей не достигнуты.",1,False,1,0,35000,0,1,0,0.000291328182709,0,True,0,True,False,False,1,1,False,0,0,0,0,1,1,0,35000,0,0.272245762712,1,peripheral,1,none,0.03,0.0625,0.123146512081,0.0381005338078,0,1
100000004497606100,peripheral,0.5,8,0.22433587,"Колено 1; входящих связей 1, исходящих 0; вход 15,534 KZT. Пороги значимых ролей не достигнуты.",1,False,1,0,15534,0,1,0,0.000287273257489,0,True,0,True,False,False,1,1,False,0,0,0,0,1,1,0,15534,0,0.0794491525424,1,peripheral,1,none,0.03,0.0625,0.113586316925,0.0182495551601,0,1
100000004500444100,peripheral,0.5,15,0.47660679,"Колено 3; входящих связей 2, исходящих 1; вход 180,000 KZT. Пороги значимых ролей не достигнуты.",3,False,2,1,180000,74000,7,5,0.000461933733704,1.94183914359e-05,True,0.411111111111,True,False,False,7,0,False,0,3,0.172222222222,1.32258064516,1,0.484251968504,0,25714.2857143,14800,0.731305449937,1,peripheral,1,none,0.03,0.1875,0.146473337804,0.112633451957,0,1
100000004500781100,peripheral,0.25,15,0.48551268,"4-е колено: исходящие не выгружены. Вход 1 плательщиков, 74,000 KZT. Роль за границей обхода не установлена.",4,False,1,0,74000,0,5,0,0.000676681111043,0,True,0,True,True,False,7,0,False,0,1,0,0,1,0.581081081081,0,14800,0,0.671171171171,1,peripheral,0,truncated_depth4,0.03,0.1875,0.131958408699,0.136054270463,0,1
100000004502048100,peripheral,0.25,11,0.42038202,"4-е колено: исходящие не выгружены. Вход 1 плательщиков, 13,888 KZT. Роль за границей обхода не установлена.",4,False,1,0,13888,0,1,0,0.00033782357574,0,True,0,True,True,False,7,0,False,0,0,0,0,1,1,0,13888,0,0.256756756757,1,peripheral,0,truncated_depth4,0.03,0.1875,0.112268144667,0.0906138790036,0,1
100000004508696100,peripheral,0.5,34,0.52987983,"Колено 3; входящих связей 1, исходящих 3; вход 7,000 KZT. Пороги значимых ролей не достигнуты.",3,False,1,3,7000,111000,1,4,0.000420007067587,3.92330765746e-05,True,15.8571428571,True,False,True,7,0,True,1,1,1,2,1,0.898305084746,0.6,7000,27750,0.576679340938,1,peripheral,0,unobserved_funding;fast_temporal_match;directed_cycle,0.03,0.1875,0.137450258339,0.108262900356,0.0666666666667,1
100000004509286100,peripheral,0.5,4,0.41153531,"Колено 1; входящих связей 1, исходящих 0; вход 40,000 KZT. Пороги значимых ролей не достигнуты.",1,False,1,0,40000,0,1,0,0.000291982042453,0,True,0,True,False,False,10,1,False,0,0,0,0,1,1,0,40000,0,0.313559322034,1,peripheral,1,none,0.03,0.216214476165,0.124718076465,0.0406027580071,0,1
100000004526651100,peripheral,0.25,2,0.37559656,"4-е колено: исходящие не выгружены. Вход 1 плательщиков, 33,000 KZT. Роль за границей обхода не установлена.",4,False,1,0,33000,0,1,0,0.000288348784877,0,True,0,True,True,False,8,0,False,0,0,0,0,1,1,0,33000,0,0.5,1,peripheral,1,truncated_depth4,0.03,0.19812031259,0.122454005366,0.0250222419929,0,1
100000004527381100,peripheral,0.5,3,0.5032727,"Колено 2; входящих связей 1, исходящих 1; вход 119,333 KZT. Пороги значимых ролей не достигнуты.",2,False,1,1,119333.17,273866.11,1,1,0.000373375398334,0.00032139419295,True,2.2949705434,True,False,True,7,0,True,0,0,0,0,1,1,0,119333.17,273866.11,0.785714285714,1,peripheral,1,unobserved_funding;directed_cycle,0.03,0.1875,0.151616412907,0.100822953737,0.0333333333333,1
100000004539443100,terminal,0.513322,4,0.63834841,"Колено 3; вход 61,990 KZT; исходящих связей 0, выход/вход=0.00. Получатель в видимой выборке.",3,False,2,0,61990,0,2,0,0.000949823921306,0,True,0,True,False,False,10,0,False,0,0,0,0,2,1,0,30995,0,0.447401774398,1,terminal,0,none,0.15,0.216214476165,0.129874143556,0.142259786477,0,1
100000004544958100,peripheral,0.5,16,0.54931292,"Колено 2; входящих связей 1, исходящих 2; вход 168,000 KZT. Пороги значимых ролей не достигнуты.",2,False,1,2,168000,23200,3,2,0.00120889973143,2.08054193956e-05,True,0.138095238095,True,False,False,8,0,True,1,1,0.0309523809524,2,1,0.800209205021,0.2,56000,11600,0.662337662338,1,peripheral,0,directed_cycle,0.03,0.19812031259,0.143130628628,0.144728647687,0.0333333333333,1
100000004549591100,peripheral,0.25,34,0.45597221,"4-е колено: исходящие не выгружены. Вход 1 плательщиков, 49,000 KZT. Роль за границей обхода не установлена.",4,False,1,0,49000,0,1,0,0.000441634659859,0,True,0,True,True,False,7,0,False,0,0,0,0,1,1,0,49000,0,0.588963963964,1,peripheral,0,truncated_depth4,0.03,0.1875,0.127106547896,0.111365658363,0,1
100000004552204100,peripheral,0.5,13,0.5243196,"Колено 3; входящих связей 1, исходящих 2; вход 22,500 KZT. Пороги значимых ролей не достигнуты.",3,False,1,2,22500,10000,2,2,0.000857638406939,2.02109788415e-05,True,0.444444444444,True,False,False,8,0,True,1,1,0,0,1,0.476923076923,0.75,11250,5000,0.30164765526,1,peripheral,0,directed_cycle,0.03,0.19812031259,0.122274319346,0.140591637011,0.0333333333333,1
100000004553349100,peripheral,0.5,1,0.38002828,"Колено 3; входящих связей 1, исходящих 0; вход 7,755 KZT. Пороги значимых ролей не достигнуты.",3,False,1,0,7755,0,1,0,0.000298395846175,0,True,0,True,False,False,7,0,False,0,0,0,0,1,1,1,7755,0,0.0316856780735,1,peripheral,1,none,0.03,0.1875,0.105410837985,0.0571174377224,0,1
100000004559194100,terminal,0.757939,3,0.5628792,"Колено 1; вход 282,145 KZT; исходящих связей 0, выход/вход=0.00. Получатель в видимой выборке.",1,False,1,0,282145,0,6,0,0.000314173561514,0,True,0,True,False,False,7,1,False,0,1,0,0,1,0.351663151925,0,47024.1666667,0,0.735169491525,1,terminal,1,none,0.15,0.1875,0.147710159775,0.0776690391459,0,1
100000004564736100,peripheral,0.5,30,0.43189794,"Колено 3; входящих связей 1, исходящих 0; вход 15,000 KZT. Пороги значимых ролей не достигнуты.",3,False,1,0,15000,0,2,0,0.000374787448454,0,True,0,True,False,False,7,0,False,0,1,0,0,1,0.666666666667,0.5,7500,0,0.103929024081,1,peripheral,0,none,0.03,0.1875,0.113174633106,0.101223309609,0,1
100000004569484100,coordinator,0.702131,14,0.74799283,Связывает 4 узлов сбора/рассылки; достижим от 7 seed; betweenness=0.00279. Гипотеза структурной координации.,3,False,2,4,98312,156000,3,4,0.000317630791871,0.00279340169916,True,1.58678492961,True,False,True,7,0,True,2,1,0,0,1,0.353896001762,0,32770.6666667,39000,0.73257287706,3,peripheral,4,unobserved_funding;directed_cycle,0.3,0.1875,0.146487785979,0.0806717081851,0.0333333333333,1
100000004569637100,peripheral,0.25,7,0.44684799,"4-е колено: исходящие не выгружены. Вход 1 плательщиков, 5,500 KZT. Роль за границей обхода не установлена.",4,False,1,0,5500,0,1,0,0.000549806974106,0,True,0,True,True,False,7,0,False,0,0,0,0,1,1,1,5500,0,0.0709459459459,1,peripheral,0,truncated_depth4,0.03,0.1875,0.101367558745,0.127980427046,0,1
100000004571634100,peripheral,0.25,1,0.44490306,"4-е колено: исходящие не выгружены. Вход 1 плательщиков, 20,000 KZT. Роль за границей обхода не установлена.",4,False,1,0,20000,0,1,0,0.000371999614035,0,True,0,True,True,False,8,0,False,0,0,0,0,1,1,0,20000,0,0.370495495495,1,peripheral,0,truncated_depth4,0.03,0.19812031259,0.116560329835,0.100222419929,0,1
100000004573782100,peripheral,0.5,9,0.27653762,"Колено 2; входящих связей 1, исходящих 0; вход 15,000 KZT. Пороги значимых ролей не достигнуты.",2,False,1,0,15000,0,1,0,0.000308176554571,0,True,0,True,False,False,1,0,False,0,0,0,0,1,1,0,15000,0,0.108225108225,1,peripheral,0,none,0.03,0.0625,0.113174633106,0.0708629893238,0,1
100000004580202100,peripheral,0.5,30,0.46182365,"Колено 2; входящих связей 1, исходящих 3; вход 9,000 KZT. Пороги значимых ролей не достигнуты.",2,False,1,3,9000,45000,1,4,0.000320294255853,5.94440554161e-05,True,5,True,False,True,7,0,False,0,1,0.555555555556,2,1,0.37037037037,0.4,9000,11250,0.401515151515,1,peripheral,0,unobserved_funding;fast_temporal_match,0.03,0.1875,0.128250100718,0.0827402135231,0.0333333333333,1
100000004580254100,peripheral,0.5,13,0.41146035,"Колено 3; входящих связей 2, исходящих 0; вход 27,940 KZT. Пороги значимых ролей не достигнуты.",3,False,2,0,27940,0,2,0,0.000310560060187,0,True,0,True,False,False,7,0,False,0,0,0,0,1,0.532211882606,0,13970,0,0.263624841572,2,peripheral,2,none,0.03,0.1875,0.120495046941,0.0734653024911,0,1
100000004584730100,peripheral,0.25,38,0.40830648,"4-е колено: исходящие не выгружены. Вход 1 плательщиков, 47,000 KZT. Роль за границей обхода не установлена.",4,False,1,0,47000,0,1,0,0.00030213645345,0,True,0,True,True,False,7,0,False,0,0,0,0,1,1,0,47000,0,0.578828828829,1,peripheral,0,truncated_depth4,0.03,0.1875,0.126616088604,0.0641903914591,0,1
100000004586598100,peripheral,0.25,22,0.50140266,"4-е колено: исходящие не выгружены. Вход 1 плательщиков, 761,255 KZT. Роль за границей обхода не установлена.",4,False,1,0,761255,0,4,0,0.000536053838208,0,True,0,True,True,False,7,0,False,0,1,0,0,1,0.474249758622,0,190313.75,0,0.968468468468,1,peripheral,0,truncated_depth4,0.03,0.1875,0.15939198315,0.124510676157,0,1
100000004587414100,terminal,1,5,0.56971185,"Колено 3; вход 533,603 KZT; исходящих связей 0, выход/вход=0.00. Получатель в видимой выборке.",3,False,2,0,533603,0,2,0,0.000313109957323,0,True,0,True,False,False,7,0,False,0,0,0,0,1,0.600071588803,0,266801.5,0,0.875792141952,2,terminal,2,none,0.15,0.1875,0.155210071774,0.0770017793594,0,1
100000004588479100,terminal,0.641814,3,0.54448859,"Колено 1; вход 177,633 KZT; исходящих связей 0, выход/вход=0.00. Получатель в видимой выборке.",1,False,1,0,177633,0,2,0,0.000303010540561,0,True,0,True,False,False,7,1,False,0,1,0,0,1,0.811183732752,0,88816.5,0,0.650423728814,1,terminal,1,none,0.15,0.1875,0.142264388908,0.0647241992883,0,1
100000004591973100,peripheral,0.5,12,0.47997181,"Колено 3; входящих связей 1, исходящих 1; вход 10,000 KZT. Пороги значимых ролей не достигнуты.",3,False,1,1,10000,100000,1,1,0.000396725383484,2.04091256929e-05,True,10,True,False,True,9,0,False,0,0,0,0,1,0.909090909091,0,10000,100000,0.557667934094,1,peripheral,0,unobserved_funding,0.03,0.20762050593,0.136623992001,0.105727313167,0,1
100000004592467100,peripheral,0.5,4,0.20237718,"Колено 2; входящих связей 1, исходящих 0; вход 7,000 KZT. Пороги значимых ролей не достигнуты.",2,False,1,0,7000,0,1,0,0.000285083140646,0,True,0,True,False,False,1,0,False,0,0,0,0,1,1,1,7000,0,0.025974025974,1,peripheral,1,none,0.03,0.0625,0.10420547279,0.00567170818505,0,1
100000004596284100,peripheral,0.25,3,0.47054936,"4-е колено: исходящие не выгружены. Вход 1 плательщиков, 30,000 KZT. Роль за границей обхода не установлена.",4,False,1,0,30000,0,1,0,0.000587801230455,0,True,0,True,True,False,7,0,False,0,0,0,0,1,1,0,30000,0,0.470720720721,1,peripheral,0,truncated_depth4,0.03,0.1875,0.121332281665,0.131717081851,0,1
100000004601193100,peripheral,0.25,1,0.49408831,"4-е колено: исходящие не выгружены. Вход 1 плательщиков, 84,000 KZT. Роль за границей обхода не установлена.",4,False,1,0,84000,0,3,0,0.000599632363897,0,True,0,True,True,False,8,0,False,0,1,0,0,1,0.535714285714,0,28000,0,0.691441441441,1,peripheral,0,truncated_depth4,0.03,0.19812031259,0.133450202215,0.132517793594,0,1
100000004603109100,terminal,1,12,0.60822533,"Колено 3; вход 2,730,000 KZT; исходящих связей 2, выход/вход=0.15. Получатель в видимой выборке.",3,False,3,2,2730000,400000,8,2,0.00336841561138,6.93513979855e-07,True,0.14652014652,True,False,False,2,0,True,1,1,0.03663003663,2,2,0.342651757188,0,341250,200000,0.992395437262,1,terminal,1,directed_cycle,0.15,0.0990601562951,0.176032016746,0.149799822064,0.0333333333333,1
100000004610802100,peripheral,0.25,1,0.47705607,"4-е колено: исходящие не выгружены. Вход 1 плательщиков, 241,000 KZT. Роль за границей обхода не установлена.",4,False,1,0,241000,0,18,0,0.000471160236165,0,True,0,True,True,False,7,0,False,0,1,0,0,1,0.228215767635,0.555555555556,13388.8888889,0,0.862612612613,1,peripheral,0,truncated_depth4,0.03,0.1875,0.145854998737,0.113701067616,0,1
100000004611571100,peripheral,0.5,1,0.34207852,"Колено 3; входящих связей 1, исходящих 0; вход 22,550 KZT. Пороги значимых ролей не достигнуты.",3,False,1,0,22550,0,1,0,0.000285298550283,0,True,0,True,False,False,7,0,False,0,0,0,0,1,1,0,22550,0,0.19391634981,1,peripheral,1,none,0.03,0.1875,0.117972643968,0.00660587188612,0,1
100000004613582100,peripheral,0.5,9,0.33338953,"Колено 3; входящих связей 1, исходящих 1; вход 5,000 KZT. Пороги значимых ролей не достигнуты.",3,False,1,1,5000,9500,1,1,0.000550091149074,3.96293702774e-07,True,1.9,True,False,True,1,0,False,0,0,0,0,1,0.655172413793,1,5000,9500,0.0975918884664,1,peripheral,0,unobserved_funding,0.03,0.0625,0.112775653641,0.128113879004,0,1
100000004616845100,peripheral,0.25,15,0.35226018,"4-е колено: исходящие не выгружены. Вход 1 плательщиков, 20,200 KZT. Роль за границей обхода не установлена.",4,False,1,0,20200,0,2,0,0.000287265000643,0,True,0,True,True,False,7,0,False,0,1,0,0,1,0.693069306931,0.5,10100,0,0.397522522523,1,peripheral,0,truncated_depth4,0.03,0.1875,0.116677435075,0.0180827402135,0,1
100000004622227100,peripheral,0.5,1,0.37007846,"Колено 1; входящих связей 1, исходящих 3; вход 24,931 KZT. Пороги значимых ролей не достигнуты.",1,False,1,3,24931,19000,1,3,0.000288679258443,4.78418274408e-05,True,0.762103405399,True,False,False,7,1,False,0,0,0,0,1,0.567503585168,0.75,24931,6333.33333333,0.33686440678,2,peripheral,3,none,0.03,0.1875,0.125821338197,0.0267571174377,0,1
100000004629688100,peripheral,0.5,3,0.47041857,"Колено 3; входящих связей 1, исходящих 1; вход 5,000 KZT. Пороги значимых ролей не достигнуты.",3,False,1,1,5000,15000,1,2,0.000385424603631,0,True,3,True,False,True,7,0,True,1,1,0,0,1,0.5,0.666666666667,5000,7500,0.17237008872,1,peripheral,0,unobserved_funding;directed_cycle,0.03,0.1875,0.116560329835,0.103024911032,0.0333333333333,1
100000004634420100,peripheral,0.5,6,0.23570336,"Колено 3; входящих связей 1, исходящих 0; вход 26,150 KZT. Пороги значимых ролей не достигнуты.",3,False,1,0,26150,0,1,0,0.000288088929158,0,True,0,True,False,False,1,0,False,0,0,0,0,1,1,0,26150,0,0.245247148289,1,peripheral,1,none,0.03,0.0625,0.119715810947,0.023487544484,0,1
100000004635886100,peripheral,0.5,3,0.37240448,"Колено 3; входящих связей 1, исходящих 0; вход 23,000 KZT. Пороги значимых ролей не достигнуты.",3,False,1,0,23000,0,1,0,0.000290880972237,0,True,0,True,False,False,7,0,False,0,0,0,0,1,1,0,23000,0,0.200253485425,1,peripheral,1,none,0.03,0.1875,0.118205190358,0.0366992882562,0,1
100000004644615100,peripheral,0.5,10,0.34560501,"Колено 3; входящих связей 1, исходящих 2; вход 50,810 KZT. Пороги значимых ролей не достигнуты.",3,False,1,2,50810,379665,1,14,0.00037224891833,1.18888110832e-06,True,7.47224955717,True,False,True,1,0,False,0,1,0,0,1,0.196294790638,0.133333333333,50810,27118.9285714,0.833967046895,1,peripheral,0,unobserved_funding,0.03,0.0625,0.152682411521,0.100422597865,0,1
100000004652395100,peripheral,0.25,1,0.47532633,"4-е колено: исходящие не выгружены. Вход 3 плательщиков, 101,528 KZT. Роль за границей обхода не установлена.",4,False,3,0,101528,0,5,0,0.000333836375697,0,True,0,True,True,False,7,0,False,0,2,0,0,3,1,0.2,20305.6,0,0.740990990991,1,peripheral,3,truncated_depth4;sync_inflow,0.03,0.1875,0.135680720387,0.0888122775801,0.0333333333333,1
100000004655046100,peripheral,0.25,14,0.48510772,"4-е колено: исходящие не выгружены. Вход 1 плательщиков, 24,000 KZT. Роль за границей обхода не установлена.",4,False,1,0,24000,0,1,0,0.00055415141617,0,True,0,True,True,False,9,0,False,0,0,0,0,1,1,0,24000,0,0.421171171171,1,peripheral,0,truncated_depth4,0.03,0.20762050593,0.118706077189,0.12878113879,0,1
100000004657034100,terminal,0.601389,5,0.50329027,"Колено 3; вход 141,250 KZT; исходящих связей 0, выход/вход=0.00. Получатель в видимой выборке.",3,False,1,0,141250,0,1,0,0.000288577277411,0,True,0,True,False,False,7,0,False,0,0,0,0,1,1,0,141250,0,0.608365019011,1,terminal,1,none,0.15,0.1875,0.1395669599,0.0262233096085,0,1
100000004659919100,peripheral,0.5,4,0.52393234,"Колено 3; входящих связей 1, исходящих 1; вход 110,000 KZT. Пороги значимых ролей не достигнуты.",3,False,1,1,110000,39000,2,1,0.000720223030024,2.41739158692e-05,True,0.354545454545,True,False,False,10,0,False,0,1,0,0,1,0.671140939597,0,55000,39000,0.619771863118,1,peripheral,0,none,0.03,0.216214476165,0.140195626131,0.137522241993,0,1
100000004662806100,peripheral,0.5,12,0.46861356,"Колено 1; входящих связей 2, исходящих 2; вход 106,585 KZT. Пороги значимых ролей не достигнуты.",1,False,2,2,106585,59900,2,3,0.000303785144744,3.88367828719e-05,True,0.561992775719,True,False,False,8,1,False,0,1,0.552657503401,1.84712672948,1,0.586118869568,0.2,53292.5,19966.6666667,0.635593220339,2,peripheral,2,fast_temporal_match,0.03,0.19812031259,0.141501555941,0.0656583629893,0.0333333333333,1
100000004664515100,peripheral,0.5,1,0.37881812,"Колено 1; входящих связей 1, исходящих 0; вход 37,691 KZT. Пороги значимых ролей не достигнуты.",1,False,1,0,37691,0,1,0,0.000291055020265,0,True,0,True,False,False,7,1,False,0,0,0,0,1,1,0,37691,0,0.292372881356,1,peripheral,1,none,0.03,0.1875,0.124018298336,0.0372998220641,0,1
100000004664905100,terminal,0.810022,3,0.59451466,"Колено 1; вход 329,020 KZT; исходящих связей 0, выход/вход=0.00. Получатель в видимой выборке.",1,False,2,0,329020,0,4,0,0.000409394683004,0,True,0,True,False,False,7,1,False,0,1,0,0,1,0.35569266306,0,82255,0,0.760593220339,1,terminal,1,none,0.15,0.1875,0.149519105574,0.107495551601,0,1
100000004666651100,terminal,0.921389,4,0.63096299,"Колено 2; вход 429,250 KZT; исходящих связей 0, выход/вход=0.00. Получатель в видимой выборке.",2,False,1,0,429250,0,1,0,0.00045486572733,0,True,0,True,False,False,10,0,False,0,0,0,0,1,1,0,429250,0,0.800865800866,1,terminal,0,none,0.15,0.216214476165,0.152648871276,0.112099644128,0,1
100000004670388100,peripheral,0.5,1,0.52950726,"Колено 3; входящих связей 1, исходящих 2; вход 160,354 KZT. Пороги значимых ролей не достигнуты.",3,False,1,2,160354,720000,1,4,0.000510666143771,1.96165382873e-05,True,4.49006572957,True,False,True,7,0,True,1,2,0,0,1,0.613791724693,0,160354,180000,0.931558935361,1,peripheral,0,unobserved_funding;directed_cycle,0.03,0.1875,0.161102754574,0.117571174377,0.0333333333333,1
100000004671609100,terminal,0.555556,2,0.55064054,"Колено 3; вход 100,000 KZT; исходящих связей 0, выход/вход=0.00. Получатель в видимой выборке.",3,False,1,0,100000,0,1,0,0.000298611023081,0,True,0,True,False,False,9,0,False,0,0,0,0,1,1,0,100000,0,0.53865652725,1,terminal,1,none,0.15,0.20762050593,0.135502243335,0.0575177935943,0,1
100000004673335100,peripheral,0.25,29,0.46614554,"4-е колено: исходящие не выгружены. Вход 1 плательщиков, 80,000 KZT. Роль за границей обхода не установлена.",4,False,1,0,80000,0,1,0,0.000490432832099,0,True,0,True,True,False,7,0,False,0,0,0,0,1,1,0,80000,0,0.686936936937,1,peripheral,0,truncated_depth4,0.03,0.1875,0.132875970207,0.115769572954,0,1
100000004674178100,peripheral,0.25,26,0.39631567,"4-е колено: исходящие не выгружены. Вход 1 плательщиков, 20,000 KZT. Роль за границей обхода не установлена.",4,False,1,0,20000,0,1,0,0.000301097222741,0,True,0,True,True,False,7,0,False,0,0,0,0,1,1,0,20000,0,0.370495495495,1,peripheral,0,truncated_depth4,0.03,0.1875,0.116560329835,0.0622553380783,0,1
100000004674389100,peripheral,0.25,1,0.43584566,"4-е колено: исходящие не выгружены. Вход 1 плательщиков, 15,000 KZT. Роль за границей обхода не установлена.",4,False,1,0,15000,0,1,0,0.000350009060443,0,True,0,True,True,False,8,0,False,0,0,0,0,1,1,0,15000,0,0.287162162162,1,peripheral,0,truncated_depth4,0.03,0.19812031259,0.113174633106,0.0945507117438,0,1
100000004674412100,peripheral,0.25,1,0.46978578,"4-е колено: исходящие не выгружены. Вход 1 плательщиков, 46,000 KZT. Роль за границей обхода не установлена.",4,False,1,0,46000,0,1,0,0.000486350492712,0,True,0,True,True,False,8,0,False,0,0,0,0,1,1,0,46000,0,0.573198198198,1,peripheral,0,truncated_depth4,0.03,0.19812031259,0.126362975365,0.115302491103,0,1
100000004674799100,terminal,0.6,1,0.61588583,"Колено 2; вход 140,000 KZT; исходящих связей 0, выход/вход=0.00. Получатель в видимой выборке.",2,False,1,0,140000,0,5,0,0.000783516287674,0,True,0,True,False,False,7,0,False,0,1,0,0,1,0.642857142857,0,28000,0,0.593073593074,1,terminal,1,none,0.15,0.1875,0.139462341598,0.138923487544,0,1
100000004676985100,peripheral,0.5,1,0.35587232,"Колено 3; входящих связей 1, исходящих 1; вход 32,260 KZT. Пороги значимых ролей не достигнуты.",3,False,1,1,32260,27102,1,1,0.000285841600061,1.92202445845e-05,True,0.840111593304,True,False,False,7,0,False,0,0,0,0,1,0.543445301708,0,32260,27102,0.443599493029,1,peripheral,1,none,0.03,0.1875,0.129364308635,0.00900800711744,0,1
100000004677680100,peripheral,0.5,16,0.55033744,"Колено 1; входящих связей 2, исходящих 1; вход 63,000 KZT. Пороги значимых ролей не достигнуты.",1,False,2,1,63000,168000,2,3,0.00108807312434,4.12145450885e-05,True,2.66666666667,True,False,True,8,1,True,1,1,0.285714285714,1,1,0.662337662338,0,31500,56000,0.707627118644,1,peripheral,1,unobserved_funding;directed_cycle,0.03,0.19812031259,0.145356215827,0.143527580071,0.0333333333333,1
100000004679953100,terminal,0.826153,7,0.61025296,"Колено 1; вход 343,538 KZT; исходящих связей 3, выход/вход=0.10. Получатель в видимой выборке.",1,False,3,3,343538,34100,3,3,0.00033235961736,0.00035421582992,True,0.0992612170997,True,False,False,7,1,True,0,0,0.0620018746107,1.24882629108,2,0.803772395786,0.166666666667,114512.666667,11366.6666667,0.783898305085,4,terminal,5,directed_cycle,0.15,0.1875,0.151141153307,0.0882784697509,0.0333333333333,1
100000004687099100,peripheral,0.5,9,0.30204403,"Колено 2; входящих связей 1, исходящих 0; вход 30,000 KZT. Пороги значимых ролей не достигнуты.",2,False,1,0,30000,0,1,0,0.000332315709474,0,True,0,True,False,False,1,0,False,0,0,0,0,1,1,0,30000,0,0.266233766234,1,peripheral,0,none,0.03,0.0625,0.121332281665,0.0882117437722,0,1
100000004687282100,peripheral,0.5,3,0.42153809,"Колено 2; входящих связей 1, исходящих 0; вход 20,000 KZT. Пороги значимых ролей не достигнуты.",2,False,1,0,20000,0,1,0,0.00033039148242,0,True,0,True,False,False,7,0,False,0,0,0,0,1,1,0,20000,0,0.154761904762,1,peripheral,0,none,0.03,0.1875,0.116560329835,0.0874777580071,0,1
100000004689658100,terminal,0.951222,18,0.59373584,"Колено 3; вход 456,100 KZT; исходящих связей 1, выход/вход=0.02. Получатель в видимой выборке.",3,False,1,1,456100,7092,1,1,0.000384006869996,1.92202445845e-05,True,0.0155492216619,True,False,False,7,0,False,0,0,0,0,1,0.98468885473,0.5,456100,7092,0.847908745247,1,terminal,1,none,0.15,0.1875,0.153544558536,0.102691281139,0,1
100000004691350100,peripheral,0.25,1,0.47051791,"4-е колено: исходящие не выгружены. Вход 1 плательщиков, 13,300 KZT. Роль за границей обхода не установлена.",4,False,1,0,13300,0,1,0,0.00088045555847,0,True,0,True,True,False,7,0,False,0,0,0,0,1,1,0,13300,0,0.248873873874,1,peripheral,0,truncated_depth4,0.03,0.1875,0.111759017532,0.141258896797,0,1
100000004692798100,terminal,0.71145,12,0.5400983,"Колено 1; вход 240,305 KZT; исходящих связей 1, выход/вход=0.06. Получатель в видимой выборке.",1,False,2,1,240305,15000,4,2,0.00200663871288,1.98146851387e-07,True,0.0624206737271,True,False,False,1,1,True,1,2,0,0,1,0.745402557725,0.5,60076.25,7500,0.724576271186,1,terminal,1,directed_cycle,0.15,0.0625,0.146533652373,0.147731316726,0.0333333333333,1
100000004697956100,peripheral,0.5,21,0.3554942,"Колено 3; входящих связей 1, исходящих 1; вход 10,000 KZT. Пороги значимых ролей не достигнуты.",3,False,1,1,10000,10000,1,1,0.000465609865614,0,True,1,True,False,False,1,0,True,1,0,0,0,1,0.5,0,10000,10000,0.17237008872,1,peripheral,0,directed_cycle,0.03,0.0625,0.116560329835,0.113100533808,0.0333333333333,1
100000004698193100,terminal,0.691889,21,0.53240403,"Колено 2; вход 222,700 KZT; исходящих связей 3, выход/вход=0.17. Получатель в видимой выборке.",2,False,2,3,222700,38000,15,5,0.000818907451342,1.5851748111e-06,True,0.170633138752,True,False,False,1,0,True,1,2,0.0538841490795,1.5,1,0.268507863445,0.3,14846.6666667,7600,0.731601731602,1,terminal,1,directed_cycle,0.15,0.0625,0.146779769644,0.139790925267,0.0333333333333,1
100000004707703100,transit,0.812422,3,0.65562617,"Вход 239,300 KZT; выход/вход=0.97; сопоставлено за 1–2 дня 41%. Признаки транзита.",1,False,2,5,239300,231650,3,6,0.000631642484984,0.00010710478507,True,0.968031759298,True,False,False,7,1,False,0,2,0.409527789386,1.23469387755,1,0.441660473511,0.111111111111,79766.6666667,38608.3333333,0.828389830508,1,transit,1,none,0.18,0.1875,0.153740053845,0.134386120996,0,1
100000004713684100,peripheral,0.5,1,0.35206794,"Колено 3; входящих связей 1, исходящих 0; вход 37,500 KZT. Пороги значимых ролей не достигнуты.",3,False,1,0,37500,0,1,0,0.000286134656789,0,True,0,True,False,False,7,0,False,0,0,0,0,1,1,0,37500,0,0.33206590621,1,peripheral,1,none,0.03,0.1875,0.123958505755,0.010609430605,0,1
100000004714705100,peripheral,0.5,23,0.09305467,"Колено 0; входящих связей 0, исходящих 1; вход 0 KZT. Пороги значимых ролей не достигнуты.",0,True,0,1,0,36550,0,1,0.000284037399667,0,False,0,False,False,True,0,0,False,0,0,0,0,0,1,0,0,36550,0.358024691358,1,peripheral,0,seed;unobserved_funding,0.03,0,0.123656509853,0.00143460854093,0,0.6
100000004715209100,peripheral,0.5,31,0.44453733,"Колено 3; входящих связей 1, исходящих 5; вход 5,000 KZT. Пороги значимых ролей не достигнуты.",3,False,1,5,5000,350450,1,17,0.000285998720244,7.76735657437e-05,True,70.09,True,False,True,7,0,True,1,2,1,2,1,0.413560275707,0.611111111111,5000,20614.7058824,0.803548795944,1,peripheral,0,unobserved_funding;fast_temporal_match;directed_cycle,0.03,0.1875,0.150428490757,0.00994217081851,0.0666666666667,1
100000004717647100,peripheral,0.5,38,0.56726737,"Колено 3; входящих связей 1, исходящих 5; вход 300,000 KZT. Пороги значимых ролей не достигнуты.",3,False,1,5,300000,2240000,2,10,0.00101481538743,7.76735657437e-05,True,7.46666666667,True,False,True,7,0,True,1,2,0.156666666667,1,1,0.472440944882,0,150000,224000,0.986058301648,1,peripheral,0,unobserved_funding;directed_cycle,0.03,0.1875,0.173573721229,0.142860320285,0.0333333333333,1
100000004722630100,peripheral,0.25,1,0.48310831,"4-е колено: исходящие не выгружены. Вход 1 плательщиков, 340,000 KZT. Роль за границей обхода не установлена.",4,False,1,0,340000,0,2,0,0.000489013134878,0,True,0,True,True,False,7,0,False,0,1,0,0,1,0.558823529412,0,170000,0,0.908783783784,1,peripheral,0,truncated_depth4,0.03,0.1875,0.149905464855,0.115702846975,0,1
100000004722765100,peripheral,0.5,1,0.52207151,"Колено 3; входящих связей 1, исходящих 3; вход 230,000 KZT. Пороги значимых ролей не достигнуты.",3,False,1,3,230000,2284500,1,9,0.000578004413584,5.82551743078e-05,True,9.93260869565,True,False,True,7,0,False,0,1,0.0434782608696,1,1,0.391330284351,0,230000,253833.333333,0.984790874525,1,peripheral,1,unobserved_funding,0.03,0.1875,0.173454965135,0.131116548043,0,1
100000004723755100,peripheral,0.5,4,0.09979989,"Колено 0; входящих связей 0, исходящих 1; вход 0 KZT. Пороги значимых ролей не достигнуты.",0,True,0,1,0,95000,0,5,0.000284037399667,0,False,0,False,False,True,0,0,False,0,1,0,0,0,0.526315789474,0.2,0,19000,0.530864197531,1,peripheral,1,seed;unobserved_funding,0.03,0,0.134898549763,0.00143460854093,0,0.6
100000004726132100,terminal,0.832222,11,0.5665651,"Колено 3; вход 349,000 KZT; исходящих связей 1, выход/вход=0.07. Получатель в видимой выборке.",3,False,1,1,349000,24000,1,2,0.000314752069863,1.92202445845e-05,True,0.0687679083095,True,False,False,7,0,False,0,1,0,0,1,0.935656836461,0.333333333333,349000,12000,0.809885931559,1,terminal,1,none,0.15,0.1875,0.150995709586,0.0780693950178,0,1
100000004732589100,terminal,0.697244,10,0.46217044,"Колено 2; вход 227,520 KZT; исходящих связей 0, выход/вход=0.00. Получатель в видимой выборке.",2,False,1,0,227520,0,1,0,0.0003916574967,0,True,0,True,False,False,1,0,False,0,0,0,0,1,1,0,227520,0,0.705627705628,1,terminal,1,none,0.15,0.0625,0.145177559741,0.104492882562,0,1
100000004737477100,peripheral,0.5,1,0.3879405,"Колено 1; входящих связей 2, исходящих 1; вход 49,598 KZT. Пороги значимых ролей не достигнуты.",1,False,2,1,49598,40500,3,3,0.000290735644314,1.92202445845e-05,True,0.81656518408,True,False,False,7,1,False,0,2,0.302431549659,1,1,0.334380341406,0.166666666667,16532.6666667,13500,0.531779661017,1,peripheral,2,none,0.03,0.1875,0.1342750176,0.036165480427,0,1
100000004737764100,terminal,1,4,0.63001119,"Колено 3; вход 600,000 KZT; исходящих связей 0, выход/вход=0.00. Получатель в видимой выборке.",3,False,1,0,600000,0,1,0,0.000672167024294,0,True,0,True,False,False,7,0,False,0,0,0,0,1,1,0,600000,0,0.889733840304,1,terminal,0,none,0.15,0.1875,0.156590374956,0.135920818505,0,1
100000004739664100,peripheral,0.5,8,0.22265979,"Колено 1; входящих связей 1, исходящих 1; вход 12,000 KZT. Пороги значимых ролей не достигнуты.",1,False,1,1,12000,10000,1,1,0.00028653709671,1.38702795971e-06,True,0.833333333333,True,False,False,1,1,False,0,0,0,0,1,0.545454545455,0,12000,10000,0.164194915254,1,peripheral,1,none,0.03,0.0625,0.117682035704,0.0124777580071,0,1
100000004741837100,peripheral,0.5,3,0.35144334,"Колено 1; входящих связей 1, исходящих 0; вход 25,596 KZT. Пороги значимых ролей не достигнуты.",1,False,1,0,25596,0,1,0,0.000286771331506,0,True,0,True,False,False,7,1,False,0,0,0,0,1,1,0,25596,0,0.203389830508,1,peripheral,1,none,0.03,0.1875,0.1194637978,0.0144795373665,0,1
100000004744306100,peripheral,0.5,23,0.48159413,"Колено 1; входящих связей 1, исходящих 2; вход 69,000 KZT. Пороги значимых ролей не достигнуты.",1,False,1,2,69000,92000,1,3,0.000458011851508,3.92330765746e-05,True,1.33333333333,True,False,True,8,1,False,0,1,0,0,1,0.428571428571,0,69000,30666.6666667,0.631355932203,1,peripheral,0,unobserved_funding,0.03,0.19812031259,0.141107267911,0.112366548043,0,1
100000004746397100,terminal,0.688356,5,0.55361845,"Колено 3; вход 219,520 KZT; исходящих связей 1, выход/вход=0.03. Получатель в видимой выборке.",3,False,1,1,219520,7500,1,1,0.000291092932145,0.000667769934515,True,0.034165451895,True,False,False,7,0,True,0,0,0,0,1,0.966963263149,0.5,219520,7500,0.702154626109,2,terminal,2,directed_cycle,0.15,0.1875,0.145151666491,0.0376334519573,0.0333333333333,1
100000004747154100,peripheral,0.25,31,0.43583334,"4-е колено: исходящие не выгружены. Вход 1 плательщиков, 67,000 KZT. Роль за границей обхода не установлена.",4,False,1,0,67000,0,1,0,0.000330513725538,0,True,0,True,True,False,7,0,False,0,0,0,0,1,1,0,67000,0,0.655405405405,1,peripheral,0,truncated_depth4,0.03,0.1875,0.130788854517,0.0875444839858,0,1
100000004750321100,terminal,0.500206,14,0.53868672,"Колено 3; вход 50,185 KZT; исходящих связей 0, выход/вход=0.00. Получатель в видимой выборке.",3,False,2,0,50185,0,2,0,0.000310805758337,0,True,0,True,False,False,7,0,False,0,0,0,0,1,0.890604762379,0.5,25092.5,0,0.405576679341,2,terminal,2,none,0.15,0.1875,0.127387786329,0.0737989323843,0,1
100000004750897100,peripheral,0.5,3,0.44127209,"Колено 3; входящих связей 1, исходящих 0; вход 10,000 KZT. Пороги значимых ролей не достигнуты.",3,False,1,0,10000,0,1,0,0.000486811807595,0,True,0,True,False,False,7,0,False,0,0,0,0,1,1,0,10000,0,0.0551330798479,1,peripheral,0,none,0.03,0.1875,0.10840287741,0.115369217082,0,1
100000004756901100,terminal,0.61472,19,0.55002381,"Колено 2; вход 153,248 KZT; исходящих связей 0, выход/вход=0.00. Получатель в видимой выборке.",2,False,1,0,153248,0,1,0,0.000309247048299,0,True,0,True,False,False,7,0,False,0,0,0,0,1,1,0,153248,0,0.621212121212,1,terminal,1,none,0.15,0.1875,0.140526480754,0.0719973309609,0,1
100000004759121100,consolidator,0.55,11,0.79948828,"Вход от 6 плательщиков (seed: 1); 710,000 KZT; исходящих связей 2. Признаки консолидации.",1,False,6,2,710000,312000,10,6,0.00141775962995,7.70791251896e-05,True,0.439436619718,True,False,False,7,1,True,1,3,0.147887323944,1,1,0.215264187867,0.0625,71000,52000,0.923728813559,4,consolidator,5,directed_cycle,0.27,0.1875,0.162858685579,0.145796263345,0.0333333333333,1
100000004765639100,peripheral,0.5,19,0.46225416,"Колено 2; входящих связей 1, исходящих 2; вход 5,000 KZT. Пороги значимых ролей не достигнуты.",2,False,1,2,5000,11000,1,2,0.000359595594053,0,True,2.2,True,False,True,7,0,True,1,0,0,0,1,0.6875,1,5000,5500,0.121212121212,1,peripheral,0,unobserved_funding;directed_cycle,0.03,0.1875,0.113934174394,0.0974866548043,0.0333333333333,1
100000004770073100,peripheral,0.5,1,0.33795851,"Колено 3; входящих связей 1, исходящих 1; вход 5,462 KZT. Пороги значимых ролей не достигнуты.",3,False,1,1,5462.4,5466.97,1,1,0.000286257226586,1.92202445845e-05,True,1.00083662859,True,False,False,7,0,False,0,0,0,0,1,1,1,5462.4,5466.97,0.0697084917617,1,peripheral,1,none,0.03,0.1875,0.109448721734,0.0110097864769,0,1
100000004777215100,peripheral,0.25,19,0.4596903,"4-е колено: исходящие не выгружены. Вход 1 плательщиков, 60,000 KZT. Роль за границей обхода не установлена.",4,False,1,0,60000,0,1,0,0.000462334937374,0,True,0,True,True,False,7,0,False,0,0,0,0,1,1,0,60000,0,0.638513513514,1,peripheral,0,truncated_depth4,0.03,0.1875,0.129490126369,0.112700177936,0,1
100000004779204100,peripheral,0.5,1,0.35355742,"Колено 3; входящих связей 1, исходящих 1; вход 30,450 KZT. Пороги значимых ролей не достигнуты.",3,False,1,1,30450,20000,1,2,0.00028574037245,1.92202445845e-05,True,0.656814449918,True,False,False,7,0,False,0,1,0,0,1,0.8017839445,0,30450,10000,0.406844106464,1,peripheral,1,none,0.03,0.1875,0.12744977033,0.00860765124555,0,1
100000004780083100,peripheral,0.25,1,0.36593729,"4-е колено: исходящие не выгружены. Вход 1 плательщиков, 9,999 KZT. Роль за границей обхода не установлена.",4,False,1,0,9999,0,1,0,0.000291801056274,0,True,0,True,True,False,7,0,False,0,0,0,0,1,1,1,9999,0,0.153153153153,1,peripheral,0,truncated_depth4,0.03,0.1875,0.108401700512,0.0400355871886,0,1
100000004780327100,peripheral,0.25,10,0.23761258,"4-е колено: исходящие не выгружены. Вход 1 плательщиков, 12,000 KZT. Роль за границей обхода не установлена.",4,False,1,0,12000,0,1,0,0.000290416852344,0,True,0,True,True,False,1,0,False,0,0,0,0,1,1,0,12000,0,0.225225225225,1,peripheral,1,truncated_depth4,0.03,0.0625,0.110548526699,0.0345640569395,0,1
100000004783447100,peripheral,0.5,8,0.24286552,"Колено 1; входящих связей 1, исходящих 0; вход 26,200 KZT. Пороги значимых ролей не достигнуты.",1,False,1,0,26200,0,1,0,0.000289495071545,0,True,0,True,False,False,1,1,False,0,0,0,0,1,1,0,26200,0,0.213983050847,1,peripheral,1,none,0.03,0.0625,0.11973829255,0.0306272241993,0,1
100000004784224100,peripheral,0.5,12,0.29547754,"Колено 1; входящих связей 1, исходящих 1; вход 23,500 KZT. Пороги значимых ролей не достигнуты.",1,False,1,1,23500,100000,2,1,0.000303140589919,1.98146851387e-07,True,4.25531914894,True,False,True,1,1,False,0,1,0,0,1,0.80971659919,0.333333333333,11750,100000,0.588983050847,1,peripheral,0,unobserved_funding,0.03,0.0625,0.137986434461,0.0649911032028,0,1
100000004788983100,peripheral,0.25,7,0.43721416,"4-е колено: исходящие не выгружены. Вход 1 плательщиков, 27,000 KZT. Роль за границей обхода не установлена.",4,False,1,0,27000,0,1,0,0.000367376431073,0,True,0,True,True,False,7,0,False,0,0,0,0,1,1,0,27000,0,0.449324324324,1,peripheral,0,truncated_depth4,0.03,0.1875,0.120092277808,0.099621886121,0,1
100000004790991100,terminal,0.710459,3,0.5556082,"Колено 1; вход 239,413 KZT; исходящих связей 0, выход/вход=0.00. Получатель в видимой выборке.",1,False,1,0,239413,0,4,0,0.000309609318065,0,True,0,True,False,False,7,1,False,0,1,0,0,1,0.481176878449,0,59853.25,0,0.718220338983,1,terminal,1,none,0.15,0.1875,0.145777239434,0.0723309608541,0,1
100000004791226100,peripheral,0.25,1,0.45930499,"4-е колено: исходящие не выгружены. Вход 1 плательщиков, 20,000 KZT. Роль за границей обхода не установлена.",4,False,1,0,20000,0,1,0,0.000538256885417,0,True,0,True,True,False,7,0,False,0,0,0,0,1,1,0,20000,0,0.370495495495,1,peripheral,0,truncated_depth4,0.03,0.1875,0.116560329835,0.125244661922,0,1
100000004792397100,terminal,0.526133,8,0.40376794,"Колено 1; вход 73,520 KZT; исходящих связей 0, выход/вход=0.00. Получатель в видимой выборке.",1,False,1,0,73520,0,1,0,0.000299352210218,0,True,0,True,False,False,1,1,False,0,0,0,0,1,1,0,73520,0,0.472457627119,1,terminal,1,none,0.15,0.0625,0.131881817937,0.0593861209964,0,1
100000004797167100,peripheral,0.25,18,0.34166481,"4-е колено: исходящие не выгружены. Вход 1 плательщиков, 31,000 KZT. Роль за границей обхода не установлена.",4,False,1,0,31000,0,1,0,0.000548311155962,0,True,0,True,True,False,1,0,False,0,0,0,0,1,1,0,31000,0,0.486486486486,1,peripheral,0,truncated_depth4,0.03,0.0625,0.121718190964,0.127446619217,0,1
100000004798515100,peripheral,0.25,12,0.45931414,"4-е колено: исходящие не выгружены. Вход 1 плательщиков, 200,000 KZT. Роль за границей обхода не установлена.",4,False,1,0,200000,0,2,0,0.000361781636229,0,True,0,True,True,False,7,0,False,0,1,0,0,1,0.5,0,100000,0,0.841216216216,1,peripheral,0,truncated_depth4,0.03,0.1875,0.143660225347,0.0981539145907,0,1
100000004800452100,peripheral,0.25,18,0.45376515,"4-е колено: исходящие не выгружены. Вход 1 плательщиков, 6,545 KZT. Роль за границей обхода не установлена.",4,False,1,0,6544.53,0,1,0,0.000604106129256,0,True,0,True,True,False,7,0,False,0,0,0,0,1,1,1,6544.53,0,0.0990990990991,1,peripheral,0,truncated_depth4,0.03,0.1875,0.103413726825,0.132851423488,0,1
100000004800648100,peripheral,0.25,12,0.44532622,"4-е колено: исходящие не выгружены. Вход 1 плательщиков, 131,000 KZT. Роль за границей обхода не установлена.",4,False,1,0,131000,0,1,0,0.000334959874615,0,True,0,True,True,False,7,0,False,0,0,0,0,1,1,0,131000,0,0.779279279279,1,peripheral,0,truncated_depth4,0.03,0.1875,0.138680317452,0.0891459074733,0,1
100000004806903100,peripheral,0.5,5,0.48377682,"Колено 2; входящих связей 1, исходящих 0; вход 18,000 KZT. Пороги значимых ролей не достигнуты.",2,False,1,0,18000,0,1,0,0.00053037279088,0,True,0,True,False,False,10,0,False,0,0,0,0,1,1,0,18000,0,0.138528138528,1,peripheral,0,none,0.03,0.216214476165,0.115320347771,0.122241992883,0,1
100000004813068100,peripheral,0.5,12,0.1078492,"Колено 0; входящих связей 0, исходящих 3; вход 0 KZT. Пороги значимых ролей не достигнуты.",0,True,0,3,0,297000,0,5,0.000284037399667,0,False,0,False,False,True,0,0,False,0,2,0,0,0,0.8367003367,0.4,0,59400,0.666666666667,1,peripheral,0,seed;unobserved_funding,0.03,0,0.148314066027,0.00143460854093,0,0.6
100000004816564100,terminal,0.761644,3,0.58644249,"Колено 2; вход 285,480 KZT; исходящих связей 1, выход/вход=0.02. Получатель в видимой выборке.",2,False,1,1,285480,5000,1,1,0.000374159265565,1.92202445845e-05,True,0.0175143617767,True,False,False,7,0,False,0,0,0.0175143617767,1,1,0.982787110989,0.5,285480,5000,0.742424242424,1,terminal,1,none,0.15,0.1875,0.148052813035,0.100889679715,0,1
100000004820260100,transit,0.748826,3,0.69968886,"Вход 234,200 KZT; выход/вход=0.92; сопоставлено за 1–2 дня 40%. Признаки транзита.",2,False,1,3,234200,215350,12,10,0.00140026408825,1.96165382873e-05,True,0.91951323655,True,False,False,7,0,True,1,3,0.397736976943,1.77724100913,1,0.278055833611,0.272727272727,19516.6666667,21535,0.805194805195,1,transit,0,directed_cycle,0.18,0.1875,0.15319271319,0.145662811388,0.0333333333333,1
100000004825069100,peripheral,0.5,20,0.26120773,"Колено 2; входящих связей 1, исходящих 0; вход 30,000 KZT. Пороги значимых ролей не достигнуты.",2,False,1,0,30000,0,4,0,0.000294149599823,0,True,0,True,False,False,1,0,False,0,1,0,0,1,0.433333333333,0.75,7500,0,0.266233766234,1,peripheral,1,none,0.03,0.0625,0.121332281665,0.0473754448399,0,1
100000004840086100,peripheral,0.25,11,0.47744619,"4-е колено: исходящие не выгружены. Вход 1 плательщиков, 100,000 KZT. Роль за границей обхода не установлена.",4,False,1,0,100000,0,2,0,0.00053594211998,0,True,0,True,True,False,7,0,False,0,1,0,0,1,1,0,50000,0,0.728603603604,1,peripheral,0,truncated_depth4,0.03,0.1875,0.135502243335,0.124443950178,0,1
100000004841728100,terminal,0.502453,8,0.3896634,"Колено 1; вход 52,208 KZT; исходящих связей 0, выход/вход=0.00. Получатель в видимой выборке.",1,False,1,0,52208,0,1,0,0.000294912748269,0,True,0,True,False,False,1,1,False,0,0,0,0,1,1,0,52208,0,0.391949152542,1,terminal,1,none,0.15,0.0625,0.127852905306,0.0493104982206,0,1
100000004847758100,distributor,0.583333,17,0.71562561,"Переводы 15 получателям; 23 операций; 488,800 KZT. Признаки веерного распределения.",1,False,4,15,115171,488800,4,23,0.000303066345408,0.00135858910069,True,4.24412395482,True,False,True,7,1,True,1,6,0.515641958479,1.34707932713,1,0.139410667068,0.037037037037,28792.75,21252.173913,0.870762711864,6,distributor,10,unobserved_funding;fast_temporal_match;directed_cycle,0.24,0.1875,0.156668013096,0.0647909252669,0.0666666666667,1
100000004848236100,peripheral,0.25,7,0.39204585,"4-е колено: исходящие не выгружены. Вход 1 плательщиков, 7,500 KZT. Роль за границей обхода не установлена.",4,False,1,0,7500,0,1,0,0.000307187130613,0,True,0,True,True,False,7,0,False,0,0,0,0,1,1,1,7500,0,0.121621621622,1,peripheral,0,truncated_depth4,0.03,0.1875,0.105017376806,0.0695284697509,0,1
100000004850609100,peripheral,0.25,13,0.40036907,"4-е колено: исходящие не выгружены. Вход 1 плательщиков, 10,000 KZT. Роль за границей обхода не установлена.",4,False,1,0,10000,0,1,0,0.000311316643128,0,True,0,True,True,False,7,0,False,0,0,0,0,1,1,0,10000,0,0.184684684685,1,peripheral,0,truncated_depth4,0.03,0.1875,0.10840287741,0.0744661921708,0,1
100000004856746100,peripheral,0.25,24,0.39111104,"4-е колено: исходящие не выгружены. Вход 1 плательщиков, 20,000 KZT. Роль за границей обхода не установлена.",4,False,1,0,20000,0,1,0,0.000298380482439,0,True,0,True,True,False,7,0,False,0,0,0,0,1,1,0,20000,0,0.370495495495,1,peripheral,0,truncated_depth4,0.03,0.1875,0.116560329835,0.0570507117438,0,1
100000004877085100,peripheral,0.5,17,0.3999799,"Колено 3; входящих связей 1, исходящих 3; вход 25,000 KZT. Пороги значимых ролей не достигнуты.",3,False,1,3,25000,95600,1,9,0.000293222895392,5.76607337536e-05,True,3.824,True,False,True,7,0,False,0,2,0,0,1,0.767827529022,0.5,25000,10622.2222222,0.58174904943,1,peripheral,1,unobserved_funding,0.03,0.1875,0.137706769856,0.0447731316726,0,1
100000004889043100,terminal,0.746667,1,0.53789305,"Колено 3; вход 272,000 KZT; исходящих связей 0, выход/вход=0.00. Получатель в видимой выборке.",3,False,2,0,272000,0,4,0,0.00029687089174,0,True,0,True,False,False,7,0,False,0,1,0,0,2,0.566176470588,0.5,68000,0,0.743979721166,2,terminal,2,none,0.15,0.1875,0.147279170957,0.0531138790036,0,1
100000004890713100,peripheral,0.25,14,0.40101206,"4-е колено: исходящие не выгружены. Вход 1 плательщиков, 40,485 KZT. Роль за границей обхода не установлена.",4,False,1,0,40485,0,1,0,0.000299077020872,0,True,0,True,True,False,7,0,False,0,0,0,0,1,1,0,40485,0,0.540540540541,1,peripheral,1,truncated_depth4,0.03,0.1875,0.124859920693,0.0586521352313,0,1
100000004891562100,peripheral,0.25,10,0.31954344,"4-е колено: исходящие не выгружены. Вход 1 плательщиков, 103,400 KZT. Роль за границей обхода не установлена.",4,False,1,0,103400,0,1,0,0.000339007016898,0,True,0,True,True,False,1,0,False,0,0,0,0,1,1,0,103400,0,0.743243243243,1,peripheral,1,truncated_depth4,0.03,0.0625,0.135895752239,0.0911476868327,0,1
100000004892144100,terminal,1,12,0.61262694,"Колено 3; вход 4,500,000 KZT; исходящих связей 1, выход/вход=0.04. Получатель в видимой выборке.",3,False,2,1,4500000,180300,7,1,0.00295654214378,0,True,0.0400666666667,True,False,False,2,0,True,1,1,0,0,2,0.576886097045,0,642857.142857,180300,0.998732572877,1,terminal,1,directed_cycle,0.15,0.0990601562951,0.180767255277,0.149466192171,0.0333333333333,1
100000004904960100,peripheral,0.5,11,0.50696291,"Колено 2; входящих связей 2, исходящих 0; вход 32,000 KZT. Пороги значимых ролей не достигнуты.",2,False,2,0,32000,0,2,0,0.000773056084897,0,True,0,True,False,False,10,0,False,0,0,0,0,1,0.53125,0,16000,0,0.286796536797,1,peripheral,0,none,0.03,0.216214476165,0.122091847471,0.13865658363,0,1
100000004905207100,terminal,0.866667,15,0.63563946,"Колено 2; вход 380,000 KZT; исходящих связей 0, выход/вход=0.00. Получатель в видимой выборке.",2,False,1,0,380000,0,1,0,0.000431631275032,0,True,0,True,False,False,11,0,False,0,0,0,0,1,1,0,380000,0,0.782467532468,1,terminal,0,none,0.15,0.224060156295,0.151214538563,0.110364768683,0,1
100000004906181100,peripheral,0.5,5,0.44241009,"Колено 3; входящих связей 1, исходящих 7; вход 100,000 KZT. Пороги значимых ролей не достигнуты.",3,False,1,7,100000,2473417.91,1,33,0.000287251472407,0.000134541712092,True,24.7341791,True,False,True,7,0,False,0,5,1,2,1,0.493507096172,0.176470588235,100000,74952.0578788,0.988593155894,1,peripheral,1,unobserved_funding;fast_temporal_match,0.03,0.1875,0.173727559511,0.0178491992883,0.0333333333333,1
100000004908173100,peripheral,0.25,2,0.42719436,"4-е колено: исходящие не выгружены. Вход 1 плательщиков, 21,000 KZT. Роль за границей обхода не установлена.",4,False,1,0,21000,0,1,0,0.000319083651856,0,True,0,True,True,False,8,0,False,0,0,0,0,1,1,0,21000,0,0.406531531532,1,peripheral,0,truncated_depth4,0.03,0.19812031259,0.117134540826,0.0819395017794,0,1
100000004911971100,peripheral,0.25,5,0.36033068,"4-е колено: исходящие не выгружены. Вход 1 плательщиков, 35,000 KZT. Роль за границей обхода не установлена.",4,False,1,0,35000,0,3,0,0.000287492429222,0,True,0,True,True,False,7,0,False,0,1,0,0,1,0.714285714286,0.333333333333,11666.6666667,0,0.511261261261,1,peripheral,0,truncated_depth4,0.03,0.1875,0.123146512081,0.0196841637011,0,1
100000004917367100,terminal,0.577778,5,0.51738561,"Колено 3; вход 120,000 KZT; исходящих связей 0, выход/вход=0.00. Получатель в видимой выборке.",3,False,2,0,120000,0,2,0,0.000292426139282,0,True,0,True,False,False,7,0,False,0,0,0,0,1,0.833333333333,0,60000,0,0.579847908745,2,terminal,2,none,0.15,0.1875,0.13764806915,0.042237544484,0,1
100000004921657100,peripheral,0.5,4,0.46509064,"Колено 3; входящих связей 1, исходящих 1; вход 8,300 KZT. Пороги значимых ролей не достигнуты.",3,False,1,1,8300,22190,1,1,0.000359208546011,0,True,2.6734939759,True,False,True,10,0,False,0,0,0,0,1,1,0.5,8300,22190,0.28897338403,1,peripheral,0,unobserved_funding,0.03,0.216214476165,0.121522958549,0.097353202847,0,1
100000004931931100,peripheral,0.5,7,0.38252126,"Колено 3; входящих связей 1, исходящих 1; вход 23,938 KZT. Пороги значимых ролей не достигнуты.",3,False,1,1,23938,45000,1,1,0.00029023095845,1.92202445845e-05,True,1.87985629543,True,False,True,7,0,False,0,0,0,0,1,0.65276045142,0,23938,45000,0.465145754119,1,peripheral,1,unobserved_funding,0.03,0.1875,0.13112445791,0.033896797153,0,1
100000004948177100,terminal,0.930181,3,0.59852667,"Колено 1; вход 437,163 KZT; исходящих связей 0, выход/вход=0.00. Получатель в видимой выборке.",1,False,3,0,437163,0,8,0,0.000419650753771,0,True,0,True,False,False,7,1,False,0,1,0,0,1,0.219826472048,0,54645.375,0,0.807203389831,1,terminal,1,none,0.15,0.1875,0.152863860994,0.108162811388,0,1
100000004950490100,peripheral,0.5,9,0.2875132,"Колено 2; входящих связей 1, исходящих 0; вход 10,000 KZT. Пороги значимых ролей не достигнуты.",2,False,1,0,10000,0,1,0,0.000328814510032,0,True,0,True,False,False,1,0,False,0,0,0,0,1,1,0,10000,0,0.0530303030303,1,peripheral,0,none,0.03,0.0625,0.10840287741,0.0866103202847,0,1
100000004959752100,peripheral,0.5,4,0.51070546,"Колено 3; входящих связей 1, исходящих 0; вход 22,200 KZT. Пороги значимых ролей не достигнуты.",3,False,1,0,22200,0,1,0,0.00077956858458,0,True,0,True,False,False,11,0,False,0,0,0,0,1,1,0,22200,0,0.192015209125,1,peripheral,0,none,0.03,0.224060156295,0.117788543513,0.138856761566,0,1
100000004962193100,consolidator,0.65,1,0.78752225,"Вход от 8 плательщиков (seed: 0); 900,468 KZT; исходящих связей 0. Признаки консолидации.",2,False,8,0,900468,0,11,0,0.000653271096505,0,True,0,True,False,False,7,0,False,0,2,0,0,5,0.531254858585,0,81860.7272727,0,0.885281385281,3,consolidator,5,sync_inflow,0.27,0.1875,0.161368634975,0.135320284698,0.0333333333333,1
100000004970752100,peripheral,0.5,1,0.46395893,"Колено 3; входящих связей 1, исходящих 0; вход 10,000 KZT. Пороги значимых ролей не достигнуты.",3,False,1,0,10000,0,1,0,0.000738015552551,0,True,0,True,False,False,7,0,False,0,0,0,0,1,1,0,10000,0,0.0551330798479,1,peripheral,0,none,0.03,0.1875,0.10840287741,0.138056049822,0,1
100000004971871100,peripheral,0.5,44,0.19383589,"Колено 0; входящих связей 1, исходящих 1; вход 25,400 KZT. Пороги значимых ролей не достигнуты.",0,True,1,1,25400,5650,3,1,0.00073695409776,0,True,0.222440944882,False,False,False,0,0,True,1,1,0.222440944882,2,1,0.325281803543,0.75,8466.66666667,5650,0.333333333333,1,peripheral,0,seed;directed_cycle,0.03,0,0.12173715823,0.137989323843,0.0333333333333,0.6
100000004975919100,peripheral,0.5,7,0.36750151,"Колено 3; входящих связей 1, исходящих 2; вход 22,351 KZT. Пороги значимых ролей не достигнуты.",3,False,1,2,22351,15000,1,2,0.000288549082231,3.84404891691e-05,True,0.671110912263,True,False,False,7,0,False,0,0,0,0,1,0.598404326524,0.333333333333,22351,7500,0.329531051965,1,peripheral,1,none,0.03,0.1875,0.12391164945,0.0260898576512,0,1
100000004976946100,peripheral,0.25,35,0.44446857,"4-е колено: исходящие не выгружены. Вход 1 плательщиков, 246,000 KZT. Роль за границей обхода не установлена.",4,False,1,0,246000,0,1,0,0.000317739621187,0,True,0,True,True,False,7,0,False,0,0,0,0,1,1,0,246000,0,0.864864864865,1,peripheral,0,truncated_depth4,0.03,0.1875,0.146096681084,0.080871886121,0,1
100000004979264100,peripheral,0.25,2,0.46007477,"4-е колено: исходящие не выгружены. Вход 1 плательщиков, 39,800 KZT. Роль за границей обхода не установлена.",4,False,1,0,39800,0,1,0,0.00040904579359,0,True,0,True,True,False,8,0,False,0,0,0,0,1,1,0,39800,0,0.527027027027,1,peripheral,0,truncated_depth4,0.03,0.19812031259,0.124659082507,0.107295373665,0,1
100000004979283100,peripheral,0.5,14,0.40037518,"Колено 3; входящих связей 1, исходящих 0; вход 40,132 KZT. Пороги значимых ролей не достигнуты.",3,False,1,0,40132,0,1,0,0.000298885966583,0,True,0,True,False,False,7,0,False,0,0,0,0,1,1,0,40132,0,0.343472750317,1,peripheral,1,none,0.03,0.1875,0.124756851118,0.0581183274021,0,1
100000004979498100,peripheral,0.5,41,0.43239158,"Колено 2; входящих связей 1, исходящих 1; вход 700,000 KZT. Пороги значимых ролей не достигнуты.",2,False,1,1,700000,200000,2,1,0.00131966663107,0,True,0.285714285714,True,False,False,1,0,True,0,1,0,0,1,0.555555555556,0,350000,200000,0.883116883117,1,peripheral,0,directed_cycle,0.03,0.0625,0.161362516399,0.145195729537,0.0333333333333,1
100000004981068100,peripheral,0.25,7,0.42752654,"4-е колено: исходящие не выгружены. Вход 1 плательщиков, 10,000 KZT. Роль за границей обхода не установлена.",4,False,1,0,10000,0,1,0,0.000376672479187,0,True,0,True,True,False,7,0,False,0,0,0,0,1,1,0,10000,0,0.184684684685,1,peripheral,0,truncated_depth4,0.03,0.1875,0.10840287741,0.10162366548,0,1
100000004984689100,terminal,0.503367,7,0.51431346,"Колено 3; вход 53,030 KZT; исходящих связей 0, выход/вход=0.00. Получатель в видимой выборке.",3,False,1,0,53030,0,1,0,0.00029474182123,0,True,0,True,False,False,7,0,False,0,0,0,0,1,1,0,53030,0,0.424588086185,1,terminal,1,none,0.15,0.1875,0.128036766561,0.0487766903915,0,1
100000004988240100,peripheral,0.25,1,0.45343311,"4-е колено: исходящие не выгружены. Вход 1 плательщиков, 20,000 KZT. Роль за границей обхода не установлена.",4,False,1,0,20000,0,1,0,0.000526798746491,0,True,0,True,True,False,7,0,False,0,0,0,0,1,1,0,20000,0,0.370495495495,1,peripheral,0,truncated_depth4,0.03,0.1875,0.116560329835,0.119372775801,0,1
100000004991593100,peripheral,0.25,1,0.43868882,"4-е колено: исходящие не выгружены. Вход 1 плательщиков, 45,000 KZT. Роль за границей обхода не установлена.",4,False,1,0,45000,0,2,0,0.000352905232588,0,True,0,True,True,False,7,0,False,0,1,0,0,1,0.777777777778,0,22500,0,0.565315315315,1,peripheral,0,truncated_depth4,0.03,0.1875,0.126104298878,0.095084519573,0,1
100000004991812100,peripheral,0.5,30,0.41891889,"Колено 3; входящих связей 1, исходящих 0; вход 10,000 KZT. Пороги значимых ролей не достигнуты.",3,False,1,0,10000,0,1,0,0.000344537432192,0,True,0,True,False,False,7,0,False,0,0,0,0,1,1,0,10000,0,0.0551330798479,1,peripheral,0,none,0.03,0.1875,0.10840287741,0.0930160142349,0,1
100000004993576100,terminal,0.63,3,0.56911798,"Колено 2; вход 167,000 KZT; исходящих связей 0, выход/вход=0.00. Получатель в видимой выборке.",2,False,1,0,167000,0,1,0,0.000336756860242,0,True,0,True,False,False,7,0,False,0,0,0,0,1,1,0,167000,0,0.642857142857,1,terminal,1,none,0.15,0.1875,0.141537907168,0.0900800711744,0,1
100000004997515100,terminal,0.883333,2,0.60656369,"Колено 3; вход 395,000 KZT; исходящих связей 4, выход/вход=0.14. Получатель в видимой выборке.",3,False,4,4,395000,54500,4,4,0.000354607793305,8.9562376827e-05,True,0.137974683544,True,False,False,9,0,False,0,0,0,0,1,0.289210233593,0,98750,13625,0.841571609632,1,terminal,2,none,0.15,0.20762050593,0.153191404081,0.0957517793594,0,1
100000005008589100,peripheral,0.5,1,0.40573863,"Колено 3; входящих связей 1, исходящих 0; вход 42,807 KZT. Пороги значимых ролей не достигнуты.",3,False,1,0,42806.68,0,1,0,0.000301433309991,0,True,0,True,False,False,7,0,False,0,0,0,0,1,1,0,42806.68,0,0.356147021546,1,peripheral,1,none,0.03,0.1875,0.12551620683,0.0627224199288,0,1
100000005010159100,peripheral,0.25,18,0.45511091,"4-е колено: исходящие не выгружены. Вход 1 плательщиков, 7,092 KZT. Роль за границей обхода не установлена.",4,False,1,0,7092,0,1,0,0.000610443267432,0,True,0,True,True,False,7,0,False,0,0,0,0,1,1,1,7092,0,0.119369369369,1,peripheral,0,truncated_depth4,0.03,0.1875,0.104359129008,0.133251779359,0,1
100000005017150100,peripheral,0.25,0,0.01886077,Seed; 0 связей и 0 KZT в выгрузке. Данных для поведенческой роли недостаточно.,0,True,0,0,0,0,0,0,0.000284037399667,0,False,0,False,False,False,0,0,False,0,0,0,0,0,0,0,0,0,0.123456790123,0,peripheral,0,seed;no_observed_edges,0.03,0,0,0.00143460854093,0,0.6
100000005022552100,terminal,0.712222,3,0.57961536,"Колено 3; вход 241,000 KZT; исходящих связей 1, выход/вход=0.02. Получатель в видимой выборке.",3,False,1,1,241000,5000,3,1,0.000355746138329,0,True,0.0207468879668,True,False,False,7,0,False,0,1,0,0,1,0.447154471545,0.25,80333.3333333,5000,0.725602027883,1,terminal,1,none,0.15,0.1875,0.146096681084,0.096018683274,0,1
100000005022964100,peripheral,0.5,4,0.44805061,"Колено 2; входящих связей 1, исходящих 0; вход 20,000 KZT. Пороги значимых ролей не достигнуты.",2,False,1,0,20000,0,1,0,0.000325553705603,0,True,0,True,False,False,10,0,False,0,0,0,0,1,1,0,20000,0,0.154761904762,1,peripheral,0,none,0.03,0.216214476165,0.116560329835,0.0852758007117,0,1
100000005025629100,peripheral,0.25,5,0.39420264,"4-е колено: исходящие не выгружены. Вход 1 плательщиков, 5,227 KZT. Роль за границей обхода не установлена.",4,False,1,0,5227,0,1,0,0.000312429321058,0,True,0,True,True,False,7,0,False,0,0,0,0,1,1,1,5227,0,0.0540540540541,1,peripheral,0,truncated_depth4,0.03,0.1875,0.100768474957,0.0759341637011,0,1
100000005030592100,peripheral,0.5,3,0.34341845,"Колено 2; входящих связей 1, исходящих 0; вход 10,000 KZT. Пороги значимых ролей не достигнуты.",2,False,1,0,10000,0,1,0,0.000287194253594,0,True,0,True,False,False,7,0,False,0,0,0,0,1,1,0,10000,0,0.0530303030303,1,peripheral,1,none,0.03,0.1875,0.10840287741,0.017515569395,0,1
100000005031696100,peripheral,0.5,4,0.54190673,"Колено 2; входящих связей 1, исходящих 2; вход 5,000 KZT. Пороги значимых ролей не достигнуты.",2,False,1,2,5000,115000,1,3,0.000536484953402,9.59030760714e-05,True,23,True,False,True,10,0,False,0,1,1,2,1,0.833333333333,0.5,5000,38333.3333333,0.571428571429,1,peripheral,0,unobserved_funding;fast_temporal_match,0.03,0.216214476165,0.13764806915,0.124710854093,0.0333333333333,1
100000005032294100,peripheral,0.5,15,0.44071581,"Колено 2; входящих связей 1, исходящих 0; вход 10,000 KZT. Пороги значимых ролей не достигнуты.",2,False,1,0,10000,0,1,0,0.000389896793623,0,True,0,True,False,False,8,0,False,0,0,0,0,1,1,0,10000,0,0.0530303030303,1,peripheral,0,none,0.03,0.19812031259,0.10840287741,0.104192615658,0,1
100000005034574100,terminal,0.732018,46,0.4678243,"Колено 1; вход 258,816 KZT; исходящих связей 0, выход/вход=0.00. Получатель в видимой выборке.",1,False,1,0,258816,0,16,0,0.000422644758333,0,True,0,True,False,False,1,1,False,0,1,0,0,1,0.424301434224,0.1875,16176,0,0.728813559322,1,terminal,0,none,0.15,0.0625,0.146694406065,0.108629893238,0,1
100000005037490100,peripheral,0.5,22,0.4600782,"Колено 3; входящих связей 1, исходящих 2; вход 15,000 KZT. Пороги значимых ролей не достигнуты.",3,False,1,2,15000,30000,1,3,0.000321394912827,1.94183914359e-05,True,2,True,False,True,7,0,True,1,1,0,0,1,0.644444444444,0.25,15000,10000,0.367553865653,1,peripheral,0,unobserved_funding;directed_cycle,0.03,0.1875,0.126104298878,0.083140569395,0.0333333333333,1
100000005041147100,peripheral,0.25,7,0.44827832,"4-е колено: исходящие не выгружены. Вход 1 плательщиков, 10,000 KZT. Роль за границей обхода не установлена.",4,False,1,0,10000,0,1,0,0.000530593422844,0,True,0,True,True,False,7,0,False,0,0,0,0,1,1,0,10000,0,0.184684684685,1,peripheral,0,truncated_depth4,0.03,0.1875,0.10840287741,0.12237544484,0,1
100000005041905100,peripheral,0.5,6,0.29380378,"Колено 3; входящих связей 1, исходящих 1; вход 5,000 KZT. Пороги значимых ролей не достигнуты.",3,False,1,1,5000,1080351,1,5,0.000284812070698,0,True,216.0702,True,False,True,1,0,True,1,1,0,0,1,0.295309075129,0.166666666667,5000,216070.2,0.946768060837,1,peripheral,1,unobserved_funding;directed_cycle,0.03,0.0625,0.163566529445,0.00440391459075,0.0333333333333,1
100000005042822100,peripheral,0.25,32,0.49206875,"4-е колено: исходящие не выгружены. Вход 1 плательщиков, 1,000,000 KZT. Роль за границей обхода не установлена.",4,False,1,0,1000000,0,1,0,0.000449859711665,0,True,0,True,True,False,7,0,False,0,0,0,0,1,1,0,1000000,0,0.974099099099,1,peripheral,0,truncated_depth4,0.03,0.1875,0.162602562538,0.111966192171,0,1
100000005048668100,peripheral,0.5,1,0.44220769,"Колено 3; входящих связей 2, исходящих 8; вход 16,668 KZT. Пороги значимых ролей не достигнуты.",3,False,2,8,16668,159400,2,11,0.000286994292833,0.000654286968464,True,9.5632349412,True,False,True,7,0,True,1,3,0.610031197504,1.41974822974,1,0.227184951269,0.538461538462,8334,14490.9090909,0.664131812421,3,peripheral,6,unobserved_funding;fast_temporal_match;directed_cycle,0.03,0.1875,0.142160236613,0.0158807829181,0.0666666666667,1
100000005049404100,peripheral,0.25,5,0.42676358,"4-е колено: исходящие не выгружены. Вход 1 плательщиков, 98,000 KZT. Роль за границей обхода не установлена.",4,False,1,0,98000,0,2,0,0.000310923927083,0,True,0,True,True,False,7,0,False,0,1,0,0,1,0.918367346939,0.5,49000,0,0.718468468468,1,peripheral,0,truncated_depth4,0.03,0.1875,0.135264468659,0.0739991103203,0,1
100000005052998100,peripheral,0.5,7,0.37805283,"Колено 3; входящих связей 1, исходящих 1; вход 9,500 KZT. Пороги значимых ролей не достигнуты.",3,False,1,1,9500,28400,1,1,0.000284568704805,4.33335300032e-06,True,2.98947368421,True,False,True,7,0,True,0,0,0,0,1,0.749340369393,0.5,9500,28400,0.334600760456,2,peripheral,2,unobserved_funding;directed_cycle,0.03,0.1875,0.124083379637,0.00313612099644,0.0333333333333,1
100000005053653100,peripheral,0.5,17,0.42677438,"Колено 2; входящих связей 2, исходящих 1; вход 63,073 KZT. Пороги значимых ролей не достигнуты.",2,False,2,1,63073,25000,2,1,0.000311871938085,1.92202445845e-05,True,0.396366115454,True,False,False,7,0,False,0,0,0,0,1,0.384601410194,0,31536.5,25000,0.495670995671,1,peripheral,2,none,0.03,0.1875,0.134007475429,0.0752669039146,0,1
100000005055454100,peripheral,0.5,28,0.3127373,"Колено 3; входящих связей 1, исходящих 0; вход 6,500 KZT. Пороги значимых ролей не достигнуты.",3,False,1,0,6500,0,1,0,0.000502556514376,0,True,0,True,False,False,1,0,False,0,0,0,0,1,1,1,6500,0,0.0253485424588,1,peripheral,0,none,0.03,0.0625,0.103333383505,0.116903914591,0,1
100000005056870100,peripheral,0.5,39,0.27214974,"Колено 1; входящих связей 1, исходящих 0; вход 20,000 KZT. Пороги значимых ролей не достигнуты.",1,False,1,0,20000,0,1,0,0.000301539750916,0,True,0,True,False,False,1,1,False,0,0,0,0,1,1,0,20000,0,0.143008474576,1,peripheral,0,none,0.03,0.0625,0.116560329835,0.0630894128114,0,1
100000005059998100,peripheral,0.5,1,0.38066287,"Колено 2; входящих связей 1, исходящих 0; вход 18,000 KZT. Пороги значимых ролей не достигнуты.",2,False,1,0,18000,0,1,0,0.000294317680183,0,True,0,True,False,False,7,0,False,0,0,0,0,1,1,0,18000,0,0.138528138528,1,peripheral,1,none,0.03,0.1875,0.115320347771,0.0478425266904,0,1
100000005061890100,terminal,0.544444,1,0.59460474,"Колено 3; вход 90,000 KZT; исходящих связей 0, выход/вход=0.00. Получатель в видимой выборке.",3,False,1,0,90000,0,1,0,0.000531458631837,0,True,0,True,False,False,7,0,False,0,0,0,0,1,1,0,90000,0,0.513941698352,1,terminal,0,none,0.15,0.1875,0.134262208966,0.12284252669,0,1
100000005074393100,peripheral,0.5,17,0.58795674,"Колено 1; входящих связей 4, исходящих 6; вход 563,026 KZT. Пороги значимых ролей не достигнуты.",1,False,4,6,563026,685500,5,10,0.00105267962215,0.000216970802269,True,1.21752814257,True,False,True,10,1,True,2,4,0.0808133194559,1.43956043956,1,0.320377789489,0.133333333333,112605.2,68550,0.938559322034,2,peripheral,2,unobserved_funding;directed_cycle,0.03,0.216214476165,0.165214975886,0.143193950178,0.0333333333333,1
100000005075949100,peripheral,0.25,1,0.52804377,"4-е колено: исходящие не выгружены. Вход 1 плательщиков, 2,226,000 KZT. Роль за границей обхода не установлена.",4,False,1,0,2226000,0,7,0,0.000762760204815,0,True,0,True,True,False,7,0,False,0,1,0,0,1,0.44204851752,0,318000,0,1,1,peripheral,0,truncated_depth4,0.03,0.1875,0.172020635634,0.138523131673,0,1
100000005077484100,peripheral,0.5,28,0.39150278,"Колено 2; входящих связей 1, исходящих 2; вход 150,000 KZT. Пороги значимых ролей не достигнуты.",2,False,1,2,150000,13550,1,2,0.000535915603463,3.96293702774e-07,True,0.0903333333333,True,False,False,1,0,True,1,0,0,0,1,0.960256802201,0.666666666667,150000,6775,0.636363636364,1,peripheral,0,directed_cycle,0.03,0.0625,0.141292218295,0.124377224199,0.0333333333333,1
100000005079473100,peripheral,0.25,18,0.42642225,"4-е колено: исходящие не выгружены. Вход 1 плательщиков, 39,312 KZT. Роль за границей обхода не установлена.",4,False,1,0,39312,0,1,0,0.000324204471128,0,True,0,True,True,False,7,0,False,0,0,0,0,1,1,0,39312,0,0.524774774775,1,peripheral,0,truncated_depth4,0.03,0.1875,0.124513883917,0.0844083629893,0,1
100000005079754100,peripheral,0.5,4,0.44537734,"Колено 1; входящих связей 1, исходящих 2; вход 70,000 KZT. Пороги значимых ролей не достигнуты.",1,False,1,2,70000,122000,1,2,0.000297940524542,9.51104886658e-05,True,1.74285714286,True,False,True,10,1,False,0,0,0.285714285714,1,1,0.53125,0,70000,61000,0.664194915254,1,peripheral,1,unobserved_funding,0.03,0.216214476165,0.143179770677,0.0559830960854,0,1
100000005082652100,peripheral,0.5,9,0.32086075,"Колено 3; входящих связей 1, исходящих 0; вход 30,000 KZT. Пороги значимых ролей не достигнуты.",3,False,1,0,30000,0,1,0,0.000405551237059,0,True,0,True,False,False,1,0,False,0,0,0,0,1,1,0,30000,0,0.283269961977,1,peripheral,0,none,0.03,0.0625,0.121332281665,0.107028469751,0,1
100000005087431100,peripheral,0.25,0,0.01886077,Seed; 0 связей и 0 KZT в выгрузке. Данных для поведенческой роли недостаточно.,0,True,0,0,0,0,0,0,0.000284037399667,0,False,0,False,False,False,0,0,False,0,0,0,0,0,0,0,0,0,0.123456790123,0,peripheral,0,seed;no_observed_edges,0.03,0,0,0.00143460854093,0,0.6
100000005087923100,peripheral,0.25,9,0.32136015,"4-е колено: исходящие не выгружены. Вход 1 плательщиков, 20,000 KZT. Роль за границей обхода не установлена.",4,False,1,0,20000,0,1,0,0.000457725578333,0,True,0,True,True,False,1,0,False,0,0,0,0,1,1,0,20000,0,0.370495495495,1,peripheral,0,truncated_depth4,0.03,0.0625,0.116560329835,0.112299822064,0,1
100000005089460100,peripheral,0.5,6,0.21288094,"Колено 3; входящих связей 1, исходящих 0; вход 12,300 KZT. Пороги значимых ролей не достигнуты.",3,False,1,0,12300,0,1,0,0.000285943090403,0,True,0,True,False,False,1,0,False,0,0,0,0,1,1,0,12300,0,0.0811153358682,1,peripheral,1,none,0.03,0.0625,0.11083912409,0.00954181494662,0,1
100000005092518100,peripheral,0.5,8,0.24274025,"Колено 1; входящих связей 1, исходящих 0; вход 26,144 KZT. Пороги значимых ролей не достигнуты.",1,False,1,0,26144,0,1,0,0.000289483406292,0,True,0,True,False,False,1,1,False,0,0,0,0,1,1,0,26144,0,0.210805084746,1,peripheral,1,none,0.03,0.0625,0.119713110267,0.0305271352313,0,1
100000005093521100,peripheral,0.5,4,0.3757594,"Колено 1; входящих связей 1, исходящих 0; вход 15,200 KZT. Пороги значимых ролей не достигнуты.",1,False,1,0,15200,0,1,0,0.000287056363926,0,True,0,True,False,False,10,1,False,0,0,0,0,1,1,0,15200,0,0.0720338983051,1,peripheral,1,none,0.03,0.216214476165,0.11333051334,0.0162144128114,0,1
100000005100475100,peripheral,0.5,21,0.30676434,"Колено 3; входящих связей 1, исходящих 0; вход 40,000 KZT. Пороги значимых ролей не достигнуты.",3,False,1,0,40000,0,1,0,0.000335875782969,0,True,0,True,False,False,1,0,False,0,0,0,0,1,1,0,40000,0,0.341571609632,1,peripheral,0,none,0.03,0.0625,0.124718076465,0.0895462633452,0,1
100000005105153100,peripheral,0.5,11,0.44499331,"Колено 2; входящих связей 1, исходящих 0; вход 30,000 KZT. Пороги значимых ролей не достигнуты.",2,False,1,0,30000,0,1,0,0.000399912014467,0,True,0,True,False,False,7,0,False,0,0,0,0,1,1,0,30000,0,0.266233766234,1,peripheral,1,none,0.03,0.1875,0.121332281665,0.106161032028,0,1
100000005124479100,peripheral,0.5,11,0.45041973,"Колено 1; входящих связей 2, исходящих 2; вход 137,753 KZT. Пороги значимых ролей не достигнуты.",1,False,2,2,137753,22000,2,2,0.000301559072095,4.75552443329e-05,True,0.159706140701,True,False,False,10,1,False,0,0,0,0,1,0.556778276464,0.25,68876.5,11000,0.625,2,peripheral,2,none,0.03,0.216214476165,0.141015754316,0.0631895017794,0,1
100000005127767100,peripheral,0.5,34,0.42996837,"Колено 3; входящих связей 1, исходящих 0; вход 7,000 KZT. Пороги значимых ролей не достигнуты.",3,False,1,0,7000,0,1,0,0.000420007067587,0,True,0,True,False,False,7,0,False,0,0,0,0,1,1,1,7000,0,0.0272496831432,1,peripheral,0,none,0.03,0.1875,0.10420547279,0.108262900356,0,1
100000005133757100,terminal,0.516667,18,0.55202922,"Колено 1; вход 65,000 KZT; исходящих связей 0, выход/вход=0.00. Получатель в видимой выборке.",1,False,2,0,65000,0,2,0,0.000297770130532,0,True,0,True,False,False,10,1,False,0,0,0,0,1,0.615384615385,0,32500,0,0.440677966102,2,terminal,2,none,0.15,0.216214476165,0.130432179138,0.0553825622776,0,1
100000005140601100,peripheral,0.5,1,0.54629062,"Колено 2; входящих связей 3, исходящих 2; вход 52,685 KZT. Пороги значимых ролей не достигнуты.",2,False,3,2,52685,195300,4,5,0.00283691740816,1.96165382873e-05,True,3.70693745848,True,False,True,7,0,True,2,3,0.259751352377,2,2,0.444784966833,0.555555555556,13171.25,39060,0.722943722944,2,peripheral,1,unobserved_funding;directed_cycle,0.03,0.1875,0.146191269454,0.149266014235,0.0333333333333,1
100000005142492100,peripheral,0.5,21,0.52948696,"Колено 3; входящих связей 1, исходящих 1; вход 10,000 KZT. Пороги значимых ролей не достигнуты.",3,False,1,1,10000,57000,1,1,0.00200812914826,0,True,5.7,True,False,True,7,0,True,1,0,0,0,1,1,0,10000,57000,0.461977186312,1,peripheral,0,unobserved_funding;directed_cycle,0.03,0.1875,0.130788854517,0.147864768683,0.0333333333333,1
100000005142589100,terminal,0.5,1,0.53610767,"Колено 2; вход 50,000 KZT; исходящих связей 0, выход/вход=0.00. Получатель в видимой выборке.",2,False,1,0,50000,0,2,0,0.000308673767546,0,True,0,True,False,False,7,0,False,0,1,0,0,1,1,0,25000,0,0.373376623377,1,terminal,0,none,0.15,0.1875,0.127344320171,0.0712633451957,0,1
100000005146665100,peripheral,0.25,15,0.32380528,"4-е колено: исходящие не выгружены. Вход 1 плательщиков, 5,500 KZT. Роль за границей обхода не установлена.",4,False,1,0,5500,0,1,0,0.000284916201913,0,True,0,True,True,False,7,0,False,0,0,0,0,1,1,1,5500,0,0.0709459459459,1,peripheral,0,truncated_depth4,0.03,0.1875,0.101367558745,0.00493772241993,0,1
100000005168487100,peripheral,0.5,16,0.57941878,"Колено 2; входящих связей 1, исходящих 1; вход 15,000 KZT. Пороги значимых ролей не достигнуты.",2,False,1,1,15000,103510,1,14,0.00190512153797,0,True,6.90066666667,True,False,True,8,0,True,1,1,1,1.19933333333,1,0.168762129778,0.733333333333,15000,7393.57142857,0.564935064935,1,peripheral,0,unobserved_funding;fast_temporal_match;directed_cycle,0.03,0.19812031259,0.137501016757,0.147130782918,0.0666666666667,1
100000005171642100,transit,0.72632,21,0.59156283,"Вход 696,800 KZT; выход/вход=0.98; сопоставлено за 1–2 дня 0%. Признаки транзита.",3,False,2,1,696800,683600,5,4,0.00291618436376,3.96293702774e-07,True,0.981056257176,True,False,False,1,0,True,1,2,0,0,1,0.944653723558,0.444444444444,139360,170900,0.960709759189,1,transit,0,directed_cycle,0.18,0.0625,0.166396752976,0.149332740214,0.0333333333333,1
100000005172860100,peripheral,0.5,1,0.36466771,"Колено 3; входящих связей 1, исходящих 0; вход 15,209 KZT. Пороги значимых ролей не достигнуты.",3,False,1,0,15209.2,0,1,0,0.000290218161158,0,True,0,True,False,False,7,0,False,0,0,0,0,1,1,0,15209.2,0,0.108998732573,1,peripheral,1,none,0.03,0.1875,0.113337634401,0.0338300711744,0,1
100000005175148100,peripheral,0.5,3,0.52299613,"Колено 2; входящих связей 2, исходящих 1; вход 79,000 KZT. Пороги значимых ролей не достигнуты.",2,False,2,1,79000,15000,4,1,0.000716860979475,0,True,0.189873417722,True,False,False,7,0,True,1,1,0.189873417722,1,1,0.531914893617,0.2,19750,15000,0.519480519481,1,peripheral,0,directed_cycle,0.03,0.1875,0.134774004256,0.137388790036,0.0333333333333,1
100000005182219100,terminal,0.505556,5,0.5608504,"Колено 3; вход 55,000 KZT; исходящих связей 0, выход/вход=0.00. Получатель в видимой выборке.",3,False,2,0,55000,0,2,0,0.000352093958099,0,True,0,True,False,False,7,0,False,0,0,0,0,1,0.545454545455,0,27500,0,0.432826362484,1,terminal,1,none,0.15,0.1875,0.128466058137,0.094884341637,0,1
100000005183943100,terminal,1,37,0.50356393,"Колено 1; вход 680,900 KZT; исходящих связей 0, выход/вход=0.00. Получатель в видимой выборке.",1,False,1,0,680900,0,9,0,0.000606450433236,0,True,0,True,False,False,1,1,False,0,1,0,0,1,0.73432222059,0.222222222222,75655.5555556,0,0.889830508475,1,terminal,0,none,0.15,0.0625,0.158079055449,0.132984875445,0,1
100000005186109100,peripheral,0.5,3,0.45046398,"Колено 3; входящих связей 1, исходящих 0; вход 5,000 KZT. Пороги значимых ролей не достигнуты.",3,False,1,0,5000,0,1,0,0.000602072802805,0,True,0,True,False,False,7,0,False,0,0,0,0,1,1,1,5000,0,0.00506970849176,1,peripheral,0,none,0.03,0.1875,0.100246013331,0.13271797153,0,1
100000005186131100,peripheral,0.5,1,0.33746335,"Колено 3; входящих связей 1, исходящих 1; вход 10,000 KZT. Пороги значимых ролей не достигнуты.",3,False,1,1,10000,10000,1,1,0.000284596668233,1.92202445845e-05,True,1,True,False,False,7,0,False,0,0,0,0,1,1,0,10000,10000,0.17237008872,1,peripheral,1,none,0.03,0.1875,0.116560329835,0.00340302491103,0,1
100000005187208100,peripheral,0.5,1,0.40319481,"Колено 3; входящих связей 1, исходящих 0; вход 14,160 KZT. Пороги значимых ролей не достигнуты.",3,False,1,0,14160,0,1,0,0.000310254756541,0,True,0,True,False,False,7,0,False,0,0,0,0,1,1,0,14160,0,0.0925221799747,1,peripheral,1,none,0.03,0.1875,0.112496410054,0.0731983985765,0,1
100000005189258100,peripheral,0.25,13,0.42258009,"4-е колено: исходящие не выгружены. Вход 1 плательщиков, 50,000 KZT. Роль за границей обхода не установлена.",4,False,1,0,50000,0,1,0,0.000314206040214,0,True,0,True,True,False,7,0,False,0,0,0,0,1,1,0,50000,0,0.601351351351,1,peripheral,1,truncated_depth4,0.03,0.1875,0.127344320171,0.0777357651246,0,1
100000005198498100,peripheral,0.5,6,0.23924152,"Колено 3; входящих связей 1, исходящих 0; вход 28,800 KZT. Пороги значимых ролей не достигнуты.",3,False,1,0,28800,0,1,0,0.000288499504804,0,True,0,True,False,False,1,0,False,0,0,0,0,1,1,0,28800,0,0.273764258555,1,peripheral,1,none,0.03,0.0625,0.12085184089,0.0258896797153,0,1
100000005198906100,peripheral,0.5,5,0.40361793,"Колено 3; входящих связей 1, исходящих 1; вход 227,970 KZT. Пороги значимых ролей не достигнуты.",3,False,1,1,227970,60000,1,1,0.000291364521291,1.92202445845e-05,True,0.263192525332,True,False,False,7,0,False,0,0,0,0,1,0.791644963017,0,227970,60000,0.755386565272,1,peripheral,1,none,0.03,0.1875,0.14795067217,0.0381672597865,0,1
100000005203590100,terminal,0.544444,21,0.40881737,"Колено 2; вход 90,000 KZT; исходящих связей 0, выход/вход=0.00. Получатель в видимой выборке.",2,False,1,0,90000,0,1,0,0.000300980381445,0,True,0,True,False,False,1,0,False,0,0,0,0,1,1,0,90000,0,0.505411255411,1,terminal,1,none,0.15,0.0625,0.134262208966,0.0620551601423,0,1
100000005205745100,peripheral,0.5,7,0.39329004,"Колено 2; входящих связей 1, исходящих 0; вход 6,000 KZT. Пороги значимых ролей не достигнуты.",2,False,1,0,6000,0,1,0,0.000310547019058,0,True,0,True,False,False,7,0,False,0,0,0,0,1,1,1,6000,0,0.0183982683983,1,peripheral,0,none,0.03,0.1875,0.102391466514,0.0733985765125,0,1
100000005209352100,peripheral,0.25,7,0.42567528,"4-е колено: исходящие не выгружены. Вход 1 плательщиков, 5,000 KZT. Роль за границей обхода не установлена.",4,False,1,0,5000,0,1,0,0.000417825329065,0,True,0,True,True,False,7,0,False,0,0,0,0,1,1,1,5000,0,0.0236486486486,1,peripheral,0,truncated_depth4,0.03,0.1875,0.100246013331,0.107929270463,0,1
100000005222360100,peripheral,0.5,15,0.5055097,"Колено 3; входящих связей 1, исходящих 1; вход 5,000 KZT. Пороги значимых ролей не достигнуты.",3,False,1,1,5000,27000,1,1,0.000600669346178,0.00190871270793,True,5.4,True,False,True,7,0,True,0,0,0,0,1,0.84375,0.5,5000,27000,0.298479087452,2,peripheral,1,unobserved_funding;directed_cycle,0.03,0.1875,0.122091847471,0.132584519573,0.0333333333333,1
100000005226217100,peripheral,0.25,2,0.45470006,"4-е колено: исходящие не выгружены. Вход 1 плательщиков, 17,500 KZT. Роль за границей обхода не установлена.",4,False,1,0,17500,0,1,0,0.000380822562269,0,True,0,True,True,False,9,0,False,0,0,0,0,1,1,0,17500,0,0.329954954955,1,peripheral,0,truncated_depth4,0.03,0.20762050593,0.114988807481,0.102090747331,0,1
100000005228059100,peripheral,0.5,8,0.2424417,"Колено 1; входящих связей 1, исходящих 0; вход 26,000 KZT. Пороги значимых ролей не достигнуты.",1,False,1,0,26000,0,1,0,0.000289453409927,0,True,0,True,False,False,1,1,False,0,0,0,0,1,1,0,26000,0,0.205508474576,1,peripheral,1,none,0.03,0.0625,0.119648107326,0.030293594306,0,1
100000005233755100,peripheral,0.5,1,0.37206182,"Колено 3; входящих связей 1, исходящих 1; вход 25,000 KZT. Пороги значимых ролей не достигнуты.",3,False,1,1,25000,5000,1,1,0.000290033900983,1.92202445845e-05,True,0.2,True,False,False,7,0,False,0,0,0,0,1,1,0.5,25000,5000,0.283269961977,1,peripheral,1,none,0.03,0.1875,0.121332281665,0.0332295373665,0,1
100000005235389100,peripheral,0.25,0,0.01886077,Seed; 0 связей и 0 KZT в выгрузке. Данных для поведенческой роли недостаточно.,0,True,0,0,0,0,0,0,0.000284037399667,0,False,0,False,False,False,0,0,False,0,0,0,0,0,0,0,0,0,0.123456790123,0,peripheral,0,seed;no_observed_edges,0.03,0,0,0.00143460854093,0,0.6
100000005237935150,peripheral,0.5,10,0.26792652,"Колено 2; входящих связей 1, исходящих 0; вход 34,508 KZT. Пороги значимых ролей не достигнуты.",2,False,1,0,34508,0,1,0,0.000296364419367,0,True,0,True,False,False,1,0,False,0,0,0,0,1,1,0,34508,0,0.300865800866,1,peripheral,0,none,0.03,0.0625,0.122979896552,0.0524466192171,0,1
100000005241556100,terminal,0.555556,2,0.61060209,"Колено 3; вход 100,000 KZT; исходящих связей 0, выход/вход=0.00. Получатель в видимой выборке.",3,False,1,0,100000,0,1,0,0.000545788420625,0,True,0,True,False,False,8,0,False,0,0,0,0,1,1,0,100000,0,0.53865652725,1,terminal,0,none,0.15,0.19812031259,0.135502243335,0.126979537367,0,1
100000005242320100,distributor,0.683333,10,0.67748152,"Переводы 21 получателям; 29 операций; 8,936,295 KZT. Признаки веерного распределения.",2,False,2,21,365700,8936295,2,29,0.0004971824728,2.97220277081e-05,True,24.4361361772,True,False,True,2,0,False,0,6,1,1,1,0.124629179009,0,182850,308148.103448,0.995670995671,2,distributor,1,unobserved_funding;fast_temporal_match,0.24,0.0990601562951,0.18885137616,0.116236654804,0.0333333333333,1
100000005264874100,peripheral,0.5,33,0.37143843,"Колено 3; входящих связей 1, исходящих 2; вход 30,000 KZT. Пороги значимых ролей не достигнуты.",3,False,1,2,30000,78000,1,3,0.000425698408204,7.92587405548e-07,True,2.6,True,False,True,1,0,True,1,1,0,0,1,0.462962962963,0,30000,26000,0.556400506971,1,peripheral,0,unobserved_funding;directed_cycle,0.03,0.0625,0.1364080326,0.109197064057,0.0333333333333,1
100000005264990100,peripheral,0.5,23,0.27306272,"Колено 0; входящих связей 1, исходящих 2; вход 17,070 KZT. Пороги значимых ролей не достигнуты.",0,True,1,2,17070,122000,1,2,0.000361890559896,7.76537510586e-05,True,7.14704159344,False,False,True,7,0,False,0,0,0,0,1,0.496153016467,0,17070,61000,0.567901234568,1,peripheral,1,seed;unobserved_funding,0.03,0.1875,0.139383897784,0.0982206405694,0,0.6
100000005265073100,peripheral,0.5,23,0.39503147,"Колено 3; входящих связей 1, исходящих 1; вход 5,000 KZT. Пороги значимых ролей не достигнуты.",3,False,1,1,5000,9000,1,1,0.000297501745149,2.1003566247e-05,True,1.8,True,False,True,8,0,False,0,0,0,0,1,0.642857142857,1,5000,9000,0.0899873257288,1,peripheral,0,unobserved_funding,0.03,0.19812031259,0.112362673055,0.0545484875445,0,1
100000005268319100,peripheral,0.5,13,0.4285031,"Колено 3; входящих связей 1, исходящих 5; вход 19,713 KZT. Пороги значимых ролей не достигнуты.",3,False,1,5,19712.8,91000,2,10,0.000292048347983,4.04738771572e-05,True,4.6162899233,True,False,True,7,0,True,1,4,0.45655614626,2,1,0.25290661965,0.75,9856.4,9100,0.558935361217,2,peripheral,3,unobserved_funding;directed_cycle,0.03,0.1875,0.136700012052,0.0409697508897,0.0333333333333,1
100000005272139100,peripheral,0.25,3,0.49721906,"4-е колено: исходящие не выгружены. Вход 1 плательщиков, 165,000 KZT. Роль за границей обхода не установлена.",4,False,1,0,165000,0,1,0,0.000750572245765,0,True,0,True,True,False,7,0,False,0,0,0,0,1,1,0,165000,0,0.809684684685,1,peripheral,0,truncated_depth4,0.03,0.1875,0.141396104318,0.138322953737,0,1
100000005287097100,peripheral,0.5,3,0.47335286,"Колено 1; входящих связей 2, исходящих 9; вход 127,173 KZT. Пороги значимых ролей не достигнуты.",1,False,2,9,127173,697300,5,42,0.00030105684784,0.000783220817836,True,5.48308210076,True,False,True,7,1,True,2,7,0.121881216925,1,1,0.144605099257,0.553191489362,25434.6,16602.3809524,0.906779661017,2,peripheral,5,unobserved_funding;directed_cycle,0.03,0.1875,0.160330910874,0.0621886120996,0.0333333333333,1
100000005293969100,peripheral,0.25,1,0.43870326,"4-е колено: исходящие не выгружены. Вход 1 плательщиков, 5,467 KZT. Роль за границей обхода не установлена.",4,False,1,0,5466.97,0,1,0,0.00052735606146,0,True,0,True,True,False,7,0,False,0,0,0,0,1,1,1,5466.97,0,0.0630630630631,1,peripheral,0,truncated_depth4,0.03,0.1875,0.101296676992,0.11990658363,0,1
100000005308954100,peripheral,0.5,3,0.44970573,"Колено 3; входящих связей 1, исходящих 1; вход 69,020 KZT. Пороги значимых ролей не достигнуты.",3,False,1,1,69020,30000,1,1,0.00035736918259,1.98146851387e-05,True,0.434656621269,True,False,False,7,0,False,0,0,0,0,1,0.697030902848,0,69020,30000,0.531051964512,1,peripheral,0,none,0.03,0.1875,0.135386333868,0.0968193950178,0,1
100000005314565100,terminal,0.687222,1,0.58282423,"Колено 3; вход 218,500 KZT; исходящих связей 0, выход/вход=0.00. Получатель в видимой выборке.",3,False,1,0,218500,0,3,0,0.000372832101938,0,True,0,True,False,False,7,0,False,0,1,0,0,1,1,0,72833.3333333,0,0.699619771863,1,terminal,1,none,0.15,0.1875,0.144701457875,0.100622775801,0,1
100000005316708100,peripheral,0.5,9,0.29450835,"Колено 1; входящих связей 1, исходящих 2; вход 90,000 KZT. Пороги значимых ролей не достигнуты.",1,False,1,2,90000,257500,1,4,0.000296079660508,1.18888110832e-06,True,2.86111111111,True,False,True,1,1,False,0,1,0,0,1,0.424460431655,0,90000,64375,0.76906779661,1,peripheral,1,unobserved_funding,0.03,0.0625,0.150162264807,0.0518460854093,0,1
100000005317181100,peripheral,0.5,7,0.44115747,"Колено 3; входящих связей 1, исходящих 1; вход 141,250 KZT. Пороги значимых ролей не достигнуты.",3,False,1,1,141250,14500,1,1,0.000320583484472,1.92202445845e-05,True,0.102654867257,True,False,False,7,0,False,0,0,0,0,1,0.906902086677,0,141250,14500,0.641318124208,1,peripheral,1,none,0.03,0.1875,0.140717083313,0.0829403914591,0,1
100000005326681100,peripheral,0.5,3,0.38581244,"Колено 2; входящих связей 1, исходящих 0; вход 31,228 KZT. Пороги значимых ролей не достигнуты.",2,False,1,0,31228,0,1,0,0.000293895623109,0,True,0,True,False,False,7,0,False,0,0,0,0,1,1,0,31228,0,0.28354978355,1,peripheral,1,none,0.03,0.1875,0.121804434668,0.0465080071174,0,1
100000005328215100,peripheral,0.5,10,0.26543925,"Колено 2; входящих связей 1, исходящих 0; вход 27,000 KZT. Пороги значимых ролей не достигнуты.",2,False,1,0,27000,0,1,0,0.000296808771942,0,True,0,True,False,False,1,0,False,0,0,0,0,1,1,0,27000,0,0.235930735931,1,peripheral,1,none,0.03,0.0625,0.120092277808,0.052846975089,0,1
100000005339662100,peripheral,0.5,3,0.55183001,"Колено 1; входящих связей 4, исходящих 4; вход 202,939 KZT. Пороги значимых ролей не достигнуты.",1,False,4,4,202939,295160,9,15,0.00165502282469,0.000139624694758,True,1.45442719241,True,False,True,7,1,True,2,2,0.388540398839,1.38998097654,2,0.290432223313,0.25,22548.7777778,19677.3333333,0.843220338983,2,peripheral,4,unobserved_funding;directed_cycle,0.03,0.1875,0.15439970037,0.146596975089,0.0333333333333,1
100000005342513100,terminal,0.705556,20,0.53666686,"Колено 3; вход 235,000 KZT; исходящих связей 1, выход/вход=0.13. Получатель в видимой выборке.",3,False,1,1,235000,30000,2,1,0.00113669355156,0,True,0.127659574468,True,False,False,1,0,True,1,1,0,0,1,0.698113207547,0,117500,30000,0.738910012674,1,terminal,0,directed_cycle,0.15,0.0625,0.146972313171,0.143861209964,0.0333333333333,1
100000005357034100,peripheral,0.5,1,0.32887933,"Колено 3; входящих связей 1, исходящих 0; вход 9,754 KZT. Пороги значимых ролей не достигнуты.",3,False,1,0,9754,0,1,0,0.000284582910226,0,True,0,True,False,False,7,0,False,0,0,0,0,1,1,1,9754,0,0.0456273764259,1,peripheral,1,none,0.03,0.1875,0.108109755051,0.00326957295374,0,1
100000005357705100,peripheral,0.5,7,0.41907454,"Колено 3; входящих связей 1, исходящих 4; вход 52,595 KZT. Пороги значимых ролей не достигнуты.",3,False,1,4,52595,387080,1,5,0.000294654013888,7.68809783382e-05,True,7.35963494629,True,False,True,7,0,False,0,1,0,0,1,0.382862341502,0,52595,77416,0.836501901141,1,peripheral,1,unobserved_funding,0.03,0.1875,0.152931296851,0.0486432384342,0,1
100000005360814100,peripheral,0.25,18,0.46745849,"4-е колено: исходящие не выгружены. Вход 1 плательщиков, 144,000 KZT. Роль за границей обхода не установлена.",4,False,1,0,144000,0,3,0,0.000431169529562,0,True,0,True,True,False,7,0,False,0,1,0,0,1,0.409722222222,0,48000,0,0.791666666667,1,peripheral,0,truncated_depth4,0.03,0.1875,0.139793898233,0.110164590747,0,1
100000005362848100,peripheral,0.5,14,0.38747688,"Колено 3; входящих связей 1, исходящих 0; вход 29,000 KZT. Пороги значимых ролей не достигнуты.",3,False,1,0,29000,0,1,0,0.000294767202332,0,True,0,True,False,False,7,0,False,0,0,0,0,1,1,0,29000,0,0.275031685678,1,peripheral,1,none,0.03,0.1875,0.120933288674,0.049043594306,0,1
100000005363908100,peripheral,0.5,40,0.30686672,"Колено 1; входящих связей 1, исходящих 1; вход 19,500 KZT. Пороги значимых ролей не достигнуты.",1,False,1,1,19500,19500,1,1,0.000336639860784,0,True,1,True,False,False,1,1,False,0,0,0,0,1,1,0,19500,19500,0.302966101695,1,peripheral,0,none,0.03,0.0625,0.124420104421,0.0899466192171,0,1
100000005367180100,peripheral,0.25,7,0.46161711,"4-е колено: исходящие не выгружены. Вход 1 плательщиков, 7,700 KZT. Роль за границей обхода не установлена.",4,False,1,0,7700,0,1,0,0.000777499947043,0,True,0,True,True,False,7,0,False,0,0,0,0,1,1,1,7700,0,0.123873873874,1,peripheral,0,truncated_depth4,0.03,0.1875,0.105327079324,0.138790035587,0,1
100000005367284100,peripheral,0.5,7,0.36732711,"Колено 3; входящих связей 1, исходящих 2; вход 13,700 KZT. Пороги значимых ролей не достигнуты.",3,False,1,2,13700,48300,1,5,0.000287582046477,3.84404891691e-05,True,3.52554744526,True,False,True,7,0,False,0,2,0,0,1,0.441935483871,0.5,13700,9660,0.449302915082,1,peripheral,1,unobserved_funding,0.03,0.1875,0.129876041996,0.0199510676157,0,1
100000005367445100,peripheral,0.5,22,0.56008774,"Колено 3; входящих связей 1, исходящих 1; вход 5,000 KZT. Пороги значимых ролей не достигнуты.",3,False,1,1,5000,5000,1,1,0.00193791693436,0,True,1,True,False,False,9,0,True,1,0,1,1,1,0.5,1,5000,5000,0.0551330798479,1,peripheral,0,fast_temporal_match;directed_cycle,0.03,0.20762050593,0.10840287741,0.147397686833,0.0666666666667,1
100000005370558100,peripheral,0.25,13,0.37272822,"4-е колено: исходящие не выгружены. Вход 1 плательщиков, 5,000 KZT. Роль за границей обхода не установлена.",4,False,1,0,5000,0,1,0,0.000297677021398,0,True,0,True,True,False,7,0,False,0,0,0,0,1,1,1,5000,0,0.0236486486486,1,peripheral,0,truncated_depth4,0.03,0.1875,0.100246013331,0.0549822064057,0,1
100000005370580100,peripheral,0.5,22,0.25747522,"Колено 0; входящих связей 1, исходящих 0; вход 24,075 KZT. Пороги значимых ролей не достигнуты.",0,True,1,0,24075,0,1,0,0.000343996208288,0,True,0,False,False,False,7,0,False,0,0,0,0,1,1,0,24075,0,0.283950617284,1,peripheral,0,seed,0.03,0.1875,0.118742798204,0.0928825622776,0,0.6
100000005375968100,peripheral,0.5,1,0.40970999,"Колено 3; входящих связей 1, исходящих 2; вход 170,082 KZT. Пороги значимых ролей не достигнуты.",3,False,1,2,170082,86000,1,4,0.00029354955129,3.84404891691e-05,True,0.505638456744,True,False,False,7,0,False,0,1,0.0587951693889,2,1,0.742270054123,0.2,170082,21500,0.735107731305,1,peripheral,1,none,0.03,0.1875,0.14656941755,0.045640569395,0,1
100000005382566100,consolidator,0.6,23,0.50920043,"Вход от 7 плательщиков (seed: 6); 393,066 KZT; исходящих связей 1. Признаки консолидации.",0,True,7,1,393066,50000,11,1,0.00209776211961,4.63663632246e-05,True,0.127205100416,False,False,False,14,6,True,1,2,0.0737789582411,1,2,0.221186008405,0.166666666667,35733.2727273,50000,0.691358024691,2,consolidator,0,seed;directed_cycle,0.27,0.244180662226,0.153021721338,0.148131672598,0.0333333333333,0.6
100000005386383100,peripheral,0.5,23,0.27990351,"Колено 0; входящих связей 2, исходящих 1; вход 37,500 KZT. Пороги значимых ролей не достигнуты.",0,True,2,1,37500,29000,2,1,0.000521220578477,2.85232392572e-05,True,0.773333333333,False,False,False,7,0,False,0,0,0,0,2,0.563909774436,0,18750,29000,0.444444444444,3,peripheral,1,seed,0.03,0.1875,0.130700693889,0.118305160142,0,0.6
100000005392290100,peripheral,0.5,48,0.09871449,"Колено 0; входящих связей 0, исходящих 1; вход 0 KZT. Пороги значимых ролей не достигнуты.",0,True,0,1,0,81465,0,1,0.000284037399667,0,False,0,False,False,True,0,0,False,0,0,0,0,0,1,0,0,81465,0.469135802469,1,peripheral,0,seed;unobserved_funding,0.03,0,0.133089548041,0.00143460854093,0,0.6
100000005394708100,peripheral,0.5,23,0.35264107,"Колено 1; входящих связей 1, исходящих 1; вход 26,000 KZT. Пороги значимых ролей не достигнуты.",1,False,1,1,26000,65000,1,1,0.00034325652256,1.98146851387e-07,True,2.5,True,False,True,1,1,False,0,0,1,1,1,0.714285714286,0,26000,65000,0.537076271186,1,peripheral,0,unobserved_funding;fast_temporal_match,0.03,0.0625,0.134392259295,0.092415480427,0.0333333333333,1
100000005395727100,peripheral,0.5,3,0.25918183,"Колено 0; входящих связей 1, исходящих 0; вход 17,000 KZT. Пороги значимых ролей не достигнуты.",0,True,1,0,17000,0,1,0,0.000369107536624,0,True,0,False,False,False,7,0,False,0,0,0,0,1,1,0,17000,0,0.271604938272,1,peripheral,0,seed,0.03,0.1875,0.114647656559,0.0998220640569,0,0.6
100000005402643100,peripheral,0.5,2,0.28887633,"Колено 2; входящих связей 1, исходящих 1; вход 127,800 KZT. Пороги значимых ролей не достигнуты.",2,False,1,1,127800,90000,1,1,0.000295982996226,3.96293702774e-07,True,0.704225352113,True,False,False,1,0,False,0,0,0,0,1,0.586776859504,0,127800,90000,0.69696969697,1,peripheral,1,none,0.03,0.0625,0.14466369182,0.051712633452,0,1
100000005409156100,terminal,0.733422,5,0.59261474,"Колено 3; вход 260,080 KZT; исходящих связей 0, выход/вход=0.00. Получатель в видимой выборке.",3,False,2,0,260080,0,2,0,0.00042142610502,0,True,0,True,False,False,7,0,False,0,0,0,0,1,0.727314672408,0,130040,0,0.737642585551,2,terminal,2,none,0.15,0.1875,0.146751745888,0.108362989324,0,1
100000005409680100,terminal,0.505622,11,0.37221124,"Колено 0; вход 55,060 KZT; исходящих связей 0, выход/вход=0.00. Получатель в видимой выборке.",0,True,2,0,55060,0,2,0,0.000629323612682,0,True,0,False,False,False,9,0,False,0,0,0,0,1,0.599346167817,0,27530,0,0.41975308642,2,terminal,0,seed,0.15,0.20762050593,0.128478890431,0.134252669039,0,0.6
100000005413948100,peripheral,0.5,22,0.54101541,"Колено 2; входящих связей 2, исходящих 1; вход 28,215 KZT. Пороги значимых ролей не достигнуты.",2,False,2,1,28215,5000,2,1,0.00194574281324,2.17961536526e-05,True,0.177210703526,True,False,False,9,0,True,1,0,0,0,1,0.698931205781,0.666666666667,14107.5,5000,0.292207792208,1,peripheral,0,directed_cycle,0.03,0.20762050593,0.122530434844,0.14753113879,0.0333333333333,1
100000005417257100,peripheral,0.5,23,0.10057359,"Колено 0; входящих связей 0, исходящих 2; вход 0 KZT. Пороги значимых ролей не достигнуты.",0,True,0,2,0,106000,0,2,0.000284037399667,0,False,0,False,False,True,0,0,False,0,0,0,0,0,0.754716981132,0,0,53000,0.543209876543,1,peripheral,0,seed;unobserved_funding,0.03,0,0.13618803638,0.00143460854093,0,0.6
100000005432267100,terminal,0.833334,4,0.60794246,"Колено 1; вход 350,001 KZT; исходящих связей 0, выход/вход=0.00. Получатель в видимой выборке.",1,False,2,0,350001,0,2,0,0.000340351368752,0,True,0,True,False,False,10,1,False,0,0,0,0,2,1,0,175000.5,0,0.771186440678,2,terminal,2,none,0.15,0.216214476165,0.150246668195,0.091481316726,0,1
100000005454368100,peripheral,0.5,22,0.26948185,"Колено 0; входящих связей 2, исходящих 0; вход 48,600 KZT. Пороги значимых ролей не достигнуты.",0,True,2,0,48600,0,2,0,0.000391886060477,0,True,0,False,False,False,7,0,False,0,0,0,0,1,0.609053497942,0,24300,0,0.37037037037,2,peripheral,0,seed,0.03,0.1875,0.127010077487,0.10462633452,0,0.6
100000005456919100,terminal,0.977722,36,0.54578115,"Колено 1; вход 479,950 KZT; исходящих связей 1, выход/вход=0.01. Получатель в видимой выборке.",1,False,2,1,479950,5000,10,1,0.00143267526682,0,True,0.0104177518492,True,False,False,1,1,True,1,2,0.0104177518492,2,2,0.390040210331,0.0909090909091,47995,5000,0.83686440678,1,terminal,0,directed_cycle,0.15,0.0625,0.154084829134,0.145862989324,0.0333333333333,1
100000005473151100,terminal,1,14,0.67092269,"Колено 1; вход 1,220,000 KZT; исходящих связей 4, выход/вход=0.18. Получатель в видимой выборке.",1,False,3,4,1220000,225000,4,6,0.000465606223941,0.000241597625227,True,0.184426229508,True,False,False,9,1,True,1,2,0.0204918032787,2,2,0.858131487889,0,305000,37500,0.949152542373,3,terminal,2,directed_cycle,0.15,0.20762050593,0.166935045534,0.113033807829,0.0333333333333,1
100000005474472100,terminal,0.555556,12,0.47364726,"Колено 2; вход 100,000 KZT; исходящих связей 0, выход/вход=0.00. Получатель в видимой выборке.",2,False,1,0,100000,0,1,0,0.000541706921619,0,True,0,True,False,False,1,0,False,0,0,0,0,1,1,0,100000,0,0.538961038961,1,terminal,0,none,0.15,0.0625,0.135502243335,0.125645017794,0,1
100000005475379100,peripheral,0.5,1,0.47923384,"Колено 3; входящих связей 1, исходящих 3; вход 108,370 KZT. Пороги значимых ролей не достигнуты.",3,False,1,3,108370,81000,1,3,0.000419114043831,6.53884609577e-05,True,0.747439328227,True,False,False,8,0,False,0,0,0,0,1,0.572265934414,0,108370,27000,0.675538656527,1,peripheral,1,none,0.03,0.19812031259,0.14301743864,0.108096085409,0,1
100000005480435100,peripheral,0.25,0,0.01886077,Seed; 0 связей и 0 KZT в выгрузке. Данных для поведенческой роли недостаточно.,0,True,0,0,0,0,0,0,0.000284037399667,0,False,0,False,False,False,0,0,False,0,0,0,0,0,0,0,0,0,0.123456790123,0,peripheral,0,seed;no_observed_edges,0.03,0,0,0.00143460854093,0,0.6
100000005481280100,peripheral,0.5,3,0.43200922,"Колено 2; входящих связей 1, исходящих 3; вход 32,700 KZT. Пороги значимых ролей не достигнуты.",2,False,1,3,32700,50000,1,3,0.000294360312007,4.36601344966e-05,True,1.52905198777,True,False,True,7,0,False,0,0,0.519877675841,1,1,0.395405078597,0,32700,16666.6666667,0.480519480519,2,peripheral,1,unobserved_funding;fast_temporal_match,0.03,0.1875,0.133266632194,0.047909252669,0.0333333333333,1
100000005485830100,peripheral,0.5,39,0.10732842,"Колено 0; входящих связей 0, исходящих 5; вход 0 KZT. Пороги значимых ролей не достигнуты.",0,True,0,5,0,275885,0,9,0.000284037399667,0,False,0,False,False,True,0,0,False,0,2,0,0,0,0.463961433206,0.111111111111,0,30653.8888889,0.654320987654,1,peripheral,0,seed;unobserved_funding,0.03,0,0.147446086861,0.00143460854093,0,0.6
100000005493505100,terminal,0.513356,22,0.38239514,"Колено 0; вход 62,020 KZT; исходящих связей 0, выход/вход=0.00. Получатель в видимой выборке.",0,True,3,0,62020,0,3,0,0.000613666085368,0,True,0,False,False,False,11,1,False,0,0,0,0,1,0.419542083199,0,20673.3333333,0,0.432098765432,1,terminal,0,seed,0.15,0.224060156295,0.129879837956,0.133385231317,0,0.6
100000005495211100,peripheral,0.25,7,0.45952387,"4-е колено: исходящие не выгружены. Вход 1 плательщиков, 14,500 KZT. Роль за границей обхода не установлена.",4,False,1,0,14500,0,1,0,0.00055653338404,0,True,0,True,True,False,7,0,False,0,0,0,0,1,1,0,14500,0,0.27027027027,1,peripheral,0,truncated_depth4,0.03,0.1875,0.112775653641,0.129248220641,0,1
100000005495722100,peripheral,0.25,0,0.01886077,Seed; 0 связей и 0 KZT в выгрузке. Данных для поведенческой роли недостаточно.,0,True,0,0,0,0,0,0,0.000284037399667,0,False,0,False,False,False,0,0,False,0,0,0,0,0,0,0,0,0,0.123456790123,0,peripheral,0,seed;no_observed_edges,0.03,0,0,0.00143460854093,0,0.6
100000005496254100,peripheral,0.5,1,0.34019262,"Колено 1; входящих связей 1, исходящих 0; вход 12,700 KZT. Пороги значимых ролей не достигнуты.",1,False,1,0,12700,0,1,0,0.000286401990195,0,True,0,True,False,False,7,1,False,0,0,0,0,1,1,0,12700,0,0.0466101694915,1,peripheral,1,none,0.03,0.1875,0.111215752181,0.0114768683274,0,1
100000005497148100,peripheral,0.25,5,0.45164202,"4-е колено: исходящие не выгружены. Вход 1 плательщиков, 24,000 KZT. Роль за границей обхода не установлена.",4,False,1,0,24000,0,2,0,0.000487124338099,0,True,0,True,True,False,7,0,False,0,1,0,0,1,0.583333333333,0,12000,0,0.421171171171,1,peripheral,0,truncated_depth4,0.03,0.1875,0.118706077189,0.11543594306,0,1
100000005498992100,distributor,0.6,9,0.24818915,"Переводы 16 получателям; 19 операций; 2,262,868 KZT. Признаки веерного распределения.",0,True,0,16,0,2262868,0,19,0.000284037399667,0,False,0,False,False,True,0,0,False,0,3,0,0,0,0.187814755434,0,0,119098.315789,0.901234567901,4,distributor,3,seed;unobserved_funding,0.24,0,0.172213971633,0.00143460854093,0,0.6
100000005505655100,peripheral,0.5,26,0.46155246,"Колено 1; входящих связей 2, исходящих 1; вход 33,070 KZT. Пороги значимых ролей не достигнуты.",1,False,2,1,33070,20000,2,1,0.000319700080826,0.000269083424184,True,0.604777744179,True,False,False,7,1,True,1,0,0,0,1,0.623139250047,0,16535,20000,0.400423728814,2,peripheral,1,directed_cycle,0.03,0.1875,0.128045640713,0.0826734875445,0.0333333333333,1
100000005507142100,peripheral,0.5,33,0.39530066,"Колено 2; входящих связей 3, исходящих 3; вход 51,000 KZT. Пороги значимых ролей не достигнуты.",2,False,3,3,51000,100000,3,4,0.000555533317703,4.5573775819e-06,True,1.96078431373,True,False,True,1,0,True,2,1,0,0,1,0.264900662252,0,17000,25000,0.616883116883,2,peripheral,0,unobserved_funding;directed_cycle,0.03,0.0625,0.140352554944,0.129114768683,0.0333333333333,1
100000005514161100,terminal,0.890556,9,0.650188,"Колено 1; вход 401,500 KZT; исходящих связей 1, выход/вход=0.12. Получатель в видимой выборке.",1,False,4,1,401500,50000,7,1,0.000801182450205,4.0421957683e-05,True,0.124533001245,True,False,False,9,1,False,0,2,0,0,2,0.326688815061,0,57357.1428571,50000,0.819915254237,3,terminal,1,none,0.15,0.20762050593,0.153243655172,0.139323843416,0,1
100000005519347100,peripheral,0.5,3,0.30489609,"Колено 0; входящих связей 2, исходящих 1; вход 73,100 KZT. Пороги значимых ролей не достигнуты.",0,True,2,1,73100,99000,2,1,0.000553151074007,1.51912586063e-06,True,1.35430916553,False,False,True,9,1,False,0,0,0,0,1,0.575246949448,0,36550,99000,0.604938271605,1,peripheral,0,seed;unobserved_funding,0.03,0.20762050593,0.141891955851,0.128647686833,0,0.6
100000005519998100,transit,0.793956,24,0.68665393,"Вход 182,000 KZT; выход/вход=1.03; сопоставлено за 1–2 дня 34%. Признаки транзита.",2,False,3,3,182000,188000,5,8,0.00064780199618,5.98403491189e-05,True,1.03296703297,True,False,False,7,0,True,2,3,0.340659340659,1.8064516129,1,0.216216216216,0.230769230769,36400,23500,0.774891774892,1,transit,0,directed_cycle,0.18,0.1875,0.150900665731,0.134919928826,0.0333333333333,1
100000005523088100,terminal,1,23,0.42308105,"Колено 0; вход 700,000 KZT; исходящих связей 0, выход/вход=0.00. Получатель в видимой выборке.",0,True,1,0,700000,0,2,0,0.00170429802707,0,True,0,False,False,False,15,1,False,0,1,0,0,1,1,0,350000,0,0.728395061728,1,terminal,0,seed,0.15,0.25,0.158404658613,0.146730427046,0,0.6
100000005527892100,peripheral,0.5,2,0.46141587,"Колено 1; входящих связей 3, исходящих 8; вход 220,001 KZT. Пороги значимых ролей не достигнуты.",1,False,3,8,220001,552419,3,8,0.000310718807845,0.00049557133751,True,2.51098404098,True,False,True,8,1,False,0,0,0.454543388439,1.3,1,0.259975143057,0,73333.6666667,69052.375,0.898305084746,4,peripheral,6,unobserved_funding,0.03,0.19812031259,0.159563348458,0.0737322064057,0,1
100000005530114100,peripheral,0.5,13,0.47464772,"Колено 3; входящих связей 2, исходящих 1; вход 136,970 KZT. Пороги значимых ролей не достигнуты.",3,False,2,1,136970,25000,2,1,0.000491960387269,4.45830415621e-06,True,0.182521720085,True,False,False,7,0,False,0,0,0.182521720085,2,1,0.555658455269,0,68485,25000,0.647655259823,2,peripheral,1,none,0.03,0.1875,0.141177964519,0.11596975089,0,1
100000005532138100,peripheral,0.5,9,0.37841189,"Колено 3; входящих связей 1, исходящих 0; вход 25,046 KZT. Пороги значимых ролей не достигнуты.",3,False,1,0,25046,0,1,0,0.000292201630573,0,True,0,True,False,False,7,0,False,0,0,0,0,1,1,0,25046,0,0.235741444867,1,peripheral,1,none,0.03,0.1875,0.119208149932,0.0417037366548,0,1
100000005539201100,peripheral,0.5,3,0.37678028,"Колено 1; входящих связей 1, исходящих 1; вход 45,504 KZT. Пороги значимых ролей не достигнуты.",1,False,1,1,45504,25000,1,1,0.000288897722936,4.19741080188e-05,True,0.549402250352,True,False,False,7,1,False,0,0,0,0,1,0.645410189493,0,45504,25000,0.466101694915,1,peripheral,1,none,0.03,0.1875,0.131388820863,0.0278914590747,0,1
100000005539910100,peripheral,0.5,4,0.50041839,"Колено 2; входящих связей 1, исходящих 2; вход 102,000 KZT. Пороги значимых ролей не достигнуты.",2,False,1,2,102000,22000,1,2,0.000495770559939,4.79515380357e-05,True,0.21568627451,True,False,False,10,0,False,0,0,0,0,1,0.822580645161,0,102000,11000,0.577922077922,1,peripheral,0,none,0.03,0.216214476165,0.13803398794,0.116169928826,0,1
100000005543136100,peripheral,0.5,22,0.08390249,"Колено 0; входящих связей 0, исходящих 1; вход 0 KZT. Пороги значимых ролей не достигнуты.",0,True,0,1,0,10000,0,1,0.000284037399667,0,False,0,False,False,True,0,0,False,0,0,0,0,0,1,0,0,10000,0.246913580247,1,peripheral,0,seed;unobserved_funding,0.03,0,0.10840287741,0.00143460854093,0,0.6
100000005546031100,peripheral,0.5,40,0.39497346,"Колено 1; входящих связей 3, исходящих 1; вход 66,800 KZT. Пороги значимых ролей не достигнуты.",1,False,3,1,66800,8000,6,1,0.000708042493384,5.94440554161e-07,True,0.119760479042,True,False,False,1,1,True,1,2,0.119760479042,2,2,0.552139037433,0.714285714286,11133.3333333,8000,0.474576271186,1,peripheral,0,directed_cycle,0.03,0.0625,0.132084962681,0.137055160142,0.0333333333333,1
100000005547096100,peripheral,0.5,40,0.41308247,"Колено 2; входящих связей 1, исходящих 2; вход 8,000 KZT. Пороги значимых ролей не достигнуты.",2,False,1,2,8000,226300,1,3,0.000885873573689,3.96293702774e-07,True,28.2875,True,False,True,1,0,True,1,1,0,0,1,0.89628681178,0.75,8000,75433.3333333,0.712121212121,1,peripheral,0,unobserved_funding;directed_cycle,0.03,0.0625,0.145523162095,0.141725978648,0.0333333333333,1
100000005550592100,peripheral,0.25,0,0.01886077,Seed; 0 связей и 0 KZT в выгрузке. Данных для поведенческой роли недостаточно.,0,True,0,0,0,0,0,0,0.000284037399667,0,False,0,False,False,False,0,0,False,0,0,0,0,0,0,0,0,0,0.123456790123,0,peripheral,0,seed;no_observed_edges,0.03,0,0,0.00143460854093,0,0.6
100000005553088100,peripheral,0.25,18,0.37552706,"4-е колено: исходящие не выгружены. Вход 1 плательщиков, 17,500 KZT. Роль за границей обхода не установлена.",4,False,1,0,17500,0,1,0,0.00029269515242,0,True,0,True,True,False,7,0,False,0,0,0,0,1,1,0,17500,0,0.329954954955,1,peripheral,0,truncated_depth4,0.03,0.1875,0.114988807481,0.0430382562278,0,1
100000005560900100,peripheral,0.25,0,0.01886077,Seed; 0 связей и 0 KZT в выгрузке. Данных для поведенческой роли недостаточно.,0,True,0,0,0,0,0,0,0.000284037399667,0,False,0,False,False,False,0,0,False,0,0,0,0,0,0,0,0,0,0.123456790123,0,peripheral,0,seed;no_observed_edges,0.03,0,0,0.00143460854093,0,0.6
100000005561741100,peripheral,0.5,14,0.44308371,"Колено 2; входящих связей 1, исходящих 0; вход 25,000 KZT. Пороги значимых ролей не достигнуты.",2,False,1,0,25000,0,1,0,0.000328011324578,0,True,0,True,False,False,9,0,False,0,0,0,0,1,1,0,25000,0,0.214285714286,1,peripheral,0,none,0.03,0.20762050593,0.119186514696,0.0862766903915,0,1
100000005567828100,peripheral,0.25,14,0.43401333,"4-е колено: исходящие не выгружены. Вход 1 плательщиков, 94,000 KZT. Роль за границей обхода не установлена.",4,False,1,0,94000,0,1,0,0.000318957108035,0,True,0,True,True,False,7,0,False,0,0,0,0,1,1,0,94000,0,0.707207207207,1,peripheral,1,truncated_depth4,0.03,0.1875,0.134774004256,0.0817393238434,0,1
100000005568407100,peripheral,0.25,0,0.01886077,Seed; 0 связей и 0 KZT в выгрузке. Данных для поведенческой роли недостаточно.,0,True,0,0,0,0,0,0,0.000284037399667,0,False,0,False,False,False,0,0,False,0,0,0,0,0,0,0,0,0,0.123456790123,0,peripheral,0,seed;no_observed_edges,0.03,0,0,0.00143460854093,0,0.6
100000005572303100,peripheral,0.5,3,0.4272651,"Колено 2; входящих связей 1, исходящих 1; вход 75,000 KZT. Пороги значимых ролей не достигнуты.",2,False,1,1,75000,20000,1,1,0.000311561242517,3.84404891691e-05,True,0.266666666667,True,False,False,7,0,False,0,0,0,0,1,0.789473684211,0,75000,20000,0.525974025974,1,peripheral,0,none,0.03,0.1875,0.134898549763,0.0748665480427,0,1
100000005578559100,distributor,0.683333,14,0.76067569,"Переводы 21 получателям; 23 операций; 893,164 KZT. Признаки веерного распределения.",2,False,2,21,131000,893163.67,2,23,0.000388781708852,0.000966751411244,True,6.81804328244,True,False,True,7,0,True,0,2,1,1.53435114504,1,0.280614327981,0.04,65500,38833.2030435,0.893939393939,4,distributor,3,unobserved_funding;fast_temporal_match;directed_cycle,0.24,0.1875,0.16288357649,0.10362544484,0.0666666666667,1
100000005584222100,peripheral,0.5,1,0.54017528,"Колено 1; входящих связей 2, исходящих 2; вход 192,717 KZT. Пороги значимых ролей не достигнуты.",1,False,2,2,192717,108587,6,3,0.00086875166001,3.86386360205e-05,True,0.563453146323,True,False,False,7,1,True,1,3,0.207558233057,2,1,0.584847861296,0.111111111111,32119.5,36195.6666667,0.752118644068,1,peripheral,1,directed_cycle,0.03,0.1875,0.148483401056,0.140858540925,0.0333333333333,1
100000005588444100,peripheral,0.5,9,0.20740941,"Колено 1; входящих связей 1, исходящих 0; вход 12,300 KZT. Пороги значимых ролей не достигнуты.",1,False,1,0,12300,0,1,0,0.000284738108648,0,True,0,True,False,False,1,1,False,0,0,0,0,1,1,0,12300,0,0.0423728813559,1,peripheral,1,none,0.03,0.0625,0.11083912409,0.00407028469751,0,1
100000005589319100,peripheral,0.25,1,0.40807782,"4-е колено: исходящие не выгружены. Вход 1 плательщиков, 26,000 KZT. Роль за границей обхода не установлена.",4,False,1,0,26000,0,1,0,0.000308263841018,0,True,0,True,True,False,7,0,False,0,0,0,0,1,1,0,26000,0,0.441441441441,1,peripheral,1,truncated_depth4,0.03,0.1875,0.119648107326,0.0709297153025,0,1
100000005602999100,peripheral,0.5,16,0.4768459,"Колено 2; входящих связей 1, исходящих 2; вход 5,000 KZT. Пороги значимых ролей не достигнуты.",2,False,1,2,5000,16000,1,3,0.00030312215172,4.20071324941e-05,True,3.2,True,False,True,8,0,True,1,1,1,2,1,0.52380952381,1,5000,5333.33333333,0.167748917749,1,peripheral,0,unobserved_funding;fast_temporal_match;directed_cycle,0.03,0.19812031259,0.117134540826,0.0649243772242,0.0666666666667,1
100000005608515100,terminal,0.515556,9,0.38171768,"Колено 2; вход 64,000 KZT; исходящих связей 0, выход/вход=0.00. Получатель в видимой выборке.",2,False,1,0,64000,0,4,0,0.000291571197223,0,True,0,True,False,False,1,0,False,0,1,0,0,1,0.78125,0.5,16000,0,0.438311688312,1,terminal,0,none,0.15,0.0625,0.130249704435,0.0389679715302,0,1
100000005610717100,peripheral,0.5,7,0.46886054,"Колено 3; входящих связей 4, исходящих 1; вход 484,500 KZT. Пороги значимых ролей не достигнуты.",3,False,4,1,484500,265200,6,7,0.000342536676863,1.92202445845e-05,True,0.547368421053,True,False,False,7,0,False,0,2,0.216511867905,1,1,0.281579298386,0.0769230769231,80750,37885.7142857,0.906210392902,4,peripheral,4,none,0.03,0.1875,0.159211964823,0.0921485765125,0,1
100000005612411100,peripheral,0.5,4,0.5036196,"Колено 1; входящих связей 3, исходящих 8; вход 115,500 KZT. Пороги значимых ролей не достигнуты.",1,False,3,8,115500,506997,4,8,0.000325399657846,0.000155347131487,True,4.38958441558,True,False,True,8,1,False,0,1,1,1.12987012987,2,0.321286688932,0,28875,63374.625,0.877118644068,3,peripheral,2,unobserved_funding;fast_temporal_match,0.03,0.19812031259,0.157023601979,0.0851423487544,0.0333333333333,1
100000005614315100,terminal,0.95,3,0.62128383,"Колено 2; вход 455,000 KZT; исходящих связей 0, выход/вход=0.00. Получатель в видимой выборке.",2,False,1,0,455000,0,1,0,0.000571622698183,0,True,0,True,False,False,7,0,False,0,0,0,0,1,1,0,455000,0,0.811688311688,1,terminal,0,none,0.15,0.1875,0.153334540096,0.130449288256,0,1
100000005616568100,peripheral,0.25,5,0.48252802,"4-е колено: исходящие не выгружены. Вход 1 плательщиков, 530,000 KZT. Роль за границей обхода не установлена.",4,False,1,0,530000,0,1,0,0.000429444129567,0,True,0,True,True,False,7,0,False,0,0,0,0,1,1,0,530000,0,0.954954954955,1,peripheral,0,truncated_depth4,0.03,0.1875,0.155130331823,0.109897686833,0,1
100000005619339100,peripheral,0.5,3,0.40828533,"Колено 2; входящих связей 1, исходящих 1; вход 5,000 KZT. Пороги значимых ролей не достигнуты.",2,False,1,1,5000,5442.6,1,1,0.000319060879467,0,True,1.08852,True,False,False,7,0,False,0,0,0,0,1,0.521192040296,1,5000,5442.6,0.0714285714286,1,peripheral,1,none,0.03,0.1875,0.108912549747,0.0818727758007,0,1
100000005620225100,peripheral,0.5,1,0.39338445,"Колено 1; входящих связей 2, исходящих 0; вход 49,846 KZT. Пороги значимых ролей не достигнуты.",1,False,2,0,49845.66,0,2,0,0.000294622214111,0,True,0,True,False,False,7,1,False,0,0,0,0,1,0.881180026506,0.5,24922.83,0,0.372881355932,1,peripheral,2,none,0.03,0.1875,0.127307934418,0.0485765124555,0,1
100000005621418100,peripheral,0.25,27,0.40756004,"4-е колено: исходящие не выгружены. Вход 1 плательщиков, 30,000 KZT. Роль за границей обхода не установлена.",4,False,1,0,30000,0,1,0,0.000306100855862,0,True,0,True,True,False,7,0,False,0,0,0,0,1,1,0,30000,0,0.470720720721,1,peripheral,0,truncated_depth4,0.03,0.1875,0.121332281665,0.0687277580071,0,1
100000005628518100,terminal,0.53,11,0.59176777,"Колено 3; вход 77,000 KZT; исходящих связей 0, выход/вход=0.00. Получатель в видимой выборке.",3,False,1,0,77000,0,3,0,0.000529840690819,0,True,0,True,False,False,7,0,False,0,1,0,0,1,0.61038961039,0,25666.6666667,0,0.48288973384,1,terminal,0,none,0.15,0.1875,0.132426128887,0.121841637011,0,1
100000005634552100,peripheral,0.5,1,0.39727395,"Колено 1; входящих связей 1, исходящих 3; вход 25,850 KZT. Пороги значимых ролей не достигнуты.",1,False,1,3,25850,1196000,1,4,0.000286798461475,2.91771238667e-05,True,46.2669245648,True,False,True,7,1,False,0,1,0,0,1,0.621189180341,0,25850,299000,0.936440677966,2,peripheral,2,unobserved_funding,0.03,0.1875,0.164960782299,0.0148131672598,0,1
100000005636951100,peripheral,0.25,9,0.35153747,"4-е колено: исходящие не выгружены. Вход 1 плательщиков, 40,000 KZT. Роль за границей обхода не установлена.",4,False,1,0,40000,0,1,0,0.000631413756998,0,True,0,True,True,False,1,0,False,0,0,0,0,1,1,0,40000,0,0.533783783784,1,peripheral,0,truncated_depth4,0.03,0.0625,0.124718076465,0.134319395018,0,1
100000005660203100,terminal,1,3,0.6698863,"Колено 2; вход 572,899 KZT; исходящих связей 2, выход/вход=0.07. Получатель в видимой выборке.",2,False,1,2,572899,41000,12,5,0.00094135021968,1.94183914359e-05,True,0.071565843194,True,False,False,7,0,True,1,2,0.0628383013411,1.80555555556,1,0.276918515912,0.294117647059,47741.5833333,8200,0.852813852814,1,terminal,0,directed_cycle,0.15,0.1875,0.156859906547,0.142193060498,0.0333333333333,1
100000005661528100,peripheral,0.5,18,0.36744719,"Колено 3; входящих связей 1, исходящих 0; вход 25,000 KZT. Пороги значимых ролей не достигнуты.",3,False,1,0,25000,0,1,0,0.000289516980369,0,True,0,True,False,False,7,0,False,0,0,0,0,1,1,0,25000,0,0.229404309252,1,peripheral,1,none,0.03,0.1875,0.119186514696,0.0307606761566,0,1
100000005661829100,peripheral,0.5,11,0.38499859,"Колено 3; входящих связей 1, исходящих 2; вход 37,790 KZT. Пороги значимых ролей не достигнуты.",3,False,1,2,37790,40362,1,4,0.000290454202606,2.22920989406e-06,True,1.06806033342,True,False,False,7,0,False,0,1,0.457528446679,1,1,0.694671921384,0.4,37790,10090.5,0.484157160963,2,peripheral,2,none,0.03,0.1875,0.132600907341,0.0348976868327,0,1
100000005664632100,terminal,0.665133,4,0.60828075,"Колено 2; вход 198,620 KZT; исходящих связей 0, выход/вход=0.00. Получатель в видимой выборке.",2,False,1,0,198620,0,18,0,0.000363082064642,0,True,0,True,False,False,10,0,False,0,1,0,0,1,0.410935454637,0.444444444444,11034.4444444,0,0.670995670996,1,terminal,0,none,0.15,0.216214476165,0.143578734287,0.098487544484,0,1
100000005664922100,peripheral,0.5,12,0.42084778,"Колено 2; входящих связей 2, исходящих 3; вход 22,000 KZT. Пороги значимых ролей не достигнуты.",2,False,2,3,22000,537000,2,4,0.000800960005467,3.96293702774e-06,True,24.4090909091,True,False,True,1,0,True,1,1,0,0,1,0.937388193202,0.5,11000,134250,0.84632034632,1,peripheral,1,unobserved_funding;directed_cycle,0.03,0.0625,0.155757324434,0.139257117438,0.0333333333333,1
100000005665181100,distributor,0.516667,1,0.71149913,"Переводы 11 получателям; 11 операций; 181,915 KZT. Признаки веерного распределения.",2,False,4,11,45498,181915,5,11,0.00039625540691,0.000268321024753,True,3.99830761792,True,False,True,7,0,True,1,1,0,0,2,0.415961268705,0.5625,9099.6,16537.7272727,0.703463203463,6,distributor,2,unobserved_funding;directed_cycle,0.24,0.1875,0.145172023375,0.105493772242,0.0333333333333,1
100000005667841100,terminal,0.651111,2,0.56452517,"Колено 3; вход 186,000 KZT; исходящих связей 0, выход/вход=0.00. Получатель в видимой выборке.",3,False,2,0,186000,0,2,0,0.000310614852138,0,True,0,True,False,False,8,0,False,0,0,0,0,2,1,0,93000,0,0.670468948035,1,terminal,2,none,0.15,0.19812031259,0.142806104283,0.0735987544484,0,1
100000005668605100,terminal,0.549444,23,0.38466525,"Колено 0; вход 94,500 KZT; исходящих связей 0, выход/вход=0.00. Получатель в видимой выборке.",0,True,3,0,94500,0,3,0,0.00083275314958,0,True,0,False,False,False,10,1,False,0,0,0,0,1,0.571428571429,0,31500,0,0.518518518519,1,terminal,0,seed,0.15,0.216214476165,0.134836441751,0.140057829181,0,0.6
100000005669845100,peripheral,0.5,28,0.28783035,"Колено 1; входящих связей 1, исходящих 0; вход 20,000 KZT. Пороги значимых ролей не достигнуты.",1,False,1,0,20000,0,1,0,0.000315727207986,0,True,0,True,False,False,1,1,False,0,0,0,0,1,1,0,20000,0,0.143008474576,1,peripheral,0,none,0.03,0.0625,0.116560329835,0.0787700177936,0,1
100000005674387100,peripheral,0.5,6,0.23609283,"Колено 3; входящих связей 1, исходящих 0; вход 26,200 KZT. Пороги значимых ролей не достигнуты.",3,False,1,0,26200,0,1,0,0.000288096675868,0,True,0,True,False,False,1,0,False,0,0,0,0,1,1,0,26200,0,0.251584283904,1,peripheral,1,none,0.03,0.0625,0.11973829255,0.0238545373665,0,1
100000005685783100,peripheral,0.25,6,0.33365709,"4-е колено: исходящие не выгружены. Вход 1 плательщиков, 26,150 KZT. Роль за границей обхода не установлена.",4,False,1,0,26150,0,1,0,0.000528913008808,0,True,0,True,True,False,1,0,False,0,0,0,0,1,1,0,26150,0,0.443693693694,1,peripheral,0,truncated_depth4,0.03,0.0625,0.119715810947,0.121441281139,0,1
100000005704413100,coordinator,0.644157,14,0.85355238,Связывает 4 узлов сбора/рассылки; достижим от 7 seed; betweenness=0.00256. Гипотеза структурной координации.,3,False,3,32,97834.67,1363593,4,35,0.000595948254877,0.00256275626054,True,13.9377278014,True,False,True,7,0,True,1,3,1,1,2,0.168838325061,0.025641025641,24458.6675,38959.8,0.963244613435,7,distributor,4,unobserved_funding;fast_temporal_match;directed_cycle,0.3,0.1875,0.167068094403,0.132317615658,0.0666666666667,1
100000005709551100,peripheral,0.5,17,0.38071686,"Колено 3; входящих связей 1, исходящих 0; вход 24,560 KZT. Пороги значимых ролей не достигнуты.",3,False,1,0,24560,0,1,0,0.000293061230667,0,True,0,True,False,False,7,0,False,0,0,0,0,1,1,0,24560,0,0.220532319392,1,peripheral,1,none,0.03,0.1875,0.118977534239,0.0442393238434,0,1
100000005711521100,peripheral,0.25,17,0.48571647,"4-е колено: исходящие не выгружены. Вход 1 плательщиков, 238,000 KZT. Роль за границей обхода не установлена.",4,False,1,0,238000,0,1,0,0.00053067848727,0,True,0,True,True,False,7,0,False,0,0,0,0,1,1,0,238000,0,0.855855855856,1,peripheral,0,truncated_depth4,0.03,0.1875,0.145707570722,0.122508896797,0,1
100000005723580100,peripheral,0.25,2,0.44328195,"4-е колено: исходящие не выгружены. Вход 1 плательщиков, 35,000 KZT. Роль за границей обхода не установлена.",4,False,1,0,35000,0,1,0,0.000342447819982,0,True,0,True,True,False,8,0,False,0,0,0,0,1,1,0,35000,0,0.511261261261,1,peripheral,0,truncated_depth4,0.03,0.19812031259,0.123146512081,0.0920151245552,0,1
100000005730108100,peripheral,0.5,1,0.41982936,"Колено 2; входящих связей 1, исходящих 0; вход 8,000 KZT. Пороги значимых ролей не достигнуты.",2,False,1,0,8000,0,1,0,0.000356640321197,0,True,0,True,False,False,7,0,False,0,0,0,0,1,1,1,8000,0,0.030303030303,1,peripheral,0,none,0.03,0.1875,0.105776869064,0.0965524911032,0,1
100000005744674100,peripheral,0.5,23,0.09527667,"Колено 0; входящих связей 0, исходящих 1; вход 0 KZT. Пороги значимых ролей не достигнуты.",0,True,0,1,0,50066,0,2,0.000284037399667,0,False,0,False,False,True,0,0,False,0,1,0,0,0,0.818919026885,0.5,0,25033,0.382716049383,1,peripheral,1,seed;unobserved_funding,0.03,0,0.127359845441,0.00143460854093,0,0.6
100000005745873100,peripheral,0.25,35,0.44037733,"4-е колено: исходящие не выгружены. Вход 1 плательщиков, 223,000 KZT. Роль за границей обхода не установлена.",4,False,1,0,223000,0,1,0,0.000314588600476,0,True,0,True,True,False,7,0,False,0,0,0,0,1,1,0,223000,0,0.849099099099,1,peripheral,0,truncated_depth4,0.03,0.1875,0.144941388281,0.0779359430605,0,1
100000005754335100,peripheral,0.5,5,0.44991109,"Колено 3; входящих связей 1, исходящих 0; вход 44,037 KZT. Пороги значимых ролей не достигнуты.",3,False,1,0,44037,0,1,0,0.00040221920876,0,True,0,True,False,False,7,0,False,0,0,0,0,1,1,0,44037,0,0.358681875792,1,peripheral,0,none,0.03,0.1875,0.125849701833,0.1065613879,0,1
100000005756189100,peripheral,0.5,5,0.36509224,"Колено 3; входящих связей 1, исходящих 1; вход 65,000 KZT. Пороги значимых ролей не достигнуты.",3,False,1,1,65000,49050,1,1,0.000286126546948,1.92202445845e-05,True,0.754615384615,True,False,False,7,0,False,0,0,0,0,1,1,0,65000,49050,0.567807351077,1,peripheral,1,none,0.03,0.1875,0.137049535458,0.0105427046263,0,1
100000005756535100,peripheral,0.5,20,0.33437172,"Колено 3; входящих связей 1, исходящих 0; вход 20,000 KZT. Пороги значимых ролей не достигнуты.",3,False,1,0,20000,0,1,0,0.00053836226496,0,True,0,True,False,False,1,0,False,0,0,0,0,1,1,0,20000,0,0.17237008872,1,peripheral,0,none,0.03,0.0625,0.116560329835,0.1253113879,0,1
100000005767403100,peripheral,0.25,24,0.52455172,"4-е колено: исходящие не выгружены. Вход 1 плательщиков, 1,100,000 KZT. Роль за границей обхода не установлена.",4,False,1,0,1100000,0,2,0,0.00107290695214,0,True,0,True,True,False,7,0,False,0,1,0,0,1,0.727272727273,0,550000,0,0.97972972973,1,peripheral,0,truncated_depth4,0.03,0.1875,0.163724320833,0.143327402135,0,1
100000005778283100,terminal,1,9,0.62514771,"Колено 1; вход 615,760 KZT; исходящих связей 0, выход/вход=0.00. Получатель в видимой выборке.",1,False,3,0,615760,0,3,0,0.000434976717853,0,True,0,True,False,False,9,2,False,0,0,0,0,1,0.438482525659,0,205253.333333,0,0.872881355932,1,terminal,2,none,0.15,0.20762050593,0.156895531288,0.110631672598,0,1
100000005782781100,consolidator,0.55,9,0.80612627,"Вход от 6 плательщиков (seed: 0); 171,888 KZT; исходящих связей 10. Признаки консолидации.",2,False,6,10,171888,1263597,10,10,0.000484581160426,0.000568324329146,True,7.35128106674,True,False,True,7,0,True,0,4,0.395420273667,1.19126647834,3,0.60535080478,0.05,17188.8,126359.7,0.917748917749,7,consolidator,7,unobserved_funding;sync_inflow;directed_cycle,0.27,0.1875,0.166857289363,0.115102313167,0.0666666666667,1
100000005782886100,peripheral,0.25,2,0.44793692,"4-е колено: исходящие не выгружены. Вход 1 плательщиков, 14,000 KZT. Роль за границей обхода не установлена.",4,False,1,0,14000,0,1,0,0.000361465529748,0,True,0,True,True,False,9,0,False,0,0,0,0,1,1,0,14000,0,0.262387387387,1,peripheral,0,truncated_depth4,0.03,0.20762050593,0.112362673055,0.0979537366548,0,1
100000005783452100,peripheral,0.25,2,0.45234527,"4-е колено: исходящие не выгружены. Вход 2 плательщиков, 286,500 KZT. Роль за границей обхода не установлена.",4,False,2,0,286500,0,2,0,0.000312694329407,0,True,0,True,True,False,8,0,False,0,0,0,0,2,1,0,143250,0,0.88963963964,1,peripheral,2,truncated_depth4,0.03,0.19812031259,0.14789043843,0.076334519573,0,1
100000005799271100,peripheral,0.5,16,0.47760095,"Колено 2; входящих связей 1, исходящих 0; вход 45,000 KZT. Пороги значимых ролей не достигнуты.",2,False,1,0,45000,0,2,0,0.000533440241604,0,True,0,True,False,False,8,0,False,0,1,0,0,1,0.777777777778,0,22500,0,0.337662337662,1,peripheral,0,none,0.03,0.19812031259,0.126104298878,0.12337633452,0,1
100000005807278100,peripheral,0.5,39,0.23713072,"Колено 1; входящих связей 1, исходящих 0; вход 8,385 KZT. Пороги значимых ролей не достигнуты.",1,False,1,0,8385,0,1,0,0.000291375260428,0,True,0,True,False,False,1,1,False,0,0,0,0,1,1,1,8385,0,0.00635593220339,1,peripheral,0,none,0.03,0.0625,0.106330004667,0.0383007117438,0,1
100000005809252100,peripheral,0.5,5,0.466602,"Колено 2; входящих связей 1, исходящих 0; вход 25,000 KZT. Пороги значимых ролей не достигнуты.",2,False,1,0,25000,0,1,0,0.000563642134343,0,True,0,True,False,False,7,0,False,0,0,0,0,1,1,0,25000,0,0.214285714286,1,peripheral,1,none,0.03,0.1875,0.119186514696,0.129915480427,0,1
100000005815602100,peripheral,0.5,3,0.48795618,"Колено 3; входящих связей 1, исходящих 1; вход 20,000 KZT. Пороги значимых ролей не достигнуты.",3,False,1,1,20000,165000,1,1,0.000548864477086,1.94183914359e-05,True,8.25,True,False,True,7,0,False,0,0,0,0,1,0.891891891892,0,20000,165000,0.668567807351,1,peripheral,0,unobserved_funding,0.03,0.1875,0.142742656681,0.127713523132,0,1
100000005820746100,terminal,1,12,0.55960568,"Колено 3; вход 1,989,000 KZT; исходящих связей 1, выход/вход=0.03. Получатель в видимой выборке.",3,False,1,1,1989000,60000,2,1,0.000980946171189,0,True,0.0301659125189,True,False,False,1,0,True,1,1,0,0,1,0.970717423133,0,994500,60000,0.980988593156,1,terminal,0,directed_cycle,0.15,0.0625,0.17104547603,0.142726868327,0.0333333333333,1
100000005830339100,consolidator,0.5,1,0.71572391,"Вход от 5 плательщиков (seed: 0); 476,341 KZT; исходящих связей 1. Признаки консолидации.",3,False,5,1,476341,339251,12,1,0.000361478400088,3.79781465159e-06,True,0.712201972956,True,False,False,7,0,False,0,4,0,0,1,0.415956752886,0,39695.0833333,339251,0.920152091255,3,consolidator,5,none,0.27,0.1875,0.160203444704,0.0980204626335,0,1
100000005834479100,peripheral,0.5,7,0.34117131,"Колено 2; входящих связей 1, исходящих 2; вход 7,500 KZT. Пороги значимых ролей не достигнуты.",2,False,1,2,7500,14470,1,2,0.00028521179631,1.98117521304e-06,True,1.92933333333,True,False,True,7,0,False,0,0,0,0,1,0.409649522076,1,7500,7235,0.175324675325,2,peripheral,1,unobserved_funding,0.03,0.1875,0.117665976075,0.00600533807829,0,1
100000005844459100,terminal,0.714889,1,0.57315134,"Колено 1; вход 243,400 KZT; исходящих связей 0, выход/вход=0.00. Получатель в видимой выборке.",1,False,2,0,243400,0,2,0,0.000336131328557,0,True,0,True,False,False,7,1,False,0,0,0,0,1,0.616269515201,0,121700,0,0.720338983051,2,terminal,2,none,0.15,0.1875,0.145971625783,0.0896797153025,0,1
100000005847078100,peripheral,0.5,6,0.21929737,"Колено 3; входящих связей 1, исходящих 0; вход 16,300 KZT. Пороги значимых ролей не достигнуты.",3,False,1,0,16300,0,1,0,0.000286562827227,0,True,0,True,False,False,1,0,False,0,0,0,0,1,1,0,16300,0,0.126108998733,1,peripheral,1,none,0.03,0.0625,0.114152796836,0.0126445729537,0,1
100000005849100100,peripheral,0.5,4,0.48441111,"Колено 2; входящих связей 1, исходящих 0; вход 33,300 KZT. Пороги значимых ролей не достигнуты.",2,False,1,0,33300,0,1,0,0.000487785658247,0,True,0,True,False,False,10,0,False,0,0,0,0,1,1,0,33300,0,0.294372294372,1,peripheral,0,none,0.03,0.216214476165,0.122560514781,0.115636120996,0,1
100000005849862100,peripheral,0.25,9,0.4555697,"4-е колено: исходящие не выгружены. Вход 1 плательщиков, 13,000 KZT. Роль за границей обхода не установлена.",4,False,1,0,13000,0,2,0,0.000545141466883,0,True,0,True,True,False,7,0,False,0,1,0,0,1,0.538461538462,1,6500,0,0.243243243243,1,peripheral,0,truncated_depth4,0.03,0.1875,0.111490519117,0.126579181495,0,1
100000005852946100,peripheral,0.5,4,0.39175263,"Колено 1; входящих связей 1, исходящих 0; вход 23,746 KZT. Пороги значимых ролей не достигнуты.",1,False,1,0,23746,0,1,0,0.000288753736857,0,True,0,True,False,False,10,1,False,0,0,0,0,1,1,0,23746,0,0.186440677966,1,peripheral,1,none,0.03,0.216214476165,0.11858085738,0.0269572953737,0,1
100000005857058100,terminal,0.53358,3,0.57383385,"Колено 3; вход 80,222 KZT; исходящих связей 0, выход/вход=0.00. Получатель в видимой выборке.",3,False,3,0,80222,0,3,0,0.000387640678125,0,True,0,True,False,False,7,0,False,0,0,0,0,1,0.488793597766,0.333333333333,26740.6666667,0,0.485424588086,3,terminal,2,none,0.15,0.1875,0.13290858511,0.103425266904,0,1
100000005873152100,peripheral,0.5,4,0.51672072,"Колено 3; входящих связей 1, исходящих 1; вход 10,000 KZT. Пороги значимых ролей не достигнуты.",3,False,1,1,10000,10000,1,1,0.00046387489817,3.96293702774e-07,True,1,True,False,False,11,0,True,0,0,0,0,1,0.5,0,10000,10000,0.17237008872,1,peripheral,0,directed_cycle,0.03,0.224060156295,0.116560329835,0.112766903915,0.0333333333333,1
100000005877725100,terminal,0.522222,8,0.4013889,"Колено 1; вход 70,000 KZT; исходящих связей 0, выход/вход=0.00. Получатель в видимой выборке.",1,False,1,0,70000,0,1,0,0.000298618965752,0,True,0,True,False,False,1,1,False,0,0,0,0,1,1,0,70000,0,0.45656779661,1,terminal,1,none,0.15,0.0625,0.131304384807,0.057584519573,0,1
100000005878334100,peripheral,0.25,18,0.45546128,"4-е колено: исходящие не выгружены. Вход 1 плательщиков, 76,400 KZT. Роль за границей обхода не установлена.",4,False,1,0,76400,0,2,0,0.000396673716506,0,True,0,True,True,False,7,0,False,0,1,0,0,1,0.568062827225,0,38200,0,0.677927927928,1,peripheral,0,truncated_depth4,0.03,0.1875,0.132334060008,0.105627224199,0,1
100000005882013100,peripheral,0.5,17,0.53779504,"Колено 2; входящих связей 2, исходящих 1; вход 135,000 KZT. Пороги значимых ролей не достигнуты.",2,False,2,1,135000,10000,3,1,0.000522998891169,0,True,0.0740740740741,True,False,False,10,0,True,1,1,0.0740740740741,1,1,0.758620689655,0,45000,10000,0.599567099567,1,peripheral,0,directed_cycle,0.03,0.216214476165,0.139875348272,0.118371886121,0.0333333333333,1
100000005888829100,peripheral,0.25,2,0.44420052,"4-е колено: исходящие не выгружены. Вход 1 плательщиков, 197,000 KZT. Роль за границей обхода не установлена.",4,False,1,0,197000,0,1,0,0.000309775062887,0,True,0,True,True,False,8,0,False,0,0,0,0,1,1,0,197000,0,0.833333333333,1,peripheral,1,truncated_depth4,0.03,0.19812031259,0.143482345299,0.0725978647687,0,1
100000005893892100,terminal,0.558644,5,0.4924086,"Колено 3; вход 102,780 KZT; исходящих связей 0, выход/вход=0.00. Получатель в видимой выборке.",3,False,1,0,102780,0,1,0,0.000287340823629,0,True,0,True,False,False,7,0,False,0,0,0,0,1,1,0,102780,0,0.548795944233,1,terminal,1,none,0.15,0.1875,0.135824968636,0.0190836298932,0,1
100000005895525100,terminal,0.577778,39,0.45404042,"Колено 1; вход 120,000 KZT; исходящих связей 0, выход/вход=0.00. Получатель в видимой выборке.",1,False,1,0,120000,0,3,0,0.00038905150716,0,True,0,True,False,False,1,1,False,0,1,0,0,1,0.416666666667,0,40000,0,0.58686440678,1,terminal,0,none,0.15,0.0625,0.13764806915,0.103892348754,0,1
100000005897462100,terminal,0.553778,16,0.54148432,"Колено 1; вход 98,400 KZT; исходящих связей 0, выход/вход=0.00. Получатель в видимой выборке.",1,False,1,0,98400,0,1,0,0.000298878397018,0,True,0,True,False,False,8,1,False,0,0,0,0,1,1,0,98400,0,0.557203389831,1,terminal,1,none,0.15,0.19812031259,0.135312409439,0.0580516014235,0,1
100000005901606100,peripheral,0.5,8,0.25456745,"Колено 1; входящих связей 1, исходящих 0; вход 35,660 KZT. Пороги значимых ролей не достигнуты.",1,False,1,0,35660,0,1,0,0.000291465666047,0,True,0,True,False,False,1,1,False,0,0,0,0,1,1,0,35660,0,0.279661016949,1,peripheral,1,none,0.03,0.0625,0.123366379587,0.0387010676157,0,1
100000005904580100,terminal,0.524444,12,0.58730765,"Колено 2; вход 72,000 KZT; исходящих связей 0, выход/вход=0.00. Получатель в видимой выборке.",2,False,2,0,72000,0,2,0,0.00051925662192,0,True,0,True,False,False,7,0,False,0,0,0,0,2,1,0,36000,0,0.45670995671,1,terminal,0,none,0.15,0.1875,0.131635939107,0.118171708185,0,1
100000005910114100,coordinator,1,1,0.82108186,Связывает 17 узлов сбора/рассылки; достижим от 7 seed; betweenness=0.00584. Гипотеза структурной координации.,3,False,3,19,326144,1469993,3,56,0.000359526787355,0.00584220605657,True,4.50719007555,True,False,True,7,0,True,0,12,0.816081240188,1.12444394349,1,0.157082672424,0.101694915254,108714.666667,26249.875,0.975918884664,6,distributor,17,unobserved_funding;fast_temporal_match;directed_cycle,0.3,0.1875,0.169495264796,0.0974199288256,0.0666666666667,1
100000005910895100,peripheral,0.25,16,0.46071679,"4-е колено: исходящие не выгружены. Вход 1 плательщиков, 5,100 KZT. Роль за границей обхода не установлена.",4,False,1,0,5100,0,1,0,0.000593908519145,0,True,0,True,True,False,8,0,False,0,0,0,0,1,1,1,5100,0,0.0495495495495,1,peripheral,0,truncated_depth4,0.03,0.19812031259,0.100479035496,0.132117437722,0,1
100000005911352100,peripheral,0.5,34,0.50276678,"Колено 2; входящих связей 2, исходящих 3; вход 15,000 KZT. Пороги значимых ролей не достигнуты.",2,False,2,3,15000,24000,2,3,0.000548449033277,9.74882508824e-05,True,1.6,True,False,True,7,0,True,1,0,0,0,1,0.25641025641,0.8,7500,8000,0.322510822511,1,peripheral,0,unobserved_funding;directed_cycle,0.03,0.1875,0.124420104421,0.127513345196,0.0333333333333,1
100000005931985100,terminal,0.528889,10,0.41903829,"Колено 2; вход 76,000 KZT; исходящих связей 0, выход/вход=0.00. Получатель в видимой выборке.",2,False,1,0,76000,0,1,0,0.000311186278105,0,True,0,True,False,False,1,0,False,0,0,0,0,1,1,0,76000,0,0.461038961039,1,terminal,0,none,0.15,0.0625,0.132272278183,0.0742660142349,0,1
100000005932987100,peripheral,0.5,24,0.44411534,"Колено 2; входящих связей 1, исходящих 0; вход 25,000 KZT. Пороги значимых ролей не достигнуты.",2,False,1,0,25000,0,3,0,0.000409218485104,0,True,0,True,False,False,7,0,False,0,1,0,0,1,0.4,0.333333333333,8333.33333333,0,0.214285714286,1,peripheral,0,none,0.03,0.1875,0.119186514696,0.107428825623,0,1
100000005933757100,distributor,0.9,15,0.81658862,"Переводы 34 получателям; 46 операций; 3,002,628 KZT. Признаки веерного распределения.",2,False,4,34,1246000,3002628,6,46,0.000995051490542,0.00389278782432,True,2.40981380417,True,False,True,7,0,True,2,6,0.830065810594,1.77278291187,2,0.233541274972,0,207666.666667,65274.5217391,0.971861471861,8,distributor,1,unobserved_funding;fast_temporal_match;directed_cycle,0.24,0.1875,0.179628360583,0.142793594306,0.0666666666667,1
100000005939154100,peripheral,0.5,3,0.37641869,"Колено 2; входящих связей 1, исходящих 0; вход 22,000 KZT. Пороги значимых ролей не достигнуты.",2,False,1,0,22000,0,2,0,0.000292111060237,0,True,0,True,False,False,7,0,False,0,1,0,0,1,0.681818181818,0.5,11000,0,0.178571428571,1,peripheral,0,none,0.03,0.1875,0.117682035704,0.0412366548043,0,1
100000005940652100,peripheral,0.5,1,0.36496954,"Колено 1; входящих связей 1, исходящих 0; вход 8,395 KZT. Пороги значимых ролей не достигнуты.",1,False,1,0,8395,0,1,0,0.000286531840886,0,True,0,True,False,False,10,1,False,0,0,0,0,1,1,1,8395,0,0.00847457627119,1,peripheral,0,none,0.03,0.216214476165,0.106344031084,0.0124110320285,0,1
100000005941908100,peripheral,0.5,15,0.47304454,"Колено 3; входящих связей 1, исходящих 0; вход 10,000 KZT. Пороги значимых ролей не достигнуты.",3,False,1,0,10000,0,1,0,0.000687434102728,0,True,0,True,False,False,8,0,False,0,0,0,0,1,1,0,10000,0,0.0551330798479,1,peripheral,0,none,0.03,0.19812031259,0.10840287741,0.136521352313,0,1
100000005942793100,terminal,0.505556,1,0.55337709,"Колено 2; вход 55,000 KZT; исходящих связей 0, выход/вход=0.00. Получатель в видимой выборке.",2,False,4,0,55000,0,4,0,0.000330387068455,0,True,0,True,False,False,7,0,False,0,0,0,0,2,0.636363636364,0.25,13750,0,0.410173160173,1,terminal,3,none,0.15,0.1875,0.128466058137,0.0874110320285,0,1
100000005958064100,peripheral,0.5,15,0.36289888,"Колено 1; входящих связей 1, исходящих 2; вход 5,746 KZT. Пороги значимых ролей не достигнуты.",1,False,1,2,5746,163986.84,1,3,0.000284651135108,2.51282105341e-05,True,28.5393038636,True,False,True,7,1,False,0,1,0,0,1,0.966146798698,0.25,5746,54662.28,0.641949152542,2,peripheral,1,unobserved_funding,0.03,0.1875,0.141728947955,0.00366992882562,0,1
100000005961971100,peripheral,0.5,8,0.26577889,"Колено 1; входящих связей 1, исходящих 0; вход 47,353 KZT. Пороги значимых ролей не достигнуты.",1,False,1,0,47353,0,1,0,0.000293901412507,0,True,0,True,False,False,1,1,False,0,0,0,0,1,1,0,47353,0,0.360169491525,1,peripheral,1,none,0.03,0.0625,0.126704153377,0.0465747330961,0,1
100000005974542100,terminal,0.549444,30,0.5870384,"Колено 3; вход 94,500 KZT; исходящих связей 0, выход/вход=0.00. Получатель в видимой выборке.",3,False,1,0,94500,0,3,0,0.000482489144972,0,True,0,True,False,False,7,0,False,0,1,0,0,1,0.708994708995,0.333333333333,31500,0,0.523447401774,1,terminal,0,none,0.15,0.1875,0.134836441751,0.114701957295,0,1
100000005979037100,peripheral,0.25,7,0.43112356,"4-е колено: исходящие не выгружены. Вход 1 плательщиков, 60,300 KZT. Роль за границей обхода не установлена.",4,False,1,0,60300,0,1,0,0.000323053863158,0,True,0,True,True,False,7,0,False,0,0,0,0,1,1,0,60300,0,0.648648648649,1,peripheral,0,truncated_depth4,0.03,0.1875,0.129548826588,0.0840747330961,0,1
100000005995391100,peripheral,0.5,6,0.22089741,"Колено 3; входящих связей 1, исходящих 0; вход 17,200 KZT. Пороги значимых ролей не достигнуты.",3,False,1,0,17200,0,1,0,0.000286702268013,0,True,0,True,False,False,1,0,False,0,0,0,0,1,1,0,17200,0,0.137515842839,1,peripheral,1,none,0.03,0.0625,0.11478530581,0.0136120996441,0,1
100000005996909100,peripheral,0.5,3,0.39673678,"Колено 3; входящих связей 1, исходящих 0; вход 5,500 KZT. Пороги значимых ролей не достигнуты.",3,False,1,0,5500,0,1,0,0.000314435524348,0,True,0,True,False,False,7,0,False,0,0,0,0,1,1,1,5500,0,0.0139416983523,1,peripheral,0,none,0.03,0.1875,0.101367558745,0.0778692170819,0,1
100000006008169100,terminal,0.522222,12,0.39471631,"Колено 1; вход 70,000 KZT; исходящих связей 0, выход/вход=0.00. Получатель в видимой выборке.",1,False,1,0,70000,0,1,0,0.000295578479632,0,True,0,True,False,False,1,1,False,0,0,0,0,1,1,0,70000,0,0.45656779661,1,terminal,1,none,0.15,0.0625,0.131304384807,0.0509119217082,0,1
100000006020215100,peripheral,0.5,17,0.39742372,"Колено 3; входящих связей 1, исходящих 2; вход 30,000 KZT. Пороги значимых ролей не достигнуты.",3,False,1,2,30000,33800,1,2,0.000295059994536,6.05552019904e-05,True,1.12666666667,True,False,False,7,0,False,0,0,0,0,1,0.470219435737,0,30000,16900,0.45247148289,2,peripheral,1,none,0.03,0.1875,0.130212867532,0.0497108540925,0,1
100000006030946100,terminal,0.525877,8,0.40366418,"Колено 1; вход 73,289 KZT; исходящих связей 0, выход/вход=0.00. Получатель в видимой выборке.",1,False,1,0,73289,0,1,0,0.00029930409105,0,True,0,True,False,False,1,1,False,0,0,0,0,1,1,0,73289,0,0.470338983051,1,terminal,1,none,0.15,0.0625,0.131844780225,0.0593193950178,0,1
100000006048193100,peripheral,0.5,7,0.39177839,"Колено 3; входящих связей 1, исходящих 0; вход 41,559 KZT. Пороги значимых ролей не достигнуты.",3,False,1,0,41559,0,1,0,0.0002947900987,0,True,0,True,False,False,7,0,False,0,0,0,0,1,1,0,41559,0,0.348542458809,1,peripheral,1,none,0.03,0.1875,0.125168070632,0.0491103202847,0,1
100000006069103100,transit,0.552343,3,0.69924467,"Вход 228,818 KZT; выход/вход=1.18; сопоставлено за 1–2 дня 11%. Признаки транзита.",1,False,3,3,228818,270000,3,4,0.00114266600881,5.80570274564e-05,True,1.1799770997,True,False,False,7,1,True,1,1,0.109257138861,1,1,0.451066320782,0.142857142857,76272.6666667,67500,0.845338983051,1,transit,1,directed_cycle,0.18,0.1875,0.154416677314,0.143994661922,0.0333333333333,1
100000006100920100,terminal,0.555556,1,0.55774424,"Колено 3; вход 100,000 KZT; исходящих связей 0, выход/вход=0.00. Получатель в видимой выборке.",3,False,1,0,100000,0,1,0,0.000324675707343,0,True,0,True,False,False,7,0,False,0,0,0,0,1,1,0,100000,0,0.53865652725,1,terminal,1,none,0.15,0.1875,0.135502243335,0.0847419928826,0,1
100000006111439100,peripheral,0.5,1,0.4753789,"Колено 3; входящих связей 3, исходящих 4; вход 20,570 KZT. Пороги значимых ролей не достигнуты.",3,False,3,4,20570,24000,3,4,0.000363371371587,1.75556361302e-05,True,1.16674769081,True,False,False,7,0,True,1,0,0,0,1,0.208795153691,1,6856.66666667,6000,0.363751584284,2,peripheral,5,directed_cycle,0.03,0.1875,0.125991295889,0.0985542704626,0.0333333333333,1
100000006111442100,terminal,0.515556,2,0.52534511,"Колено 3; вход 64,000 KZT; исходящих связей 0, выход/вход=0.00. Получатель в видимой выборке.",3,False,1,0,64000,0,1,0,0.000294000350019,0,True,0,True,False,False,8,0,False,0,0,0,0,1,1,0,64000,0,0.453738910013,1,terminal,1,none,0.15,0.19812031259,0.130249704435,0.046975088968,0,1
100000006122699100,peripheral,0.5,3,0.4504565,"Колено 2; входящих связей 2, исходящих 0; вход 45,865 KZT. Пороги значимых ролей не достигнуты.",2,False,2,0,45865,0,2,0,0.000402355593762,0,True,0,True,False,False,7,0,False,0,0,0,0,2,1,0,22932.5,0,0.341991341991,1,peripheral,0,none,0.03,0.1875,0.126328384219,0.106628113879,0,1
100000006126743100,terminal,0.505556,5,0.47484061,"Колено 3; вход 55,000 KZT; исходящих связей 0, выход/вход=0.00. Получатель в видимой выборке.",3,False,1,0,55000,0,1,0,0.000285805139674,0,True,0,True,False,False,7,0,False,0,0,0,0,1,1,0,55000,0,0.432826362484,1,terminal,1,none,0.15,0.1875,0.128466058137,0.00887455516014,0,1
100000006161893100,peripheral,0.5,3,0.45097032,"Колено 2; входящих связей 1, исходящих 0; вход 14,000 KZT. Пороги значимых ролей не достигнуты.",2,False,1,0,14000,0,1,0,0.000528712201444,0,True,0,True,False,False,7,0,False,0,0,0,0,1,1,0,14000,0,0.0995670995671,1,peripheral,0,none,0.03,0.1875,0.112362673055,0.121107651246,0,1
100000006165886100,peripheral,0.5,11,0.41747194,"Колено 3; входящих связей 2, исходящих 1; вход 184,481 KZT. Пороги значимых ролей не достигнуты.",3,False,2,1,184481,75000,2,1,0.000296934587099,6.92098645202e-07,True,0.406545931559,True,False,False,7,0,False,0,0,0,0,1,0.598941733691,0,92240.5,75000,0.736375158428,2,peripheral,2,none,0.03,0.1875,0.146724607803,0.0532473309609,0,1
100000006169033100,peripheral,0.5,5,0.52330522,"Колено 3; входящих связей 1, исходящих 3; вход 49,000 KZT. Пороги значимых ролей не достигнуты.",3,False,1,3,49000,1140271,1,10,0.000415538379423,3.92330765746e-05,True,23.2708367347,True,False,True,7,0,True,1,3,0,0,1,0.21674706606,0,49000,114027.1,0.954372623574,1,peripheral,0,unobserved_funding;directed_cycle,0.03,0.1875,0.164642703131,0.107829181495,0.0333333333333,1
100000006171671100,peripheral,0.25,1,0.44480857,"4-е колено: исходящие не выгружены. Вход 1 плательщиков, 10,000 KZT. Роль за границей обхода не установлена.",4,False,1,0,10000,0,1,0,0.00052594458671,0,True,0,True,True,False,7,0,False,0,0,0,0,1,1,0,10000,0,0.184684684685,1,peripheral,0,truncated_depth4,0.03,0.1875,0.10840287741,0.11890569395,0,1
100000006177176100,peripheral,0.5,3,0.32995081,"Колено 1; входящих связей 1, исходящих 0; вход 8,911 KZT. Пороги значимых ролей не достигнуты.",1,False,1,0,8911,0,1,0,0.000284989191612,0,True,0,True,False,False,7,1,False,0,0,0,0,1,1,1,8911,0,0.0127118644068,1,peripheral,1,none,0.03,0.1875,0.107046006565,0.00540480427046,0,1
100000006209210100,terminal,0.699012,9,0.57997933,"Колено 3; вход 229,111 KZT; исходящих связей 0, выход/вход=0.00. Получатель в видимой выборке.",3,False,1,0,229111,0,1,0,0.000358720586886,0,True,0,True,False,False,7,0,False,0,0,0,0,1,1,0,229111,0,0.705956907478,1,terminal,1,none,0.15,0.1875,0.145259575075,0.0972197508897,0,1
100000006225798100,terminal,1,13,0.59364281,"Колено 3; вход 722,000 KZT; исходящих связей 2, выход/вход=0.04. Получатель в видимой выборке.",3,False,3,2,722000,26300,4,2,0.000357886004158,3.84404891691e-05,True,0.0364265927978,True,False,False,7,0,False,0,1,0,0,1,0.534544968595,0.166666666667,180500,13150,0.904942965779,3,terminal,3,none,0.15,0.1875,0.159189965658,0.0969528469751,0,1
100000006232642100,peripheral,0.25,5,0.47989063,"4-е колено: исходящие не выгружены. Вход 1 плательщиков, 456,000 KZT. Роль за границей обхода не установлена.",4,False,1,0,456000,0,4,0,0.000425286883202,0,True,0,True,True,False,7,0,False,0,1,0,0,1,0.326754385965,0,114000,0,0.945945945946,1,peripheral,0,truncated_depth4,0.03,0.1875,0.153360378831,0.10903024911,0,1
100000006232815100,peripheral,0.5,28,0.20717254,"Колено 0; входящих связей 1, исходящих 5; вход 160,000 KZT. Пороги значимых ролей не достигнуты.",0,True,1,5,160000,296500,2,5,0.000552707483717,2.77405591942e-06,True,1.853125,False,False,True,0,0,True,1,1,0,0,1,0.306681270537,0,80000,59300,0.716049382716,1,peripheral,0,seed;unobserved_funding;directed_cycle,0.03,0,0.153373276958,0.128580960854,0.0333333333333,0.6
100000006240939100,peripheral,0.5,2,0.33435389,"Колено 2; входящих связей 1, исходящих 5; вход 160,000 KZT. Пороги значимых ролей не достигнуты.",2,False,1,5,160000,778015,1,5,0.000316996582562,4.16108387913e-06,True,4.86259375,True,False,True,1,0,False,0,0,0,0,1,0.53304051641,0,160000,155603,0.88961038961,3,peripheral,0,unobserved_funding,0.03,0.0625,0.16184943663,0.0800044483986,0,1
100000006248077100,terminal,0.5,19,0.50668151,"Колено 2; вход 50,000 KZT; исходящих связей 0, выход/вход=0.00. Получатель в видимой выборке.",2,False,1,0,50000,0,1,0,0.00029226251472,0,True,0,True,False,False,7,0,False,0,0,0,0,1,1,0,50000,0,0.373376623377,1,terminal,1,none,0.15,0.1875,0.127344320171,0.0418371886121,0,1
100000006249740100,peripheral,0.5,42,0.09965017,"Колено 0; входящих связей 0, исходящих 3; вход 0 KZT. Пороги значимых ролей не достигнуты.",0,True,0,3,0,93007,0,5,0.000284037399667,0,False,0,False,False,True,0,0,False,0,1,0,0,0,0.268796972271,0,0,18601.4,0.506172839506,1,peripheral,0,seed;unobserved_funding,0.03,0,0.13464901254,0.00143460854093,0,0.6
100000006257675100,peripheral,0.25,19,0.45076168,"4-е колено: исходящие не выгружены. Вход 1 плательщиков, 70,000 KZT. Роль за границей обхода не установлена.",4,False,1,0,70000,0,2,0,0.00038033922797,0,True,0,True,True,False,7,0,False,0,1,0,0,1,1,0,35000,0,0.664414414414,1,peripheral,0,truncated_depth4,0.03,0.1875,0.131304384807,0.101957295374,0,1
100000006274203100,terminal,1,11,0.70238476,"Колено 3; вход 3,417,512 KZT; исходящих связей 3, выход/вход=0.02. Получатель в видимой выборке.",3,False,2,3,3417512,72000,41,3,0.000628041623702,3.73427653255e-05,True,0.0210679582105,True,False,False,9,0,True,1,1,0,0,1,0.108324602409,0.0227272727273,83353.9512195,24000,0.994930291508,2,terminal,2,directed_cycle,0.15,0.20762050593,0.177311708151,0.134119217082,0.0333333333333,1
100000006288612100,peripheral,0.25,12,0.39092328,"4-е колено: исходящие не выгружены. Вход 1 плательщиков, 30,805 KZT. Роль за границей обхода не установлена.",4,False,1,0,30805,0,3,0,0.000296011955704,0,True,0,True,True,False,7,0,False,0,1,0,0,1,0.448141535465,0.333333333333,10268.3333333,0,0.481981981982,1,peripheral,0,truncated_depth4,0.03,0.1875,0.121643925175,0.0517793594306,0,1
100000006308406100,peripheral,0.25,19,0.48442522,"4-е колено: исходящие не выгружены. Вход 1 плательщиков, 183,000 KZT. Роль за границей обхода не установлена.",4,False,1,0,183000,0,2,0,0.00053579789366,0,True,0,True,True,False,7,0,False,0,1,0,0,1,0.928961748634,0,91500,0,0.824324324324,1,peripheral,0,truncated_depth4,0.03,0.1875,0.142614726062,0.124310498221,0,1
100000006326645100,peripheral,0.5,8,0.24136975,"Колено 1; входящих связей 1, исходящих 0; вход 25,264 KZT. Пороги значимых ролей не достигнуты.",1,False,1,0,25264,0,1,0,0.000289300095175,0,True,0,True,False,False,1,1,False,0,0,0,0,1,1,0,25264,0,0.197033898305,1,peripheral,1,none,0.03,0.0625,0.119310144734,0.0295596085409,0,1
100000006351075100,peripheral,0.25,35,0.37304548,"4-е колено: исходящие не выгружены. Вход 1 плательщиков, 40,000 KZT. Роль за границей обхода не установлена.",4,False,1,0,40000,0,2,0,0.000289517435687,0,True,0,True,True,False,7,0,False,0,1,0,0,1,1,0,20000,0,0.533783783784,1,peripheral,0,truncated_depth4,0.03,0.1875,0.124718076465,0.0308274021352,0,1
100000006369769100,peripheral,0.5,8,0.25938889,"Колено 1; входящих связей 1, исходящих 0; вход 40,000 KZT. Пороги значимых ролей не достигнуты.",1,False,1,0,40000,0,1,0,0.000292369723144,0,True,0,True,False,False,1,1,False,0,0,0,0,1,1,0,40000,0,0.313559322034,1,peripheral,1,none,0.03,0.0625,0.124718076465,0.0421708185053,0,1
100000006381453100,peripheral,0.25,2,0.4849408,"4-е колено: исходящие не выгружены. Вход 1 плательщиков, 45,000 KZT. Роль за границей обхода не установлена.",4,False,1,0,45000,0,1,0,0.000572766261692,0,True,0,True,True,False,8,0,False,0,0,0,0,1,1,0,45000,0,0.565315315315,1,peripheral,0,truncated_depth4,0.03,0.19812031259,0.126104298878,0.130716192171,0,1
100000006385877100,peripheral,0.5,9,0.40860126,"Колено 2; входящих связей 1, исходящих 1; вход 53,707 KZT. Пороги значимых ролей не достигнуты.",2,False,1,1,53706.62,36602.93,5,5,0.00219486769756,0,True,0.681534790311,True,False,False,1,0,True,1,2,0,0,1,0.399768684486,0.5,10741.324,7320.586,0.508658008658,1,peripheral,0,directed_cycle,0.03,0.0625,0.134302619826,0.148465302491,0.0333333333333,1
100000006412162100,peripheral,0.25,10,0.24651093,"4-е колено: исходящие не выгружены. Вход 1 плательщиков, 15,000 KZT. Роль за границей обхода не установлена.",4,False,1,0,15000,0,2,0,0.000292011715513,0,True,0,True,True,False,1,0,False,0,1,0,0,1,1,0.5,7500,0,0.287162162162,1,peripheral,1,truncated_depth4,0.03,0.0625,0.113174633106,0.0408362989324,0,1
100000006416061100,peripheral,0.25,7,0.44926378,"4-е колено: исходящие не выгружены. Вход 1 плательщиков, 30,000 KZT. Роль за границей обхода не установлена.",4,False,1,0,30000,0,1,0,0.00043232079907,0,True,0,True,True,False,7,0,False,0,0,0,0,1,1,0,30000,0,0.470720720721,1,peripheral,0,truncated_depth4,0.03,0.1875,0.121332281665,0.110431494662,0,1
100000006424479100,peripheral,0.5,17,0.54707703,"Колено 2; входящих связей 1, исходящих 2; вход 500,000 KZT. Пороги значимых ролей не достигнуты.",2,False,1,2,500000,220000,2,3,0.000936683473972,7.31161881618e-05,True,0.44,True,False,False,10,0,False,0,2,0,0,1,0.555555555556,0,250000,73333.3333333,0.865800865801,1,peripheral,0,none,0.03,0.216214476165,0.158736217116,0.14212633452,0,1
100000006443391100,peripheral,0.5,9,0.41485441,"Колено 1; входящих связей 3, исходящих 2; вход 86,776 KZT. Пороги значимых ролей не достигнуты.",1,False,3,2,86775.93,60041.71,7,6,0.00251321122824,1.18888110832e-06,True,0.691916640939,True,False,False,1,1,True,2,2,0,0,1,0.245903217079,0.461538461538,12396.5614286,10006.9516667,0.610169491525,1,peripheral,1,directed_cycle,0.03,0.0625,0.140021966978,0.14899911032,0.0333333333333,1
100000006444163100,peripheral,0.5,1,0.40141477,"Колено 3; входящих связей 1, исходящих 0; вход 6,026 KZT. Пороги значимых ролей не достигнуты.",3,False,1,0,6026,0,1,0,0.000318427192722,0,True,0,True,False,False,7,0,False,0,0,0,0,1,1,1,6026,0,0.020278833967,1,peripheral,1,none,0.03,0.1875,0.102442349316,0.0814724199288,0,1
100000006445501100,terminal,0.545556,16,0.53782841,"Колено 1; вход 91,000 KZT; исходящих связей 0, выход/вход=0.00. Получатель в видимой выборке.",1,False,1,0,91000,0,1,0,0.000297762305754,0,True,0,True,False,False,8,1,False,0,0,0,0,1,1,0,91000,0,0.537076271186,1,terminal,1,none,0.15,0.19812031259,0.134392259295,0.0553158362989,0,1
100000006446271100,terminal,0.533333,4,0.57462425,"Колено 1; вход 80,000 KZT; исходящих связей 0, выход/вход=0.00. Получатель в видимой выборке.",1,False,2,0,80000,0,2,0,0.000312160982043,0,True,0,True,False,False,10,1,False,0,0,0,0,2,1,0,40000,0,0.493644067797,1,terminal,2,none,0.15,0.216214476165,0.132875970207,0.0755338078292,0,1
100000006471232100,peripheral,0.5,6,0.25290071,"Колено 3; входящих связей 1, исходящих 0; вход 41,800 KZT. Пороги значимых ролей не достигнуты.",3,False,1,0,41800,0,1,0,0.000290513649484,0,True,0,True,False,False,1,0,False,0,0,0,0,1,1,0,41800,0,0.349809885932,1,peripheral,1,none,0.03,0.0625,0.125236123393,0.0351645907473,0,1
100000006476758100,peripheral,0.5,16,0.4468661,"Колено 3; входящих связей 1, исходящих 0; вход 5,200 KZT. Пороги значимых ролей не достигнуты.",3,False,1,0,5200,0,1,0,0.000514353685925,0,True,0,True,False,False,8,0,False,0,0,0,0,1,1,1,5200,0,0.0101394169835,1,peripheral,0,none,0.03,0.19812031259,0.10070753355,0.118038256228,0,1
100000006490557100,peripheral,0.5,9,0.19634922,"Колено 2; входящих связей 1, исходящих 0; вход 5,000 KZT. Пороги значимых ролей не достигнуты.",2,False,1,0,5000,0,1,0,0.000284625977601,0,True,0,True,False,False,1,0,False,0,0,0,0,1,1,1,5000,0,0.00757575757576,1,peripheral,0,none,0.03,0.0625,0.100246013331,0.00360320284698,0,1
100000006490615100,peripheral,0.25,17,0.44750619,"4-е колено: исходящие не выгружены. Вход 1 плательщиков, 41,600 KZT. Роль за границей обхода не установлена.",4,False,1,0,41600,0,6,0,0.000392493073368,0,True,0,True,True,False,7,0,False,0,1,0,0,1,0.326923076923,0.833333333333,6933.33333333,0,0.547297297297,1,peripheral,0,truncated_depth4,0.03,0.1875,0.125179675885,0.104826512456,0,1
100000006491272100,peripheral,0.5,6,0.23609283,"Колено 3; входящих связей 1, исходящих 0; вход 26,200 KZT. Пороги значимых ролей не достигнуты.",3,False,1,0,26200,0,1,0,0.000288096675868,0,True,0,True,False,False,1,0,False,0,0,0,0,1,1,0,26200,0,0.251584283904,1,peripheral,1,none,0.03,0.0625,0.11973829255,0.0238545373665,0,1
100000006491963100,peripheral,0.25,10,0.24920553,"4-е колено: исходящие не выгружены. Вход 1 плательщиков, 16,000 KZT. Роль за границей обхода не установлена.",4,False,1,0,16000,0,3,0,0.000292543336569,0,True,0,True,True,False,1,0,False,0,1,0,0,1,0.375,1,5333.33333333,0,0.310810810811,1,peripheral,1,truncated_depth4,0.03,0.0625,0.113934174394,0.0427713523132,0,1
100000006492770100,terminal,0.743333,1,0.54421156,"Колено 3; вход 269,000 KZT; исходящих связей 1, выход/вход=0.07. Получатель в видимой выборке.",3,False,1,1,269000,20000,1,1,0.00029908172409,1.92202445845e-05,True,0.0743494423792,True,False,False,7,0,False,0,0,0.0743494423792,1,1,0.930795847751,0,269000,20000,0.756653992395,1,terminal,1,none,0.15,0.1875,0.147992693845,0.05871886121,0,1
100000006512787100,peripheral,0.25,1,0.45356656,"4-е колено: исходящие не выгружены. Вход 1 плательщиков, 20,000 KZT. Роль за границей обхода не установлена.",4,False,1,0,20000,0,2,0,0.000526916735392,0,True,0,True,True,False,7,0,False,0,1,0,0,1,0.5,0,10000,0,0.370495495495,1,peripheral,0,truncated_depth4,0.03,0.1875,0.116560329835,0.119506227758,0,1
100000006518161100,transit,0.826323,3,0.70500825,"Вход 594,200 KZT; выход/вход=1.00; сопоставлено за 1–2 дня 32%. Признаки транзита.",1,False,3,2,594200,595899,13,13,0.000804354905495,5.7858880605e-05,True,1.00285930663,True,False,False,7,1,True,1,3,0.319587680916,1.28435642104,2,0.200487522467,0.192307692308,45707.6923077,45838.3846154,0.934322033898,1,transit,2,directed_cycle,0.18,0.1875,0.164650894537,0.139524021352,0.0333333333333,1
100000006522972100,peripheral,0.5,1,0.38877421,"Колено 3; входящих связей 1, исходящих 0; вход 9,515 KZT. Пороги значимых ролей не достигнуты.",3,False,1,0,9515,0,1,0,0.000301654500702,0,True,0,True,False,False,7,0,False,0,0,0,0,1,1,1,9515,0,0.0443599493029,1,peripheral,1,none,0.03,0.1875,0.107817806497,0.063456405694,0,1
100000006523053100,peripheral,0.5,4,0.47057081,"Колено 2; входящих связей 1, исходящих 0; вход 5,000 KZT. Пороги значимых ролей не достигнуты.",2,False,1,0,5000,0,1,0,0.000535437501234,0,True,0,True,False,False,10,0,False,0,0,0,0,1,1,1,5000,0,0.00757575757576,1,peripheral,0,none,0.03,0.216214476165,0.100246013331,0.124110320285,0,1
100000006527156100,peripheral,0.25,1,0.39266199,"4-е колено: исходящие не выгружены. Вход 1 плательщиков, 48,500 KZT. Роль за границей обхода не установлена.",4,False,1,0,48500,0,1,0,0.000294467793221,0,True,0,True,True,False,7,0,False,0,0,0,0,1,1,0,48500,0,0.584459459459,1,peripheral,0,truncated_depth4,0.03,0.1875,0.126985835825,0.0481761565836,0,1
100000006530134100,terminal,0.605181,5,0.53166291,"Колено 3; вход 144,663 KZT; исходящих связей 0, выход/вход=0.00. Получатель в видимой выборке.",3,False,2,0,144663,0,2,0,0.000297452852263,0,True,0,True,False,False,7,0,False,0,0,0,0,1,0.838085757934,0,72331.5,0,0.61216730038,2,terminal,2,none,0.15,0.1875,0.139847962532,0.0543149466192,0,1
100000006532229100,terminal,0.561111,2,0.54264875,"Колено 3; вход 105,000 KZT; исходящих связей 0, выход/вход=0.00. Получатель в видимой выборке.",3,False,1,0,105000,0,1,0,0.000299003881169,0,True,0,True,False,False,8,0,False,0,0,0,0,1,1,0,105000,0,0.553231939163,1,terminal,1,none,0.15,0.19812031259,0.136076476744,0.0584519572954,0,1
100000006534886100,peripheral,0.5,3,0.54039458,"Колено 2; входящих связей 1, исходящих 1; вход 71,700 KZT. Пороги значимых ролей не достигнуты.",2,False,1,1,71700,167500,5,8,0.00112395317714,0,True,2.33612273361,True,False,True,7,0,True,1,2,0.248256624826,2,1,0.390050167224,0.384615384615,14340,20937.5,0.71645021645,1,peripheral,0,unobserved_funding;directed_cycle,0.03,0.1875,0.145766763717,0.143794483986,0.0333333333333,1
100000006557763100,peripheral,0.5,4,0.44783355,"Колено 2; входящих связей 1, исходящих 0; вход 10,000 KZT. Пороги значимых ролей не достигнуты.",2,False,1,0,10000,0,1,0,0.000345223062904,0,True,0,True,False,False,10,0,False,0,0,0,0,1,1,0,10000,0,0.0530303030303,1,peripheral,0,none,0.03,0.216214476165,0.10840287741,0.0932161921708,0,1
100000006562026100,terminal,0.527778,42,0.51743099,"Колено 1; вход 75,000 KZT; исходящих связей 0, выход/вход=0.00. Получатель в видимой выборке.",1,False,2,0,75000,0,6,0,0.000681219942444,0,True,0,True,False,False,2,2,False,0,2,0,0,1,0.333333333333,0.5,12500,0,0.477754237288,1,terminal,0,none,0.15,0.0990601562951,0.13211638969,0.136254448399,0,1
100000006564102100,terminal,0.703594,4,0.61218702,"Колено 2; вход 233,235 KZT; исходящих связей 0, выход/вход=0.00. Получатель в видимой выборке.",2,False,1,0,233235,0,1,0,0.000425477159177,0,True,0,True,False,False,9,0,False,0,0,0,0,1,1,0,233235,0,0.709956709957,1,terminal,1,none,0.15,0.20762050593,0.145469542345,0.109096975089,0,1
100000006567935100,terminal,0.666667,29,0.55269047,"Колено 2; вход 200,000 KZT; исходящих связей 0, выход/вход=0.00. Получатель в видимой выборке.",2,False,1,0,200000,0,1,0,0.00030879545142,0,True,0,True,False,False,7,0,False,0,0,0,0,1,1,0,200000,0,0.677489177489,1,terminal,1,none,0.15,0.1875,0.143660225347,0.0715302491103,0,1
100000006573438100,peripheral,0.5,5,0.37212769,"Колено 3; входящих связей 1, исходящих 0; вход 5,000 KZT. Пороги значимых ролей не достигнуты.",3,False,1,0,5000,0,1,0,0.000297455866989,0,True,0,True,False,False,7,0,False,0,0,0,0,1,1,1,5000,0,0.00506970849176,1,peripheral,0,none,0.03,0.1875,0.100246013331,0.0543816725979,0,1
100000006579678100,peripheral,0.5,3,0.55453633,"Колено 1; входящих связей 2, исходящих 6; вход 192,930 KZT. Пороги значимых ролей не достигнуты.",1,False,2,6,192930,1668800,2,15,0.00062161049156,0.000448943555196,True,8.6497693464,True,False,True,7,1,True,2,2,0,0,1,0.294027597987,0,96465,111253.333333,0.96186440678,1,peripheral,2,unobserved_funding;directed_cycle,0.03,0.1875,0.169917414329,0.133785587189,0.0333333333333,1
100000006595426100,terminal,0.538667,1,0.55947368,"Колено 2; вход 84,800 KZT; исходящих связей 0, выход/вход=0.00. Получатель в видимой выборке.",2,False,1,0,84800,0,3,0,0.000332468943428,0,True,0,True,False,False,7,0,False,0,1,0,0,1,0.646226415094,0,28266.6666667,0,0.487012987013,1,terminal,1,none,0.15,0.1875,0.133561761587,0.0884119217082,0,1
100000006612238100,peripheral,0.5,20,0.35925659,"Колено 2; входящих связей 1, исходящих 1; вход 160,000 KZT. Пороги значимых ролей не достигнуты.",2,False,1,1,160000,25000,1,1,0.000337969133831,0,True,0.15625,True,False,False,1,0,True,1,0,0,0,1,1,0,160000,25000,0.655844155844,1,peripheral,1,directed_cycle,0.03,0.0625,0.142742656681,0.0906806049822,0.0333333333333,1
100000006638021100,peripheral,0.25,2,0.51460697,"4-е колено: исходящие не выгружены. Вход 2 плательщиков, 388,500 KZT. Роль за границей обхода не установлена.",4,False,2,0,388500,0,2,0,0.000541254817473,0,True,0,True,True,False,9,0,False,0,0,0,0,2,1,0,194250,0,0.923423423423,1,peripheral,0,truncated_depth4,0.03,0.20762050593,0.151474903229,0.125511565836,0,1
100000006641671100,peripheral,0.5,7,0.45514812,"Колено 3; входящих связей 2, исходящих 1; вход 22,000 KZT. Пороги значимых ролей не достигнуты.",3,False,2,1,22000,25000,2,3,0.000437447319382,5.44903841314e-06,True,1.13636363636,True,False,False,7,0,False,0,1,0,0,1,0.510638297872,0.6,11000,8333.33333333,0.380861850444,1,peripheral,1,none,0.03,0.1875,0.126616088604,0.11103202847,0,1
100000006656003100,peripheral,0.5,8,0.27118833,"Колено 1; входящих связей 1, исходящих 1; вход 20,000 KZT. Пороги значимых ролей не достигнуты.",1,False,1,1,20000,9000,1,1,0.000288203561406,0,True,0.45,True,False,False,1,1,True,1,0,0,0,1,1,0.5,20000,9000,0.23093220339,1,peripheral,1,directed_cycle,0.03,0.0625,0.120933288674,0.0244217081851,0.0333333333333,1
100000006658598100,peripheral,0.5,3,0.33013449,"Колено 1; входящих связей 1, исходящих 0; вход 9,000 KZT. Пороги значимых ролей не достигнуты.",1,False,1,0,9000,0,1,0,0.000284998697782,0,True,0,True,False,False,7,1,False,0,0,0,0,1,1,1,9000,0,0.0148305084746,1,peripheral,1,none,0.03,0.1875,0.107162960722,0.00547153024911,0,1
100000006664478100,transit,0.636364,9,0.51296567,"Вход 55,000 KZT; выход/вход=1.09; сопоставлено за 1–2 дня 0%. Признаки транзита.",3,False,1,2,55000,60000,3,2,0.000613017046236,1.18888110832e-06,True,1.09090909091,True,False,False,1,0,False,0,1,0,0,1,0.739130434783,0,18333.3333333,30000,0.5690747782,1,transit,0,none,0.18,0.0625,0.137147165262,0.133318505338,0,1
100000006679055100,peripheral,0.5,4,0.41579279,"Колено 2; входящих связей 1, исходящих 0; вход 25,000 KZT. Пороги значимых ролей не достигнуты.",2,False,1,0,25000,0,1,0,0.000299198048745,0,True,0,True,False,False,9,0,False,0,0,0,0,1,1,0,25000,0,0.214285714286,1,peripheral,1,none,0.03,0.20762050593,0.119186514696,0.0589857651246,0,1
100000006684930100,peripheral,0.5,17,0.40819831,"Колено 2; входящих связей 1, исходящих 0; вход 10,000 KZT. Пороги значимых ролей не достигнуты.",2,False,1,0,10000,0,1,0,0.000297090321153,0,True,0,True,False,False,10,0,False,0,0,0,0,1,1,0,10000,0,0.0530303030303,1,peripheral,0,none,0.03,0.216214476165,0.10840287741,0.0535809608541,0,1
100000006687202100,terminal,0.5,1,0.5101179,"Колено 1; вход 50,000 KZT; исходящих связей 0, выход/вход=0.00. Получатель в видимой выборке.",1,False,1,0,50000,0,1,0,0.000293346811195,0,True,0,True,False,False,7,1,False,0,0,0,0,1,1,0,50000,0,0.380296610169,1,terminal,1,none,0.15,0.1875,0.127344320171,0.0452735765125,0,1
100000006689603100,peripheral,0.25,22,0.44298372,"4-е колено: исходящие не выгружены. Вход 1 плательщиков, 400,000 KZT. Роль за границей обхода не установлена.",4,False,1,0,400000,0,2,0,0.000310676939972,0,True,0,True,True,False,7,0,False,0,1,0,0,1,0.75,0,200000,0,0.925675675676,1,peripheral,1,truncated_depth4,0.03,0.1875,0.151818236782,0.073665480427,0,1
100000006693788100,peripheral,0.25,11,0.4482773,"4-е колено: исходящие не выгружены. Вход 1 плательщиков, 10,764 KZT. Роль за границей обхода не установлена.",4,False,1,0,10764,0,1,0,0.000528945317354,0,True,0,True,True,False,7,0,False,0,0,0,0,1,1,0,10764,0,0.216216216216,1,peripheral,0,truncated_depth4,0.03,0.1875,0.109269294448,0.121508007117,0,1
100000006701983100,peripheral,0.5,6,0.23724753,"Колено 3; входящих связей 1, исходящих 0; вход 27,000 KZT. Пороги значимых ролей не достигнуты.",3,False,1,0,27000,0,1,0,0.000288220623233,0,True,0,True,False,False,1,0,False,0,0,0,0,1,1,0,27000,0,0.261089987326,1,peripheral,1,none,0.03,0.0625,0.120092277808,0.0246552491103,0,1
100000006704530100,transit,0.687569,27,0.63400499,"Вход 450,500 KZT; выход/вход=0.95; сопоставлено за 1–2 дня 0%. Признаки транзита.",3,False,1,3,450500,428000,1,5,0.000396004496,5.8849614862e-05,True,0.950055493896,True,False,False,7,0,False,0,2,0,0,1,0.51280591918,0.166666666667,450500,85600,0.930291508238,1,transit,0,none,0.18,0.1875,0.161077942103,0.105427046263,0,1
100000006706519100,peripheral,0.25,1,0.44447005,"4-е колено: исходящие не выгружены. Вход 1 плательщиков, 36,000 KZT. Роль за границей обхода не установлена.",4,False,1,0,36000,0,3,0,0.000388486434346,0,True,0,True,True,False,7,0,False,0,1,0,0,1,0.555555555556,0.333333333333,12000,0,0.518018018018,1,peripheral,0,truncated_depth4,0.03,0.1875,0.123478061711,0.103491992883,0,1
100000006707582100,distributor,0.566667,10,0.6221536,"Переводы 14 получателям; 15 операций; 961,138 KZT. Признаки веерного распределения.",1,False,2,14,39520,961138,2,15,0.000534860572872,0.000363467374394,True,24.3202935223,True,False,True,1,1,True,1,1,0.443319838057,1,1,0.459957348065,0,19760,64075.8666667,0.921610169492,6,distributor,2,unobserved_funding;directed_cycle,0.24,0.0625,0.162610304357,0.123709964413,0.0333333333333,1
100000006710485100,peripheral,0.5,6,0.22617554,"Колено 3; входящих связей 1, исходящих 0; вход 20,000 KZT. Пороги значимых ролей не достигнуты.",3,False,1,0,20000,0,1,0,0.00028713608379,0,True,0,True,False,False,1,0,False,0,0,0,0,1,1,0,20000,0,0.17237008872,1,peripheral,1,none,0.03,0.0625,0.116560329835,0.0171152135231,0,1
100000006714366100,peripheral,0.5,17,0.35341373,"Колено 3; входящих связей 1, исходящих 1; вход 10,500 KZT. Пороги значимых ролей не достигнуты.",3,False,1,1,10500,5000,1,1,0.000287895307871,1.92202445845e-05,True,0.47619047619,True,False,False,7,0,False,0,0,0,0,1,1,0.5,10500,5000,0.110266159696,1,peripheral,1,none,0.03,0.1875,0.11356052975,0.022353202847,0,1
100000006734214100,consolidator,0.5,1,0.74774449,"Вход от 5 плательщиков (seed: 0); 610,000 KZT; исходящих связей 3. Признаки консолидации.",3,False,5,3,610000,36000,10,4,0.000602458353448,5.94440554161e-05,True,0.0590163934426,True,False,False,7,0,False,0,4,0.0295081967213,2,2,0.232198142415,0.142857142857,61000,9000,0.897338403042,3,consolidator,5,none,0.27,0.1875,0.15745978955,0.132784697509,0,1
100000006734554100,peripheral,0.5,28,0.29078302,"Колено 1; входящих связей 1, исходящих 1; вход 16,500 KZT. Пороги значимых ролей не достигнуты.",1,False,1,1,16500,25000,1,1,0.00031018149153,5.94440554161e-07,True,1.51515151515,True,False,True,1,1,False,0,0,0,0,1,0.602409638554,0,16500,25000,0.323093220339,1,peripheral,0,unobserved_funding,0.03,0.0625,0.125151350283,0.0731316725979,0,1
100000006735545100,peripheral,0.25,1,0.35724779,"4-е колено: исходящие не выгружены. Вход 1 плательщиков, 5,000 KZT. Роль за границей обхода не установлена.",4,False,1,0,5000,0,1,0,0.000291689381103,0,True,0,True,True,False,7,0,False,0,0,0,0,1,1,1,5000,0,0.0236486486486,1,peripheral,0,truncated_depth4,0.03,0.1875,0.100246013331,0.0395017793594,0,1
100000006745291100,terminal,0.536149,16,0.53387664,"Колено 1; вход 82,534 KZT; исходящих связей 0, выход/вход=0.00. Получатель в видимой выборке.",1,False,1,0,82534,0,1,0,0.000296485437018,0,True,0,True,False,False,8,1,False,0,0,0,0,1,1,0,82534,0,0.502118644068,1,terminal,1,none,0.15,0.19812031259,0.133242984218,0.0525133451957,0,1
100000006746688100,peripheral,0.5,6,0.25187257,"Колено 3; входящих связей 1, исходящих 0; вход 41,000 KZT. Пороги значимых ролей не достигнуты.",3,False,1,0,41000,0,1,0,0.000290389702119,0,True,0,True,False,False,1,0,False,0,0,0,0,1,1,0,41000,0,0.346007604563,1,peripheral,1,none,0.03,0.0625,0.1250086906,0.0343638790036,0,1
100000006755850100,terminal,0.937195,16,0.66187924,"Колено 2; вход 443,476 KZT; исходящих связей 0, выход/вход=0.00. Получатель в видимой выборке.",2,False,1,0,443475.8,0,3,0,0.000645011030765,0,True,0,True,False,False,11,0,False,0,1,0,0,1,0.830881414499,0,147825.266667,0,0.80303030303,1,terminal,0,none,0.15,0.224060156295,0.153032602172,0.134786476868,0,1
100000006756956100,peripheral,0.25,1,0.42712906,"4-е колено: исходящие не выгружены. Вход 1 плательщиков, 121,200 KZT. Роль за границей обхода не установлена.",4,False,1,0,121200,0,9,0,0.000309233746038,0,True,0,True,True,False,7,0,False,0,1,0,0,1,0.453795379538,0.666666666667,13466.6666667,0,0.772522522523,1,peripheral,1,truncated_depth4,0.03,0.1875,0.137765179245,0.0718638790036,0,1
100000006787636100,peripheral,0.5,3,0.43021247,"Колено 2; входящих связей 1, исходящих 0; вход 20,000 KZT. Пороги значимых ролей не достигнуты.",2,False,1,0,20000,0,1,0,0.000355983048524,0,True,0,True,False,False,7,0,False,0,0,0,0,1,1,0,20000,0,0.154761904762,1,peripheral,0,none,0.03,0.1875,0.116560329835,0.0961521352313,0,1
100000006788200100,peripheral,0.5,7,0.45656849,"Колено 1; входящих связей 4, исходящих 3; вход 272,156 KZT. Пороги значимых ролей не достигнуты.",1,False,4,3,272155.8,64500,4,4,0.000335268688324,9.68938103283e-05,True,0.236996602681,True,False,False,7,1,False,0,1,0,0,1,0.276840618816,0.125,68038.95,16125,0.764830508475,4,peripheral,2,none,0.03,0.1875,0.14978912806,0.0892793594306,0,1
100000006789108100,peripheral,0.5,16,0.38410729,"Колено 1; входящих связей 1, исходящих 0; вход 37,500 KZT. Пороги значимых ролей не достигнуты.",1,False,1,0,37500,0,1,0,0.00028969326756,0,True,0,True,False,False,8,1,False,0,0,0,0,1,1,0,37500,0,0.289194915254,1,peripheral,1,none,0.03,0.19812031259,0.123958505755,0.0320284697509,0,1
100000006831291100,peripheral,0.5,42,0.08676554,"Колено 0; входящих связей 0, исходящих 1; вход 0 KZT. Пороги значимых ролей не достигнуты.",0,True,0,1,0,15000,0,3,0.000284037399667,0,False,0,False,False,True,0,0,False,0,1,0,0,0,0.333333333333,1,0,5000,0.259259259259,1,peripheral,0,seed;unobserved_funding,0.03,0,0.113174633106,0.00143460854093,0,0.6
100000006844004100,peripheral,0.5,17,0.4602534,"Колено 3; входящих связей 1, исходящих 0; вход 20,600 KZT. Пороги значимых ролей не достигнуты.",3,False,1,0,20600,0,1,0,0.000542189118317,0,True,0,True,False,False,7,0,False,0,0,0,0,1,1,0,20600,0,0.182509505703,1,peripheral,0,none,0.03,0.1875,0.116908206942,0.12584519573,0,1
100000006844768100,peripheral,0.5,11,0.55001226,"Колено 2; входящих связей 1, исходящих 2; вход 282,000 KZT. Пороги значимых ролей не достигнуты.",2,False,1,2,282000,188000,5,5,0.00137325877878,3.88367828719e-05,True,0.666666666667,True,False,False,7,0,True,1,2,0.0460992907801,1,1,0.425531914894,0.1,56400,37600,0.816017316017,1,peripheral,1,directed_cycle,0.03,0.1875,0.15371628836,0.145462633452,0.0333333333333,1
100000006852430100,peripheral,0.5,16,0.50110357,"Колено 2; входящих связей 1, исходящих 0; вход 37,000 KZT. Пороги значимых ролей не достигнуты.",2,False,1,0,37000,0,1,0,0.000533021710319,0,True,0,True,False,False,11,0,False,0,0,0,0,1,1,0,37000,0,0.318181818182,1,peripheral,0,none,0.03,0.224060156295,0.123800526885,0.123242882562,0,1
100000006866783100,coordinator,1,1,0.53837021,Связывает 17 узлов сбора/рассылки; достижим от 6 seed; betweenness=0.00605. Гипотеза структурной координации.,0,True,13,67,838812,3948037,31,90,0.000864797594646,0.00604522526401,True,4.70670066713,False,False,True,6,0,True,8,19,1,1.08222104596,5,0.142286084228,0,27058.4516129,43867.0777778,0.975308641975,12,consolidator,17,seed;unobserved_funding;fast_temporal_match;sync_inflow;directed_cycle,0.3,0.175459682629,0.181032189964,0.140791814947,0.1,0.6
100000006866831100,peripheral,0.25,7,0.43108458,"4-е колено: исходящие не выгружены. Вход 1 плательщиков, 16,500 KZT. Роль за границей обхода не установлена.",4,False,1,0,16500,0,1,0,0.000365593269339,0,True,0,True,True,False,7,0,False,0,0,0,0,1,1,0,16500,0,0.318693693694,1,peripheral,0,truncated_depth4,0.03,0.1875,0.114296321144,0.0992882562278,0,1
100000006882208100,peripheral,0.5,3,0.46727319,"Колено 3; входящих связей 1, исходящих 0; вход 18,000 KZT. Пороги значимых ролей не достигнуты.",3,False,1,0,18000,0,1,0,0.000635321795169,0,True,0,True,False,False,7,0,False,0,0,0,0,1,1,0,18000,0,0.151457541191,1,peripheral,0,none,0.03,0.1875,0.115320347771,0.134452846975,0,1
100000006888238100,peripheral,0.5,44,0.35228202,"Колено 2; входящих связей 1, исходящих 1; вход 18,000 KZT. Пороги значимых ролей не достигнуты.",2,False,1,1,18000,30000,1,1,0.000605001988867,3.96293702774e-07,True,1.66666666667,True,False,True,1,0,False,0,0,0,0,1,0.625,0,18000,30000,0.352813852814,1,peripheral,0,unobserved_funding,0.03,0.0625,0.126863872857,0.132918149466,0,1
100000006889963100,peripheral,0.5,16,0.566288,"Колено 1; входящих связей 4, исходящих 1; вход 1,431,000 KZT. Пороги значимых ролей не достигнуты.",1,False,4,1,1431000,443475.8,6,3,0.000424674820695,2.51646501262e-05,True,0.309906219427,True,False,False,11,2,False,0,3,0.157931516422,1,4,0.879432959337,0,238500,147825.266667,0.963983050847,4,peripheral,4,sync_inflow,0.03,0.224060156295,0.169997716664,0.108896797153,0.0333333333333,1
100000006894637100,terminal,0.503146,11,0.49231636,"Колено 3; вход 52,831 KZT; исходящих связей 0, выход/вход=0.00. Получатель в видимой выборке.",3,False,1,0,52831,0,1,0,0.000288686931877,0,True,0,True,False,False,7,0,False,0,0,0,0,1,1,0,52831,0,0.422053231939,1,terminal,1,none,0.15,0.1875,0.127992517934,0.0268238434164,0,1
100000006901046100,peripheral,0.5,3,0.53356539,"Колено 2; входящих связей 1, исходящих 1; вход 75,800 KZT. Пороги значимых ролей не достигнуты.",2,False,1,1,75800,5500,3,1,0.0031855418694,0,True,0.0725593667546,True,False,False,7,0,True,1,1,0.0725593667546,1,1,0.686346863469,0.25,25266.6666667,5500,0.469696969697,1,peripheral,0,directed_cycle,0.03,0.1875,0.133065685969,0.149666370107,0.0333333333333,1
100000006903193100,peripheral,0.25,7,0.38518342,"4-е колено: исходящие не выгружены. Вход 1 плательщиков, 9,000 KZT. Роль за границей обхода не установлена.",4,False,1,0,9000,0,1,0,0.000299959407504,0,True,0,True,True,False,7,0,False,0,0,0,0,1,1,1,9000,0,0.144144144144,1,peripheral,0,truncated_depth4,0.03,0.1875,0.107162960722,0.0605204626335,0,1
100000006912294100,peripheral,0.5,9,0.36685816,"Колено 2; входящих связей 1, исходящих 2; вход 6,335 KZT. Пороги значимых ролей не достигнуты.",2,False,1,2,6335.09,30000,1,2,0.000509433857532,5.94440554161e-07,True,4.73552861917,True,False,True,1,0,True,1,0,0,0,1,0.688040128702,0.666666666667,6335.09,15000,0.313852813853,1,peripheral,0,unobserved_funding;directed_cycle,0.03,0.0625,0.123587103746,0.11743772242,0.0333333333333,1
100000006918814100,peripheral,0.25,1,0.39858435,"4-е колено: исходящие не выгружены. Вход 1 плательщиков, 20,000 KZT. Роль за границей обхода не установлена.",4,False,1,0,20000,0,2,0,0.000302673123783,0,True,0,True,True,False,7,0,False,0,1,0,0,1,0.5,0,10000,0,0.370495495495,1,peripheral,1,truncated_depth4,0.03,0.1875,0.116560329835,0.0645240213523,0,1
100000006919124100,peripheral,0.5,1,0.34402637,"Колено 3; входящих связей 1, исходящих 0; вход 25,000 KZT. Пороги значимых ролей не достигнуты.",3,False,1,0,25000,0,1,0,0.000285435571082,0,True,0,True,False,False,7,0,False,0,0,0,0,1,1,0,25000,0,0.229404309252,1,peripheral,1,none,0.03,0.1875,0.119186514696,0.00733985765125,0,1
100000006952718100,terminal,0.523877,3,0.50848716,"Колено 1; вход 71,489 KZT; исходящих связей 0, выход/вход=0.00. Получатель в видимой выборке.",1,False,1,0,71489,0,1,0,0.000291673204216,0,True,0,True,False,False,7,1,False,0,0,0,0,1,1,0,71489,0,0.468220338983,1,terminal,1,none,0.15,0.1875,0.131552111226,0.0394350533808,0,1
100000006965162100,peripheral,0.5,24,0.39586507,"Колено 3; входящих связей 1, исходящих 0; вход 10,000 KZT. Пороги значимых ролей не достигнуты.",3,False,1,0,10000,0,1,0,0.000307529644753,0,True,0,True,False,False,7,0,False,0,0,0,0,1,1,0,10000,0,0.0551330798479,1,peripheral,0,none,0.03,0.1875,0.10840287741,0.0699621886121,0,1
100000006967370100,peripheral,0.5,1,0.38482321,"Колено 3; входящих связей 1, исходящих 1; вход 33,225 KZT. Пороги значимых ролей не достигнуты.",3,False,1,1,33225,13526.27,1,1,0.000292006749916,1.92202445845e-05,True,0.407111211437,True,False,False,7,0,False,0,0,0,0,1,1,0,33225,13526.27,0.376425855513,1,peripheral,1,none,0.03,0.1875,0.126553638498,0.0407695729537,0,1
100000006972210100,terminal,0.987528,9,0.5952469,"Колено 1; вход 488,775 KZT; исходящих связей 0, выход/вход=0.00. Получатель в видимой выборке.",1,False,3,0,488775,0,4,0,0.00034438131133,0,True,0,True,False,False,8,3,False,0,1,0,0,1,0.339010792287,0,122193.75,0,0.841101694915,2,terminal,2,none,0.15,0.19812031259,0.154177296157,0.0929492882562,0,1
100000006977207100,distributor,0.583333,18,0.57647228,"Переводы 15 получателям; 15 операций; 4,157,018 KZT. Признаки веерного распределения.",2,False,1,15,414000,4157018,1,15,0.000345885508992,3.27734892194e-05,True,10.0411062802,True,False,True,1,0,False,0,0,0,0,1,0.329960853359,0,414000,277134.533333,0.978354978355,3,distributor,1,unobserved_funding,0.24,0.0625,0.180489184376,0.0934830960854,0,1
100000006989106100,terminal,0.515556,9,0.45878618,"Колено 2; вход 64,000 KZT; исходящих связей 0, выход/вход=0.00. Получатель в видимой выборке.",2,False,1,0,64000,0,2,0,0.000492730993314,0,True,0,True,False,False,1,0,False,0,1,0,0,1,0.71875,0,32000,0,0.438311688312,1,terminal,0,none,0.15,0.0625,0.130249704435,0.116036476868,0,1
100000006989232100,peripheral,0.5,11,0.34502736,"Колено 3; входящих связей 1, исходящих 0; вход 22,194 KZT. Пороги значимых ролей не достигнуты.",3,False,1,0,22194,0,1,0,0.000285990641473,0,True,0,True,False,False,7,0,False,0,0,0,0,1,1,0,22194,0,0.190114068441,1,peripheral,1,none,0.03,0.1875,0.117785362263,0.00974199288256,0,1
100000006994985100,peripheral,0.5,7,0.4630357,"Колено 2; входящих связей 1, исходящих 1; вход 48,500 KZT. Пороги значимых ролей не достигнуты.",2,False,1,1,48500,10200,2,2,0.000498323489739,1.96165382873e-05,True,0.210309278351,True,False,False,7,0,False,0,2,0.210309278351,1,1,0.528109028961,0.5,24250,5100,0.419913419913,1,peripheral,0,none,0.03,0.1875,0.129232320328,0.116303380783,0,1
100000007005380100,peripheral,0.5,1,0.38796385,"Колено 3; входящих связей 1, исходящих 0; вход 9,400 KZT. Пороги значимых ролей не достигнуты.",3,False,1,0,9400,0,1,0,0.000301441577253,0,True,0,True,False,False,7,0,False,0,0,0,0,1,1,1,9400,0,0.041825095057,1,peripheral,1,none,0.03,0.1875,0.107674705936,0.0627891459075,0,1
100000007018630100,peripheral,0.5,45,0.1050569,"Колено 0; входящих связей 0, исходящих 1; вход 0 KZT. Пороги значимых ролей не достигнуты.",0,True,0,1,0,200000,0,5,0.000284037399667,0,False,0,False,False,True,0,0,False,0,1,0,0,0,0.6,0,0,40000,0.62962962963,1,peripheral,0,seed;unobserved_funding,0.03,0,0.143660225347,0.00143460854093,0,0.6
100000007020162100,terminal,0.540439,15,0.54234424,"Колено 3; вход 86,395 KZT; исходящих связей 0, выход/вход=0.00. Получатель в видимой выборке.",3,False,1,0,86395,0,1,0,0.000308373534825,0,True,0,True,False,False,7,0,False,0,0,0,0,1,1,0,86395,0,0.505703422053,1,terminal,1,none,0.15,0.1875,0.133781076172,0.0710631672598,0,1
100000007022818100,peripheral,0.5,6,0.22089741,"Колено 3; входящих связей 1, исходящих 0; вход 17,200 KZT. Пороги значимых ролей не достигнуты.",3,False,1,0,17200,0,1,0,0.000286702268013,0,True,0,True,False,False,1,0,False,0,0,0,0,1,1,0,17200,0,0.137515842839,1,peripheral,1,none,0.03,0.0625,0.11478530581,0.0136120996441,0,1
100000007034089100,peripheral,0.25,2,0.45413556,"4-е колено: исходящие не выгружены. Вход 2 плательщиков, 198,000 KZT. Роль за границей обхода не установлена.",4,False,2,0,198000,0,2,0,0.000319357430683,0,True,0,True,True,False,8,0,False,0,0,0,0,2,1,0.5,99000,0,0.835585585586,1,peripheral,2,truncated_depth4,0.03,0.19812031259,0.143541937859,0.0824733096085,0,1
100000007042175100,peripheral,0.25,11,0.46963248,"4-е колено: исходящие не выгружены. Вход 1 плательщиков, 60,000 KZT. Роль за границей обхода не установлена.",4,False,1,0,60000,0,1,0,0.000530841107937,0,True,0,True,True,False,7,0,False,0,0,0,0,1,1,0,60000,0,0.638513513514,1,peripheral,0,truncated_depth4,0.03,0.1875,0.129490126369,0.122642348754,0,1
100000007055802100,consolidator,0.55,1,0.84241176,"Вход от 6 плательщиков (seed: 1); 2,024,999 KZT; исходящих связей 1. Признаки консолидации.",1,False,6,1,2024999,605000,34,7,0.00117094819836,4.35923073052e-06,True,0.298765579637,True,False,False,7,1,True,1,6,0.117530922237,1.3025210084,4,0.229657881999,0.0975609756098,59558.7941176,86428.5714286,0.985169491525,4,consolidator,6,sync_inflow;directed_cycle,0.27,0.1875,0.173983530087,0.144261565836,0.0666666666667,1
100000007071852100,peripheral,0.25,7,0.47209445,"4-е колено: исходящие не выгружены. Вход 1 плательщиков, 195,000 KZT. Роль за границей обхода не установлена.",4,False,1,0,195000,0,1,0,0.00044093323557,0,True,0,True,True,False,7,0,False,0,0,0,0,1,1,0,195000,0,0.831081081081,1,peripheral,0,truncated_depth4,0.03,0.1875,0.143362247267,0.111232206406,0,1
100000007129492100,peripheral,0.5,16,0.4318955,"Колено 1; входящих связей 2, исходящих 1; вход 50,990 KZT. Пороги значимых ролей не достигнуты.",1,False,2,1,50990,37000,2,1,0.000292922694916,2.51646501262e-05,True,0.725632476956,True,False,False,11,2,False,0,0,0,0,1,0.715876804182,0,25495,37000,0.527542372881,2,peripheral,2,none,0.03,0.224060156295,0.133996378687,0.0438389679715,0,1
100000007131370100,peripheral,0.5,3,0.52211616,"Колено 3; входящих связей 1, исходящих 1; вход 30,000 KZT. Пороги значимых ролей не достигнуты.",3,False,1,1,30000,30000,1,1,0.00089236062345,0,True,1,True,False,False,7,0,True,1,0,0,0,1,0.5,0,30000,30000,0.446134347275,1,peripheral,0,directed_cycle,0.03,0.1875,0.129490126369,0.141792704626,0.0333333333333,1
100000007138613100,terminal,1,1,0.59701163,"Колено 3; вход 1,002,000 KZT; исходящих связей 2, выход/вход=0.18. Получатель в видимой выборке.",3,False,3,2,1002000,179000,3,2,0.00035214825625,3.88367828719e-05,True,0.178642714571,True,False,False,7,0,False,0,0,0,0,1,0.397967823878,0,334000,89500,0.953105196451,3,terminal,2,none,0.15,0.1875,0.164560563675,0.0949510676157,0,1
100000007140834100,peripheral,0.5,7,0.46312436,"Колено 3; входящих связей 1, исходящих 0; вход 10,200 KZT. Пороги значимых ролей не достигнуты.",3,False,1,0,10200,0,2,0,0.000707612402764,0,True,0,True,False,False,7,0,False,0,1,0,0,1,0.509803921569,1,5100,0,0.0671736375158,1,peripheral,0,none,0.03,0.1875,0.108635922646,0.136988434164,0,1
100000007153161100,peripheral,0.25,1,0.46411063,"4-е колено: исходящие не выгружены. Вход 1 плательщиков, 44,997 KZT. Роль за границей обхода не установлена.",4,False,1,0,44997,0,1,0,0.000527808069758,0,True,0,True,True,False,7,0,False,0,0,0,0,1,1,0,44997,0,0.558558558559,1,peripheral,0,truncated_depth4,0.03,0.1875,0.126103514231,0.120507117438,0,1
100000007170072100,transit,0.9925,18,0.61289159,"Вход 100,000 KZT; выход/вход=0.99; сопоставлено за 1–2 дня 100%. Признаки транзита.",3,False,1,2,100000,99500,1,9,0.000305955722476,3.84404891691e-05,True,0.995,True,False,False,7,0,False,0,2,0.995,2,1,0.501253132832,0.3,100000,11055.5555556,0.684410646388,1,transit,1,fast_temporal_match,0.18,0.1875,0.14363076474,0.0684274911032,0.0333333333333,1
100000007173936100,peripheral,0.5,29,0.33230857,"Колено 2; входящих связей 1, исходящих 0; вход 10,000 KZT. Пороги значимых ролей не достигнуты.",2,False,1,0,10000,0,1,0,0.000285275302255,0,True,0,True,False,False,7,0,False,0,0,0,0,1,1,0,10000,0,0.0530303030303,1,peripheral,1,none,0.03,0.1875,0.10840287741,0.00640569395018,0,1
100000007175718100,peripheral,0.5,39,0.27214974,"Колено 1; входящих связей 1, исходящих 0; вход 20,000 KZT. Пороги значимых ролей не достигнуты.",1,False,1,0,20000,0,1,0,0.000301539750916,0,True,0,True,False,False,1,1,False,0,0,0,0,1,1,0,20000,0,0.143008474576,1,peripheral,0,none,0.03,0.0625,0.116560329835,0.0630894128114,0,1
100000007181706100,terminal,0.640302,4,0.58859297,"Колено 1; вход 176,272 KZT; исходящих связей 0, выход/вход=0.00. Получатель в видимой выборке.",1,False,2,0,176272,0,2,0,0.000317264236331,0,True,0,True,False,False,10,1,False,0,0,0,0,2,1,0,88136,0,0.648305084746,2,terminal,2,none,0.15,0.216214476165,0.142173865369,0.0802046263345,0,1
100000007197866100,peripheral,0.5,7,0.36393388,"Колено 3; входящих связей 1, исходящих 1; вход 20,000 KZT. Пороги значимых ролей не достигнуты.",3,False,1,1,20000,15000,1,1,0.000288074518869,1.92202445845e-05,True,0.75,True,False,False,7,0,False,0,0,0,0,1,1,0,20000,15000,0.314321926489,1,peripheral,1,none,0.03,0.1875,0.123146512081,0.023287366548,0,1
100000007229557100,terminal,1,2,0.65671814,"Колено 3; вход 878,000 KZT; исходящих связей 0, выход/вход=0.00. Получатель в видимой выборке.",3,False,3,0,878000,0,3,0,0.000391949777735,0,True,0,True,False,False,9,0,False,0,0,0,0,3,1,0,292666.666667,0,0.929024081115,1,terminal,3,sync_inflow,0.15,0.20762050593,0.161071241532,0.104693060498,0.0333333333333,1
100000007242833100,peripheral,0.5,12,0.4957273,"Колено 2; входящих связей 1, исходящих 1; вход 107,500 KZT. Пороги значимых ролей не достигнуты.",2,False,1,1,107500,45000,3,2,0.000510679073777,1.98146851387e-05,True,0.418604651163,True,False,False,9,0,False,0,2,0.418604651163,1,1,0.704918032787,0,35833.3333333,22500,0.619047619048,1,peripheral,0,none,0.03,0.20762050593,0.140468893495,0.117637900356,0,1
100000007267915100,peripheral,0.5,13,0.37204737,"Колено 3; входящих связей 2, исходящих 1; вход 21,000 KZT. Пороги значимых ролей не достигнуты.",3,False,2,1,21000,10000,3,1,0.000289819987938,1.67298989296e-06,True,0.47619047619,True,False,False,7,0,False,0,1,0.238095238095,2,1,0.354838709677,0.5,7000,10000,0.290874524715,2,peripheral,3,none,0.03,0.1875,0.121718190964,0.0328291814947,0,1
100000007274584100,peripheral,0.5,4,0.40949702,"Колено 1; входящих связей 1, исходящих 0; вход 38,000 KZT. Пороги значимых ролей не достигнуты.",1,False,1,0,38000,0,1,0,0.000291584810313,0,True,0,True,False,False,10,1,False,0,0,0,0,1,1,0,38000,0,0.296610169492,1,peripheral,1,none,0.03,0.216214476165,0.124114392184,0.0391681494662,0,1
100000007281639100,terminal,0.6853,3,0.56564883,"Колено 1; вход 216,770 KZT; исходящих связей 0, выход/вход=0.00. Получатель в видимой выборке.",1,False,2,0,216770,0,4,0,0.000321763972057,0,True,0,True,False,False,7,1,False,0,2,0,0,1,0.650459011856,0.25,54192.5,0,0.692796610169,1,terminal,2,none,0.15,0.1875,0.144607900491,0.0835409252669,0,1
100000007283257100,terminal,0.657778,46,0.45890486,"Колено 1; вход 192,000 KZT; исходящих связей 0, выход/вход=0.00. Получатель в видимой выборке.",1,False,1,0,192000,0,7,0,0.000386861849716,0,True,0,True,False,False,1,1,False,0,1,0,0,1,0.6875,0,27428.5714286,0,0.664194915254,1,terminal,0,none,0.15,0.0625,0.143179770677,0.103225088968,0,1
100000007289427100,peripheral,0.5,4,0.30349482,"Колено 2; входящих связей 1, исходящих 0; вход 12,300 KZT. Пороги значимых ролей не достигнуты.",2,False,1,0,12300,0,1,0,0.000371515870239,0,True,0,True,False,False,1,0,False,0,0,0,0,1,1,0,12300,0,0.0865800865801,1,peripheral,0,none,0.03,0.0625,0.11083912409,0.10015569395,0,1
100000007303047100,terminal,0.5025,6,0.38193265,"Колено 3; вход 52,250 KZT; исходящих связей 0, выход/вход=0.00. Получатель в видимой выборке.",3,False,1,0,52250,0,1,0,0.000292132711938,0,True,0,True,False,False,1,0,False,0,0,0,0,1,1,0,52250,0,0.41825095057,1,terminal,1,none,0.15,0.0625,0.127862369632,0.0415702846975,0,1
100000007311010100,peripheral,0.5,4,0.44992747,"Колено 1; входящих связей 2, исходящих 1; вход 64,480 KZT. Пороги значимых ролей не достигнуты.",1,False,2,1,64480,20000,2,1,0.000307642969817,2.39757690178e-05,True,0.31017369727,True,False,False,10,1,False,0,0,0,0,1,0.449810606061,0,32240,20000,0.510593220339,1,peripheral,2,none,0.03,0.216214476165,0.133517264649,0.0701957295374,0,1
100000007322059100,peripheral,0.5,13,0.5251334,"Колено 2; входящих связей 2, исходящих 1; вход 29,000 KZT. Пороги значимых ролей не достигнуты.",2,False,2,1,29000,22500,2,2,0.00067482463933,4.00256639802e-05,True,0.775862068966,True,False,False,8,0,True,1,1,0,0,1,0.766990291262,0.5,14500,11250,0.392857142857,1,peripheral,0,directed_cycle,0.03,0.19812031259,0.127692207562,0.135987544484,0.0333333333333,1
100000007330432100,peripheral,0.25,3,0.49770053,"4-е колено: исходящие не выгружены. Вход 1 плательщиков, 584,900 KZT. Роль за границей обхода не установлена.",4,False,1,0,584900,0,1,0,0.000534951499351,0,True,0,True,True,False,7,0,False,0,0,0,0,1,1,0,584900,0,0.961711711712,1,peripheral,0,truncated_depth4,0.03,0.1875,0.15629038381,0.123910142349,0,1
100000007333038100,peripheral,0.5,10,0.27676729,"Колено 3; входящих связей 1, исходящих 2; вход 17,500 KZT. Пороги значимых ролей не достигнуты.",3,False,1,2,17500,34994,1,2,0.000298064266727,1.5851748111e-06,True,1.99965714286,True,False,True,1,0,False,0,0,0,0,1,0.666628567074,0,17500,17497,0.420785804816,1,peripheral,0,unobserved_funding,0.03,0.0625,0.12791720283,0.056350088968,0,1
100000007334196100,terminal,0.611113,16,0.55758966,"Колено 1; вход 150,002 KZT; исходящих связей 0, выход/вход=0.00. Получатель в видимой выборке.",1,False,1,0,150002,0,1,0,0.000306661172885,0,True,0,True,False,False,8,1,False,0,0,0,0,1,1,0,150002,0,0.614406779661,1,terminal,1,none,0.15,0.19812031259,0.140274509011,0.0691948398577,0,1
100000007337374100,peripheral,0.5,20,0.24535926,"Колено 2; входящих связей 1, исходящих 0; вход 20,000 KZT. Пороги значимых ролей не достигнуты.",2,False,1,0,20000,0,2,0,0.000290778866438,0,True,0,True,False,False,1,0,False,0,1,0,0,1,0.5,0,10000,0,0.154761904762,1,peripheral,1,none,0.03,0.0625,0.116560329835,0.0362989323843,0,1
100000007347733100,peripheral,0.5,42,0.30339116,"Колено 1; входящих связей 1, исходящих 0; вход 23,007 KZT. Пороги значимых ролей не достигнуты.",1,False,1,0,23007,0,1,0,0.000343760018643,0,True,0,True,False,False,1,1,False,0,0,0,0,1,1,0,23007,0,0.169491525424,1,peripheral,0,none,0.03,0.0625,0.118208771699,0.0926823843416,0,1
100000007357489100,peripheral,0.25,2,0.44381344,"4-е колено: исходящие не выгружены. Вход 2 плательщиков, 164,500 KZT. Роль за границей обхода не установлена.",4,False,2,0,164500,0,2,0,0.000311249779445,0,True,0,True,True,False,8,0,False,0,0,0,0,2,1,0,82250,0,0.806306306306,1,peripheral,2,truncated_depth4,0.03,0.19812031259,0.141360385038,0.0743327402135,0,1
100000007381662100,peripheral,0.25,4,0.37700229,"4-е колено: исходящие не выгружены. Вход 1 плательщиков, 11,000 KZT. Роль за границей обхода не установлена.",4,False,1,0,11000,0,1,0,0.00029522830623,0,True,0,True,True,False,7,0,False,0,0,0,0,1,1,0,11000,0,0.219594594595,1,peripheral,1,truncated_depth4,0.03,0.1875,0.109524529789,0.0499777580071,0,1
100000007382152100,peripheral,0.5,13,0.32481826,"Колено 2; входящих связей 1, исходящих 0; вход 5,860 KZT. Пороги значимых ролей не достигнуты.",2,False,1,0,5860,0,1,0,0.000284942808777,0,True,0,True,False,False,7,0,False,0,0,0,0,1,1,1,5860,0,0.0151515151515,1,peripheral,1,none,0.03,0.1875,0.10211363552,0.00520462633452,0,1
100000007382543100,peripheral,0.5,24,0.55260318,"Колено 2; входящих связей 3, исходящих 5; вход 218,000 KZT. Пороги значимых ролей не достигнуты.",2,False,3,5,218000,427000,3,8,0.00118013967259,0.000244477080689,True,1.95871559633,True,False,True,7,0,True,2,1,0,0,1,0.325581395349,0.0909090909091,72666.6666667,53375,0.859307359307,1,peripheral,0,unobserved_funding;directed_cycle,0.03,0.1875,0.157441556321,0.144328291815,0.0333333333333,1
100000007390016100,peripheral,0.5,5,0.55909093,"Колено 3; входящих связей 1, исходящих 1; вход 511,000 KZT. Пороги значимых ролей не достигнуты.",3,False,1,1,511000,346500,13,14,0.00193797545129,0,True,0.678082191781,True,False,False,7,0,True,1,2,0.185909980431,1,1,0.298542274052,0.0740740740741,39307.6923077,24750,0.927756653992,1,peripheral,0,directed_cycle,0.03,0.1875,0.160793180998,0.147464412811,0.0333333333333,1
100000007392365100,peripheral,0.5,35,0.3900602,"Колено 3; входящих связей 1, исходящих 6; вход 9,613 KZT. Пороги значимых ролей не достигнуты.",3,False,1,6,9613,1765600,1,9,0.00028457502454,0.000115321467507,True,183.667949652,True,False,True,7,0,False,0,3,0,0,1,0.185893185775,0.1,9613,196177.777778,0.974651457541,2,peripheral,1,unobserved_funding,0.03,0.1875,0.169357351088,0.00320284697509,0,1
100000007442518100,consolidator,0.5,29,0.84026541,"Вход от 5 плательщиков (seed: 1); 510,000 KZT; исходящих связей 9. Признаки консолидации.",1,False,5,9,510000,4419999,8,12,0.000643709119489,0.000252240941816,True,8.66666470588,True,False,True,7,1,True,0,4,0.656862745098,1.4,1,0.608519393209,0.05,63750,368333.25,1,5,consolidator,4,unobserved_funding;fast_temporal_match;directed_cycle,0.27,0.1875,0.18137899683,0.13471975089,0.0666666666667,1
100000007472293100,peripheral,0.5,2,0.39216783,"Колено 3; входящих связей 1, исходящих 3; вход 5,000 KZT. Пороги значимых ролей не достигнуты.",3,False,1,3,5000,345900,1,3,0.000284795881419,4.80340992238e-05,True,69.18,True,False,True,9,0,False,0,0,0,0,1,0.98575092619,0.25,5000,115300,0.79721166033,1,peripheral,1,unobserved_funding,0.03,0.20762050593,0.150276860233,0.00427046263345,0,1
100000007484343100,peripheral,0.5,1,0.35737022,"Колено 3; входящих связей 2, исходящих 0; вход 26,757 KZT. Пороги значимых ролей не достигнуты.",3,False,2,0,26757,0,2,0,0.00028757345941,0,True,0,True,False,False,7,0,False,0,0,0,0,2,1,0,13378.5,0,0.257287705957,2,peripheral,2,none,0.03,0.1875,0.119985876134,0.019884341637,0,1
100000007487729100,peripheral,0.5,7,0.37932442,"Колено 3; входящих связей 1, исходящих 0; вход 25,000 KZT. Пороги значимых ролей не достигнуты.",3,False,1,0,25000,0,1,0,0.000292524481753,0,True,0,True,False,False,7,0,False,0,0,0,0,1,1,0,25000,0,0.229404309252,1,peripheral,0,none,0.03,0.1875,0.119186514696,0.0426379003559,0,1
100000007507343100,terminal,0.855556,41,0.49798696,"Колено 1; вход 370,000 KZT; исходящих связей 0, выход/вход=0.00. Получатель в видимой выборке.",1,False,1,0,370000,0,1,0,0.000641013601201,0,True,0,True,False,False,1,1,False,0,0,0,0,1,1,0,370000,0,0.781779661017,1,terminal,0,none,0.15,0.0625,0.150900665731,0.134586298932,0,1
100000007510567100,peripheral,0.25,14,0.4104972,"4-е колено: исходящие не выгружены. Вход 1 плательщиков, 52,000 KZT. Роль за границей обхода не установлена.",4,False,1,0,52000,0,1,0,0.000303354685147,0,True,0,True,True,False,7,0,False,0,0,0,0,1,1,0,52000,0,0.612612612613,1,peripheral,1,truncated_depth4,0.03,0.1875,0.127805921854,0.0651912811388,0,1
100000007510875100,peripheral,0.5,9,0.28909833,"Колено 3; входящих связей 1, исходящих 0; вход 5,000 KZT. Пороги значимых ролей не достигнуты.",3,False,1,0,5000,0,1,0,0.000356207225981,0,True,0,True,False,False,1,0,False,0,0,0,0,1,1,1,5000,0,0.00506970849176,1,peripheral,0,none,0.03,0.0625,0.100246013331,0.0963523131673,0,1
100000007511163100,peripheral,0.5,3,0.48131397,"Колено 1; входящих связей 2, исходящих 3; вход 63,666 KZT. Пороги значимых ролей не достигнуты.",1,False,2,3,63666,82052,2,3,0.000337664991846,0.000136457131655,True,1.28878836428,True,False,True,7,1,True,1,0,0,0,1,0.672531876638,0,31833,27350.6666667,0.608050847458,2,peripheral,2,unobserved_funding;directed_cycle,0.03,0.1875,0.139933483694,0.0905471530249,0.0333333333333,1
100000007511780100,peripheral,0.25,1,0.48734177,"4-е колено: исходящие не выгружены. Вход 1 плательщиков, 155,000 KZT. Роль за границей обхода не установлена.",4,False,1,0,155000,0,2,0,0.000556405747964,0,True,0,True,True,False,7,0,False,0,1,0,0,1,0.967741935484,0.5,77500,0,0.79954954955,1,peripheral,0,truncated_depth4,0.03,0.1875,0.140660271509,0.129181494662,0,1
100000007534354100,peripheral,0.5,10,0.29975395,"Колено 2; входящих связей 1, исходящих 3; вход 50,000 KZT. Пороги значимых ролей не достигнуты.",2,False,1,3,50000,147810,1,3,0.000301898503903,2.37776221665e-06,True,2.9562,True,False,True,1,0,False,0,0,0,0,1,0.494464385016,0,50000,49270,0.668831168831,1,peripheral,1,unobserved_funding,0.03,0.0625,0.143530638467,0.0637233096085,0,1
100000007536804100,peripheral,0.5,9,0.26532219,"Колено 1; входящих связей 1, исходящих 2; вход 100,000 KZT. Пороги значимых ролей не достигнуты.",1,False,1,2,100000,55000,1,2,0.000289734220649,7.92587405548e-07,True,0.55,True,False,False,1,1,False,0,0,0.45,2,1,0.645161290323,0,100000,27500,0.621822033898,1,peripheral,1,none,0.03,0.0625,0.140660271509,0.0321619217082,0,1
100000007539296100,peripheral,0.25,1,0.47257739,"4-е колено: исходящие не выгружены. Вход 1 плательщиков, 46,000 KZT. Роль за границей обхода не установлена.",4,False,1,0,46000,0,2,0,0.000553962534617,0,True,0,True,True,False,7,0,False,0,1,0,0,1,0.54347826087,0,23000,0,0.573198198198,1,peripheral,0,truncated_depth4,0.03,0.1875,0.126362975365,0.128714412811,0,1
100000007544358100,transit,0.643411,3,0.61638046,"Вход 322,500 KZT; выход/вход=1.09; сопоставлено за 1–2 дня 0%. Признаки транзита.",1,False,2,1,322500,350000,2,3,0.00033866260507,1.96165382873e-05,True,1.08527131783,True,False,False,7,1,False,0,1,0,0,1,0.446096654275,0,161250,116666.666667,0.883474576271,1,transit,1,none,0.18,0.1875,0.15793295604,0.0909475088968,0,1
100000007591246100,peripheral,0.5,3,0.40853319,"Колено 3; входящих связей 1, исходящих 1; вход 12,190 KZT. Пороги значимых ролей не достигнуты.",3,False,1,1,12190,120000,1,1,0.000296271790179,1.02375873217e-06,True,9.84413453651,True,False,True,7,0,False,0,0,0,0,1,0.907784249943,0,12190,120000,0.595690747782,1,peripheral,0,unobserved_funding,0.03,0.1875,0.13878674833,0.0522464412811,0,1
100000007593823100,distributor,0.55,1,0.6323845,"Переводы 13 получателям; 21 операций; 162,900 KZT. Признаки веерного распределения.",3,False,3,13,25000,162900,3,21,0.000289021100816,0.000681320318204,True,6.516,True,False,True,7,0,True,1,6,0.4,1,1,0.17189994678,0.666666666667,8333.33333333,7757.14285714,0.673003802281,5,distributor,11,unobserved_funding;directed_cycle,0.24,0.1875,0.142925720472,0.0286254448399,0.0333333333333,1
100000007594394100,consolidator,0.55,11,0.82920896,"Вход от 6 плательщиков (seed: 0); 395,385 KZT; исходящих связей 1. Признаки консолидации.",2,False,6,1,395385,3376312,6,40,0.000403152936809,3.61994959623e-05,True,8.53930219912,True,False,True,9,0,True,1,1,1,1.11128393844,2,0.118779424752,0.0217391304348,65897.5,84407.8,0.967532467532,4,consolidator,5,unobserved_funding;fast_temporal_match;directed_cycle,0.27,0.20762050593,0.178226946172,0.106694839858,0.0666666666667,1
100000007597382100,peripheral,0.5,5,0.33421408,"Колено 3; входящих связей 1, исходящих 0; вход 15,700 KZT. Пороги значимых ролей не достигнуты.",3,False,1,0,15700,0,1,0,0.000284542009087,0,True,0,True,False,False,7,0,False,0,0,0,0,1,1,0,15700,0,0.116603295311,1,peripheral,1,none,0.03,0.1875,0.113711414005,0.00300266903915,0,1
100000007617808100,terminal,0.944444,19,0.58779079,"Колено 2; вход 450,000 KZT; исходящих связей 0, выход/вход=0.00. Получатель в видимой выборке.",2,False,1,0,450000,0,1,0,0.00035806343514,0,True,0,True,False,False,7,0,False,0,0,0,0,1,1,0,450000,0,0.808441558442,1,terminal,1,none,0.15,0.1875,0.153204488617,0.0970862989324,0,1
100000007618425100,peripheral,0.5,1,0.38746505,"Колено 3; входящих связей 1, исходящих 0; вход 39,348 KZT. Пороги значимых ролей не достигнуты.",3,False,1,0,39348,0,1,0,0.000293475413018,0,True,0,True,False,False,7,0,False,0,0,0,0,1,1,0,39348,0,0.338403041825,1,peripheral,1,none,0.03,0.1875,0.124524656701,0.0454403914591,0,1
100000007629096100,peripheral,0.5,1,0.60301413,"Колено 2; входящих связей 4, исходящих 1; вход 1,075,170 KZT. Пороги значимых ролей не достигнуты.",2,False,4,1,1075170,765205,5,5,0.00253215130552,1.52573075568e-05,True,0.711706055787,True,False,False,7,0,True,1,2,0.510416957318,1,2,0.271683760103,0,215034,153041,0.937229437229,1,peripheral,4,fast_temporal_match;directed_cycle,0.03,0.1875,0.169781631193,0.149065836299,0.0666666666667,1
100000007629121100,peripheral,0.5,4,0.47230791,"Колено 2; входящих связей 1, исходящих 0; вход 29,000 KZT. Пороги значимых ролей не достигнуты.",2,False,1,0,29000,0,1,0,0.000393718124541,0,True,0,True,False,False,10,0,False,0,0,0,0,1,1,0,29000,0,0.247835497835,1,peripheral,0,none,0.03,0.216214476165,0.120933288674,0.105160142349,0,1
100000007631637100,peripheral,0.5,8,0.22368829,"Колено 1; входящих связей 1, исходящих 0; вход 15,341 KZT. Пороги значимых ролей не достигнуты.",1,False,1,0,15341,0,1,0,0.000287233054029,0,True,0,True,False,False,1,1,False,0,0,0,0,1,1,0,15341,0,0.0741525423729,1,peripheral,1,none,0.03,0.0625,0.113439181151,0.0177491103203,0,1
100000007639767100,coordinator,0.631204,1,0.74255349,Связывает 7 узлов сбора/рассылки; достижим от 7 seed; betweenness=0.00251. Гипотеза структурной координации.,1,False,4,10,90913,822244,4,13,0.000299782751831,0.00251122119965,True,9.04429509531,True,False,True,7,1,True,3,1,0.440278068043,2,1,0.547550968782,0,22728.25,63249.5384615,0.91313559322,6,distributor,7,unobserved_funding;directed_cycle,0.3,0.1875,0.161533328651,0.0601868327402,0.0333333333333,1
100000007641183100,peripheral,0.5,3,0.35410125,"Колено 1; входящих связей 1, исходящих 0; вход 28,000 KZT. Пороги значимых ролей не достигнуты.",1,False,1,0,28000,0,1,0,0.000287028104914,0,True,0,True,False,False,7,1,False,0,0,0,0,1,1,0,28000,0,0.222457627119,1,peripheral,1,none,0.03,0.1875,0.120520293595,0.0160809608541,0,1
100000007641801100,terminal,0.666667,9,0.40670515,"Колено 1; вход 200,000 KZT; исходящих связей 0, выход/вход=0.00. Получатель в видимой выборке.",1,False,1,0,200000,0,1,0,0.000295431041631,0,True,0,True,False,False,1,1,False,0,0,0,0,1,1,0,200000,0,0.676906779661,1,terminal,1,none,0.15,0.0625,0.143660225347,0.0505449288256,0,1
100000007647294100,terminal,0.872222,13,0.61971804,"Колено 3; вход 385,000 KZT; исходящих связей 0, выход/вход=0.00. Получатель в видимой выборке.",3,False,1,0,385000,0,1,0,0.000574781539939,0,True,0,True,False,False,7,0,False,0,0,0,0,1,1,0,385000,0,0.814955640051,1,terminal,0,none,0.15,0.1875,0.151368390876,0.130849644128,0,1
100000007648946100,peripheral,0.5,17,0.36417107,"Колено 1; входящих связей 1, исходящих 1; вход 19,550 KZT. Пороги значимых ролей не достигнуты.",1,False,1,1,19550,25000,1,1,0.000287677379575,2.9130943748e-06,True,1.27877237852,True,False,True,7,1,False,0,0,0,0,1,0.561167227834,0,19550,25000,0.345338983051,2,peripheral,1,unobserved_funding,0.03,0.1875,0.125986013437,0.0206850533808,0,1
100000007653003100,terminal,0.555556,13,0.53292217,"Колено 3; вход 100,000 KZT; исходящих связей 0, выход/вход=0.00. Получатель в видимой выборке.",3,False,1,0,100000,0,1,0,0.000299662467878,0,True,0,True,False,False,7,0,False,0,0,0,0,1,1,0,100000,0,0.53865652725,1,terminal,1,none,0.15,0.1875,0.135502243335,0.0599199288256,0,1
100000007653094100,peripheral,0.25,17,0.46195019,"4-е колено: исходящие не выгружены. Вход 1 плательщиков, 16,000 KZT. Роль за границей обхода не установлена.",4,False,1,0,16000,0,1,0,0.000571630542159,0,True,0,True,True,False,7,0,False,0,0,0,0,1,1,0,16000,0,0.310810810811,1,peripheral,0,truncated_depth4,0.03,0.1875,0.113934174394,0.130516014235,0,1
100000007689942100,peripheral,0.5,11,0.51372478,"Колено 3; входящих связей 1, исходящих 2; вход 5,000 KZT. Пороги значимых ролей не достигнуты.",3,False,1,2,5000,25000,1,2,0.000885029759952,1.98146851387e-05,True,5,True,False,True,7,0,True,1,0,0,0,1,0.666666666667,0.666666666667,5000,12500,0.283269961977,1,peripheral,1,unobserved_funding;directed_cycle,0.03,0.1875,0.121332281665,0.141559163701,0.0333333333333,1
100000007731977100,peripheral,0.25,4,0.4339235,"4-е колено: исходящие не выгружены. Вход 1 плательщиков, 50,000 KZT. Роль за границей обхода не установлена.",4,False,1,0,50000,0,1,0,0.000334905156772,0,True,0,True,True,False,7,0,False,0,0,0,0,1,1,0,50000,0,0.601351351351,1,peripheral,1,truncated_depth4,0.03,0.1875,0.127344320171,0.0890791814947,0,1
100000007737775100,peripheral,0.5,16,0.39316747,"Колено 3; входящих связей 1, исходящих 0; вход 6,000 KZT. Пороги значимых ролей не достигнуты.",3,False,1,0,6000,0,1,0,0.000301415572283,0,True,0,True,False,False,8,0,False,0,0,0,0,1,1,1,6000,0,0.0177439797212,1,peripheral,0,none,0.03,0.19812031259,0.102391466514,0.0626556939502,0,1
100000007745062100,peripheral,0.25,12,0.50684161,"4-е колено: исходящие не выгружены. Вход 1 плательщиков, 100,000 KZT. Роль за границей обхода не установлена.",4,False,1,0,100000,0,1,0,0.000621254005043,0,True,0,True,True,False,9,0,False,0,0,0,0,1,1,0,100000,0,0.728603603604,1,peripheral,0,truncated_depth4,0.03,0.20762050593,0.135502243335,0.13371886121,0,1
100000007747786100,distributor,0.85,9,0.25262011,"Переводы 31 получателям; 35 операций; 4,238,009 KZT. Признаки веерного распределения.",0,True,0,31,0,4238009.4,0,35,0.000284037399667,0,False,0,False,False,True,0,0,False,0,3,0,0,0,0.154475825372,0.0285714285714,0,121085.982857,0.962962962963,7,distributor,2,seed;unobserved_funding,0.24,0,0.179598908084,0.00143460854093,0,0.6
100000007749092100,peripheral,0.5,3,0.53041243,"Колено 2; входящих связей 1, исходящих 1; вход 7,650 KZT. Пороги значимых ролей не достигнуты.",2,False,1,1,7650,70375,1,5,0.00189612175026,0,True,9.19934640523,True,False,True,7,0,True,1,1,0,0,1,0.558474847805,0.833333333333,7650,14075,0.463203463203,1,peripheral,0,unobserved_funding;directed_cycle,0.03,0.1875,0.132581766034,0.146997330961,0.0333333333333,1
100000007749747100,peripheral,0.25,2,0.46676357,"4-е колено: исходящие не выгружены. Вход 1 плательщиков, 50,000 KZT. Роль за границей обхода не установлена.",4,False,1,0,50000,0,1,0,0.000441083120676,0,True,0,True,True,False,8,0,False,0,0,0,0,1,1,0,50000,0,0.601351351351,1,peripheral,0,truncated_depth4,0.03,0.19812031259,0.127344320171,0.111298932384,0,1
100000007754369100,terminal,0.536027,11,0.50869437,"Колено 3; вход 82,424 KZT; исходящих связей 0, выход/вход=0.00. Получатель в видимой выборке.",3,False,1,0,82424,0,1,0,0.000291291342293,0,True,0,True,False,False,7,0,False,0,0,0,0,1,1,0,82424,0,0.487959442332,1,terminal,1,none,0.15,0.1875,0.133227287657,0.0379670818505,0,1
100000007777377100,terminal,0.951433,19,0.58840949,"Колено 2; вход 456,290 KZT; исходящих связей 2, выход/вход=0.02. Получатель в видимой выборке.",2,False,1,2,456290,10000,7,2,0.000359098154614,0.000135928740052,True,0.0219158868264,True,False,False,7,0,False,0,1,0.0109579434132,2,1,0.42891762637,0.222222222222,65184.2857143,5000,0.813852813853,1,terminal,1,none,0.15,0.1875,0.153623015502,0.0972864768683,0,1
100000007793871100,peripheral,0.5,10,0.48408959,"Колено 3; входящих связей 1, исходящих 0; вход 26,000 KZT. Пороги значимых ролей не достигнуты.",3,False,1,0,26000,0,3,0,0.000682777208701,0,True,0,True,False,False,8,0,False,0,1,0,0,1,0.384615384615,0.333333333333,8666.66666667,0,0.24144486692,1,peripheral,1,none,0.03,0.19812031259,0.119648107326,0.136321174377,0,1
100000007797290100,peripheral,0.5,13,0.41466764,"Колено 2; входящих связей 1, исходящих 1; вход 100,000 KZT. Пороги значимых ролей не достигнуты.",2,False,1,1,100000,20000,1,1,0.000299488067069,1.92202445845e-05,True,0.2,True,False,False,7,0,False,0,0,0,0,1,0.833333333333,0,100000,20000,0.571428571429,1,peripheral,1,none,0.03,0.1875,0.13764806915,0.0595195729537,0,1
100000007811950100,peripheral,0.25,26,0.47095642,"4-е колено: исходящие не выгружены. Вход 1 плательщиков, 50,000 KZT. Роль за границей обхода не установлена.",4,False,1,0,50000,0,1,0,0.000542945208259,0,True,0,True,True,False,7,0,False,0,0,0,0,1,1,0,50000,0,0.601351351351,1,peripheral,0,truncated_depth4,0.03,0.1875,0.127344320171,0.126112099644,0,1
100000007841978100,peripheral,0.25,5,0.48771567,"4-е колено: исходящие не выгружены. Вход 1 плательщиков, 449,000 KZT. Роль за границей обхода не установлена.",4,False,1,0,449000,0,1,0,0.000503292319862,0,True,0,True,True,False,7,0,False,0,0,0,0,1,1,0,449000,0,0.943693693694,1,peripheral,0,truncated_depth4,0.03,0.1875,0.153178304983,0.117037366548,0,1
100000007861311100,peripheral,0.5,9,0.31509006,"Колено 2; входящих связей 1, исходящих 0; вход 45,000 KZT. Пороги значимых ролей не достигнуты.",2,False,1,0,45000,0,1,0,0.000356454864377,0,True,0,True,False,False,1,0,False,0,0,0,0,1,1,0,45000,0,0.337662337662,1,peripheral,0,none,0.03,0.0625,0.126104298878,0.0964857651246,0,1
100000007863304100,peripheral,0.5,5,0.34119052,"Колено 3; входящих связей 1, исходящих 0; вход 25,000 KZT. Пороги значимых ролей не достигнуты.",3,False,1,0,25000,0,1,0,0.000284840917852,0,True,0,True,False,False,7,0,False,0,0,0,0,1,1,0,25000,0,0.229404309252,1,peripheral,1,none,0.03,0.1875,0.119186514696,0.00450400355872,0,1
100000007864477100,peripheral,0.5,1,0.46329029,"Колено 3; входящих связей 2, исходящих 6; вход 76,000 KZT. Пороги значимых ролей не достигнуты.",3,False,2,6,76000,203500,2,10,0.000303086237822,7.54197319634e-05,True,2.67763157895,True,False,True,7,0,False,0,2,0.526315789474,1,1,0.377459749553,0.0833333333333,38000,20350,0.746514575412,5,peripheral,5,unobserved_funding;fast_temporal_match,0.03,0.1875,0.14759930463,0.0648576512456,0.0333333333333,1
100000007865484100,peripheral,0.25,35,0.47253879,"4-е колено: исходящие не выгружены. Вход 1 плательщиков, 584,600 KZT. Роль за границей обхода не установлена.",4,False,1,0,584600,0,2,0,0.000364128126093,0,True,0,True,True,False,7,0,False,0,1,0,0,1,0.564488539172,0,292300,0,0.959459459459,1,peripheral,0,truncated_depth4,0.03,0.1875,0.156284345565,0.0987544483986,0,1
100000007867364100,peripheral,0.25,11,0.45445004,"4-е колено: исходящие не выгружены. Вход 1 плательщиков, 41,852 KZT. Роль за границей обхода не установлена.",4,False,1,0,41852,0,1,0,0.000446124024163,0,True,0,True,True,False,7,0,False,0,0,0,0,1,1,0,41852,0,0.54954954955,1,peripheral,0,truncated_depth4,0.03,0.1875,0.125250755508,0.111699288256,0,1
100000007898453100,peripheral,0.5,4,0.55062783,"Колено 2; входящих связей 1, исходящих 2; вход 24,750 KZT. Пороги значимых ролей не достигнуты.",2,False,1,2,24750,320000,1,2,0.000331159106764,2.39757690178e-05,True,12.9292929293,True,False,True,10,0,True,1,0,1,1,1,0.870195794054,0,24750,160000,0.764069264069,1,peripheral,0,unobserved_funding;fast_temporal_match;directed_cycle,0.03,0.216214476165,0.150068754136,0.0876779359431,0.0666666666667,1
100000007908818100,peripheral,0.5,4,0.53077241,"Колено 1; входящих связей 4, исходящих 6; вход 727,475 KZT. Пороги значимых ролей не достигнуты.",1,False,4,6,727475,302000,4,13,0.00047242692922,0.000177539578843,True,0.415134540706,True,False,False,11,2,False,0,3,0.0206192652668,1.66666666667,2,0.341533305811,0.352941176471,181868.75,23230.7692308,0.925847457627,3,peripheral,4,none,0.03,0.224060156295,0.162944455868,0.113767793594,0,1
100000007930878100,peripheral,0.5,37,0.30731452,"Колено 2; входящих связей 1, исходящих 0; вход 5,000 KZT. Пороги значимых ролей не достигнуты.",2,False,1,0,5000,0,1,0,0.000480333310233,0,True,0,True,False,False,1,0,False,0,0,0,0,1,1,1,5000,0,0.00757575757576,1,peripheral,0,none,0.03,0.0625,0.100246013331,0.114568505338,0,1
100000007938486100,peripheral,0.5,8,0.25897395,"Колено 1; входящих связей 1, исходящих 0; вход 39,500 KZT. Пороги значимых ролей не достигнуты.",1,False,1,0,39500,0,1,0,0.000292265569101,0,True,0,True,False,False,1,1,False,0,0,0,0,1,1,0,39500,0,0.307203389831,1,peripheral,1,none,0.03,0.0625,0.124570033394,0.0419039145907,0,1
100000007939160100,terminal,1,37,0.54153282,"Колено 1; вход 795,000 KZT; исходящих связей 2, выход/вход=0.02. Получатель в видимой выборке.",1,False,1,2,795000,14300,2,2,0.000660477936732,3.96293702774e-07,True,0.0179874213836,True,False,False,1,1,True,1,1,0,0,1,0.741381440751,0.5,397500,7150,0.900423728814,1,terminal,0,directed_cycle,0.15,0.0625,0.160112294791,0.135587188612,0.0333333333333,1
100000007953156100,peripheral,0.5,15,0.46274203,"Колено 2; входящих связей 1, исходящих 1; вход 18,000 KZT. Пороги значимых ролей не достигнуты.",2,False,1,1,18000,10000,1,1,0.000474584308787,1.98146851387e-05,True,0.555555555556,True,False,False,8,0,False,0,0,0,0,1,0.642857142857,0,18000,10000,0.242424242424,1,peripheral,0,none,0.03,0.19812031259,0.120520293595,0.114101423488,0,1
100000007960337100,peripheral,0.25,22,0.40313552,"4-е колено: исходящие не выгружены. Вход 1 плательщиков, 35,500 KZT. Роль за границей обхода не установлена.",4,False,1,0,35500,0,1,0,0.000301122002929,0,True,0,True,True,False,7,0,False,0,0,0,0,1,1,0,35500,0,0.515765765766,1,peripheral,0,truncated_depth4,0.03,0.1875,0.12331345433,0.0623220640569,0,1
100000007982728100,peripheral,0.5,9,0.12059027,"Колено 0; входящих связей 0, исходящих 8; вход 0 KZT. Пороги значимых ролей не достигнуты.",0,True,0,8,0,1804384,0,12,0.000284037399667,0,False,0,False,False,True,0,0,False,0,3,0,0,0,0.439596006172,0,0,150365.333333,0.888888888889,3,peripheral,2,seed;unobserved_funding,0.03,0,0.169549181281,0.00143460854093,0,0.6
100000007982908100,peripheral,0.5,20,0.26255813,"Колено 2; входящих связей 1, исходящих 0; вход 31,080 KZT. Пороги значимых ролей не достигнуты.",2,False,1,0,31080,0,1,0,0.000294513639029,0,True,0,True,False,False,1,0,False,0,0,0,0,1,1,0,31080,0,0.281385281385,1,peripheral,1,none,0.03,0.0625,0.121748523934,0.0483096085409,0,1
100000007988344100,peripheral,0.25,7,0.43701851,"4-е колено: исходящие не выгружены. Вход 1 плательщиков, 20,000 KZT. Роль за границей обхода не установлена.",4,False,1,0,20000,0,3,0,0.00038525676151,0,True,0,True,True,False,7,0,False,0,1,0,0,1,0.4,1,6666.66666667,0,0.370495495495,1,peripheral,0,truncated_depth4,0.03,0.1875,0.116560329835,0.102958185053,0,1
100000007997939100,peripheral,0.25,2,0.44519643,"4-е колено: исходящие не выгружены. Вход 1 плательщиков, 13,000 KZT. Роль за границей обхода не установлена.",4,False,1,0,13000,0,1,0,0.000355934949028,0,True,0,True,True,False,9,0,False,0,0,0,0,1,1,0,13000,0,0.243243243243,1,peripheral,0,truncated_depth4,0.03,0.20762050593,0.111490519117,0.0960854092527,0,1
100000007998965100,consolidator,0.5,10,0.73020945,"Вход от 5 плательщиков (seed: 0); 278,000 KZT; исходящих связей 1. Признаки консолидации.",2,False,5,1,278000,26000,7,3,0.000469105617053,1.98146851387e-05,True,0.0935251798561,True,False,False,8,0,False,0,3,0.0359712230216,1,2,0.328947368421,0.1,39714.2857143,8666.66666667,0.748917748918,2,consolidator,4,none,0.27,0.19812031259,0.148588243755,0.11350088968,0,1
100000007999728100,peripheral,0.5,15,0.3714641,"Колено 3; входящих связей 1, исходящих 0; вход 23,250 KZT. Пороги значимых ролей не достигнуты.",3,False,1,0,23250,0,1,0,0.00029058656504,0,True,0,True,False,False,7,0,False,0,0,0,0,1,1,0,23250,0,0.204055766793,1,peripheral,1,none,0.03,0.1875,0.118332424637,0.0356316725979,0,1
100000008002020100,peripheral,0.5,12,0.27898713,"Колено 1; входящих связей 1, исходящих 1; вход 73,860 KZT. Пороги значимых ролей не достигнуты.",1,False,1,1,73860,17000,1,1,0.000296214887755,1.5851748111e-06,True,0.230165177363,True,False,False,1,1,False,0,0,0,0,1,0.812898965441,0,73860,17000,0.533898305085,1,peripheral,1,none,0.03,0.0625,0.134374138528,0.0521129893238,0,1
100000008003034100,coordinator,0.500982,3,0.66762532,Связывает 3 узлов сбора/рассылки; достижим от 7 seed; betweenness=0.00199. Гипотеза структурной координации.,1,False,1,4,12201,135000,1,4,0.000285340599478,0.00199313902353,True,11.0646668306,True,False,True,7,1,True,0,0,0,0,1,0.412368122499,0,12201,33750,0.612288135593,4,peripheral,3,unobserved_funding;directed_cycle,0.3,0.1875,0.140052658585,0.00673932384342,0.0333333333333,1
100000008008463100,terminal,0.504644,21,0.38843162,"Колено 2; вход 54,180 KZT; исходящих связей 0, выход/вход=0.00. Получатель в видимой выборке.",2,False,1,0,54180,0,1,0,0.000294237074697,0,True,0,True,False,False,1,0,False,0,0,0,0,1,1,0,54180,0,0.404761904762,1,terminal,1,none,0.15,0.0625,0.128289266636,0.0476423487544,0,1
100000008011159100,peripheral,0.5,5,0.52055157,"Колено 2; входящих связей 3, исходящих 5; вход 363,000 KZT. Пороги значимых ролей не достигнуты.",2,False,3,5,363000,153037,6,5,0.000483181601053,0.000122112950839,True,0.42158953168,True,False,False,7,0,True,1,1,0.0275482093664,1,1,0.197660245292,0.181818181818,60500,30607.4,0.831168831169,2,peripheral,1,directed_cycle,0.03,0.1875,0.154816102241,0.114902135231,0.0333333333333,1
100000008011573100,peripheral,0.5,1,0.3512596,"Колено 3; входящих связей 1, исходящих 0; вход 15,000 KZT. Пороги значимых ролей не достигнуты.",3,False,1,0,15000,0,1,0,0.000287635300457,0,True,0,True,False,False,7,0,False,0,0,0,0,1,1,0,15000,0,0.103929024081,1,peripheral,1,none,0.03,0.1875,0.113174633106,0.0205849644128,0,1
100000008027922100,peripheral,0.25,30,0.4654414,"4-е колено: исходящие не выгружены. Вход 1 плательщиков, 70,000 KZT. Роль за границей обхода не установлена.",4,False,1,0,70000,0,1,0,0.000499870176898,0,True,0,True,True,False,7,0,False,0,0,0,0,1,1,0,70000,0,0.664414414414,1,peripheral,0,truncated_depth4,0.03,0.1875,0.131304384807,0.116637010676,0,1
100000008028628100,terminal,0.508027,8,0.39307851,"Колено 1; вход 57,224 KZT; исходящих связей 0, выход/вход=0.00. Получатель в видимой выборке.",1,False,1,0,57224,0,1,0,0.000295957621633,0,True,0,True,False,False,1,1,False,0,0,0,0,1,1,0,57224,0,0.419491525424,1,terminal,1,none,0.15,0.0625,0.1289325978,0.0516459074733,0,1
100000008029279100,peripheral,0.5,7,0.35176509,"Колено 3; входящих связей 1, исходящих 0; вход 17,000 KZT. Пороги значимых ролей не достигнуты.",3,False,1,0,17000,0,1,0,0.000287468950989,0,True,0,True,False,False,7,0,False,0,0,0,0,1,1,0,17000,0,0.131812420786,1,peripheral,1,none,0.03,0.1875,0.114647656559,0.0196174377224,0,1
100000008038077100,terminal,0.999833,5,0.55266164,"Колено 3; вход 499,850 KZT; исходящих связей 0, выход/вход=0.00. Получатель в видимой выборке.",3,False,1,0,499850,0,2,0,0.000300102942255,0,True,0,True,False,False,7,0,False,0,1,0,0,1,1,0,249925,0,0.864385297845,1,terminal,1,none,0.15,0.1875,0.154441002057,0.0607206405694,0,1
100000008042075100,peripheral,0.5,12,0.22697644,"Колено 3; входящих связей 1, исходящих 0; вход 5,000 KZT. Пороги значимых ролей не достигнуты.",3,False,1,0,5000,0,1,0,0.00029037646918,0,True,0,True,False,False,1,0,False,0,0,0,0,1,1,1,5000,0,0.00506970849176,1,peripheral,0,none,0.03,0.0625,0.100246013331,0.0342304270463,0,1
100000008043184100,terminal,0.500627,13,0.50541228,"Колено 3; вход 50,564 KZT; исходящих связей 0, выход/вход=0.00. Получатель в видимой выборке.",3,False,1,0,50564,0,1,0,0.000291938059157,0,True,0,True,False,False,7,0,False,0,0,0,0,1,1,0,50564,0,0.408111533587,1,terminal,1,none,0.15,0.1875,0.127476335052,0.0404359430605,0,1
100000008050986100,peripheral,0.25,5,0.42533004,"4-е колено: исходящие не выгружены. Вход 1 плательщиков, 95,000 KZT. Роль за границей обхода не установлена.",4,False,1,0,95000,0,2,0,0.000310100870121,0,True,0,True,True,False,7,0,False,0,1,0,0,1,0.505263157895,0,47500,0,0.712837837838,1,peripheral,0,truncated_depth4,0.03,0.1875,0.134898549763,0.0729314946619,0,1
100000008055972100,peripheral,0.5,6,0.23870177,"Колено 3; входящих связей 1, исходящих 0; вход 28,300 KZT. Пороги значимых ролей не достигнуты.",3,False,1,0,28300,0,1,0,0.000288422037701,0,True,0,True,False,False,1,0,False,0,0,0,0,1,1,0,28300,0,0.26742712294,1,peripheral,1,none,0.03,0.0625,0.12064572086,0.0255560498221,0,1
100000008060273100,peripheral,0.5,4,0.4165778,"Колено 2; входящих связей 1, исходящих 0; вход 10,000 KZT. Пороги значимых ролей не достигнуты.",2,False,1,0,10000,0,2,0,0.000297334185339,0,True,0,True,False,False,11,0,False,0,1,0,0,1,0.5,1,5000,0,0.0530303030303,1,peripheral,0,none,0.03,0.224060156295,0.10840287741,0.0541147686833,0,1
100000008066326100,peripheral,0.5,1,0.3541381,"Колено 1; входящих связей 1, исходящих 0; вход 19,320 KZT. Пороги значимых ролей не достигнуты.",1,False,1,0,19320,0,1,0,0.000287634556282,0,True,0,True,False,False,7,1,False,0,0,0,0,1,1,0,19320,0,0.135593220339,1,peripheral,1,none,0.03,0.1875,0.116153224285,0.0204848754448,0,1
100000008070101100,terminal,0.555556,2,0.52078893,"Колено 3; вход 100,000 KZT; исходящих связей 0, выход/вход=0.00. Получатель в видимой выборке.",3,False,1,0,100000,0,1,0,0.000291047542181,0,True,0,True,False,False,8,0,False,0,0,0,0,1,1,0,100000,0,0.53865652725,1,terminal,1,none,0.15,0.19812031259,0.135502243335,0.0371663701068,0,1
100000008071620100,peripheral,0.5,1,0.38741323,"Колено 1; входящих связей 1, исходящих 0; вход 46,968 KZT. Пороги значимых ролей не достигнуты.",1,False,1,0,46968,0,1,0,0.00029278228848,0,True,0,True,False,False,7,1,False,0,0,0,0,1,1,0,46968,0,0.351694915254,1,peripheral,1,none,0.03,0.1875,0.126608072724,0.0433051601423,0,1
100000008071749100,peripheral,0.25,14,0.38183314,"4-е колено: исходящие не выгружены. Вход 1 плательщиков, 24,943 KZT. Роль за границей обхода не установлена.",4,False,1,0,24943,0,1,0,0.000293303381431,0,True,0,True,True,False,7,0,False,0,0,0,0,1,1,0,24943,0,0.425675675676,1,peripheral,1,truncated_depth4,0.03,0.1875,0.119159650525,0.0451734875445,0,1
100000008074304100,peripheral,0.25,5,0.40647877,"4-е колено: исходящие не выгружены. Вход 1 плательщиков, 5,500 KZT. Роль за границей обхода не установлена.",4,False,1,0,5500,0,1,0,0.000330578156391,0,True,0,True,True,False,7,0,False,0,0,0,0,1,1,1,5500,0,0.0709459459459,1,peripheral,0,truncated_depth4,0.03,0.1875,0.101367558745,0.0876112099644,0,1
100000008077552100,terminal,0.682222,7,0.56783287,"Колено 3; вход 214,000 KZT; исходящих связей 0, выход/вход=0.00. Получатель в видимой выборке.",3,False,1,0,214000,0,1,0,0.000327234575124,0,True,0,True,False,False,7,0,False,0,0,0,0,1,1,0,214000,0,0.694550063371,1,terminal,1,none,0.15,0.1875,0.144456534364,0.0858763345196,0,1
100000008086440100,transit,0.557036,7,0.64092479,"Вход 199,733 KZT; выход/вход=0.81; сопоставлено за 1–2 дня 19%. Признаки транзита.",3,False,1,5,199733,161300,1,6,0.000335714986614,0.000105197576483,True,0.807578116786,True,False,False,7,0,True,1,1,0.190253989075,2,1,0.553226436365,0.142857142857,199733,26883.3333333,0.804816223067,3,transit,3,directed_cycle,0.18,0.1875,0.150611916263,0.0894795373665,0.0333333333333,1
100000008088082100,peripheral,0.5,17,0.40889983,"Колено 3; входящих связей 1, исходящих 1; вход 39,138 KZT. Пороги значимых ролей не достигнуты.",3,False,1,1,39138,50000,1,1,0.000298417476934,1.92202445845e-05,True,1.27753078849,True,False,True,7,0,False,0,0,0,0,1,0.560927999282,0,39138,50000,0.510773130545,1,peripheral,1,unobserved_funding,0.03,0.1875,0.134148940646,0.0572508896797,0,1
100000008094734100,terminal,0.706943,1,0.58555592,"Колено 1; вход 236,249 KZT; исходящих связей 0, выход/вход=0.00. Получатель в видимой выборке.",1,False,4,0,236249,0,4,0,0.000342174918317,0,True,0,True,False,False,8,2,False,0,0,0,0,1,0.634923322427,0.25,59062.25,0,0.716101694915,3,terminal,4,none,0.15,0.19812031259,0.145620660617,0.0918149466192,0,1
100000008097580100,peripheral,0.5,7,0.47537921,"Колено 3; входящих связей 2, исходящих 0; вход 32,000 KZT. Пороги значимых ролей не достигнуты.",3,False,2,0,32000,0,4,0,0.000670515956494,0,True,0,True,False,False,7,0,False,0,1,0,0,1,0.34375,0.75,8000,0,0.298479087452,2,peripheral,1,none,0.03,0.1875,0.122091847471,0.135787366548,0,1
100000008104567100,coordinator,0.509246,15,0.77932755,Связывает 4 узлов сбора/рассылки; достижим от 7 seed; betweenness=0.00203. Гипотеза структурной координации.,2,False,3,3,53550,40000,3,4,0.00053488081878,0.00202601853096,True,0.746965452848,True,False,False,7,0,True,0,1,0,0,1,0.347942276857,0.571428571429,17850,10000,0.517316017316,4,peripheral,4,directed_cycle,0.3,0.1875,0.134717525899,0.123776690391,0.0333333333333,1
100000008106997100,peripheral,0.5,17,0.41181172,"Колено 2; входящих связей 2, исходящих 1; вход 35,600 KZT. Пороги значимых ролей не достигнуты.",2,False,2,1,35600,20600,2,1,0.000303707880079,1.92202445845e-05,True,0.578651685393,True,False,False,7,0,False,0,0,0,0,1,0.733096085409,0,17800,20600,0.415584415584,2,peripheral,2,none,0.03,0.1875,0.128720082819,0.0655916370107,0,1
100000008111003100,consolidator,0.55,4,0.75077832,"Вход от 6 плательщиков (seed: 0); 222,716 KZT; исходящих связей 1. Признаки консолидации.",2,False,6,1,222716,35000,9,1,0.000466841742978,0.000881905043712,True,0.157150810898,True,False,False,7,0,True,1,2,0.12123062555,2,2,0.469509072002,0,24746.2222222,35000,0.729437229437,3,consolidator,4,directed_cycle,0.27,0.1875,0.146644277551,0.113300711744,0.0333333333333,1
100000008116374100,peripheral,0.5,3,0.35860933,"Колено 1; входящих связей 1, исходящих 0; вход 31,284 KZT. Пороги значимых ролей не достигнуты.",1,False,1,0,31284,0,1,0,0.000287378871915,0,True,0,True,False,False,7,1,False,0,0,0,0,1,1,0,31284,0,0.254237288136,1,peripheral,1,none,0.03,0.1875,0.121825521011,0.0192838078292,0,1
100000008117324100,peripheral,0.25,0,0.01886077,Seed; 0 связей и 0 KZT в выгрузке. Данных для поведенческой роли недостаточно.,0,True,0,0,0,0,0,0,0.000284037399667,0,False,0,False,False,False,0,0,False,0,0,0,0,0,0,0,0,0,0.123456790123,0,peripheral,0,seed;no_observed_edges,0.03,0,0,0.00143460854093,0,0.6
100000008121806100,peripheral,0.5,18,0.49104368,"Колено 3; входящих связей 1, исходящих 4; вход 67,000 KZT. Пороги значимых ролей не достигнуты.",3,False,1,4,67000,248509,1,6,0.000298722675949,0.000780864113404,True,3.70908955224,True,False,True,7,0,True,0,1,0.746268656716,1,1,0.323287132855,0.142857142857,67000,41418.1666667,0.774397972117,3,peripheral,3,unobserved_funding;fast_temporal_match;directed_cycle,0.03,0.1875,0.149025593571,0.0578514234875,0.0666666666667,1
100000008129393100,peripheral,0.5,42,0.27376765,"Колено 1; входящих связей 1, исходящих 0; вход 10,000 KZT. Пороги значимых ролей не достигнуты.",1,False,1,0,10000,0,1,0,0.000309995855344,0,True,0,True,False,False,1,1,False,0,0,0,0,1,1,0,10000,0,0.0190677966102,1,peripheral,0,none,0.03,0.0625,0.10840287741,0.0728647686833,0,1
100000008130868100,peripheral,0.25,10,0.32242585,"4-е колено: исходящие не выгружены. Вход 1 плательщиков, 22,782 KZT. Роль за границей обхода не установлена.",4,False,1,0,22782,0,1,0,0.000448977834153,0,True,0,True,True,False,1,0,False,0,0,0,0,1,1,0,22782,0,0.414414414414,1,peripheral,0,truncated_depth4,0.03,0.0625,0.118093108208,0.111832740214,0,1
100000008136608100,peripheral,0.25,14,0.48896276,"4-е колено: исходящие не выгружены. Вход 1 плательщиков, 170,000 KZT. Роль за границей обхода не установлена.",4,False,1,0,170000,0,1,0,0.000560957682759,0,True,0,True,True,False,7,0,False,0,0,0,0,1,1,0,170000,0,0.816441441441,1,peripheral,0,truncated_depth4,0.03,0.1875,0.141747458613,0.129715302491,0,1
100000008137435100,peripheral,0.5,1,0.49444866,"Колено 1; входящих связей 2, исходящих 6; вход 93,906 KZT. Пороги значимых ролей не достигнуты.",1,False,2,6,93906,1419700,2,7,0.000312531333956,0.000298409158189,True,15.1183097992,True,False,True,7,1,True,0,1,0,0,2,0.338202940527,0,46953,202814.285714,0.951271186441,3,peripheral,3,unobserved_funding;directed_cycle,0.03,0.1875,0.167480983054,0.076134341637,0.0333333333333,1
100000008141170100,peripheral,0.5,3,0.46067667,"Колено 2; входящих связей 1, исходящих 0; вход 11,000 KZT. Пороги значимых ролей не достигнуты.",2,False,1,0,11000,0,1,0,0.00061794441873,0,True,0,True,False,False,7,0,False,0,0,0,0,1,1,0,11000,0,0.0790043290043,1,peripheral,0,none,0.03,0.1875,0.109524529789,0.133652135231,0,1
100000008144528100,consolidator,0.5,3,0.76400631,"Вход от 5 плательщиков (seed: 0); 1,068,203 KZT; исходящих связей 0. Признаки консолидации.",2,False,5,0,1068202.6,0,13,0,0.00104940687658,0,True,0,True,False,False,7,0,False,0,1,0,0,2,0.494288255805,0.230769230769,82169.4307692,0,0.900432900433,1,consolidator,0,none,0.27,0.1875,0.16337908736,0.143127224199,0,1
100000008151098100,peripheral,0.25,27,0.40896129,"4-е колено: исходящие не выгружены. Вход 1 плательщиков, 30,000 KZT. Роль за границей обхода не установлена.",4,False,1,0,30000,0,1,0,0.000307631127634,0,True,0,True,True,False,7,0,False,0,0,0,0,1,1,0,30000,0,0.470720720721,1,peripheral,0,truncated_depth4,0.03,0.1875,0.121332281665,0.0701290035587,0,1
100000008165763100,consolidator,1,4,0.82601715,"Вход от 15 плательщиков (seed: 1); 1,165,815 KZT; исходящих связей 17. Признаки консолидации.",1,False,15,17,1165815,1267858,26,17,0.000904543457514,0.000345294033233,True,1.08752932498,True,False,False,9,1,False,0,7,0.324609822313,1.25948974064,4,0.299643789449,0.0232558139535,44839.0384615,74579.8823529,0.98093220339,8,consolidator,12,sync_inflow,0.27,0.20762050593,0.173070426084,0.141992882562,0.0333333333333,1
100000008168850100,peripheral,0.25,5,0.48240144,"4-е колено: исходящие не выгружены. Вход 1 плательщиков, 187,910 KZT. Роль за границей обхода не установлена.",4,False,1,0,187910,0,2,0,0.000529917115953,0,True,0,True,True,False,7,0,False,0,1,0,0,1,0.874993347879,0,93955,0,0.828828828829,1,peripheral,0,truncated_depth4,0.03,0.1875,0.142926346826,0.121975088968,0,1
100000008169544100,peripheral,0.5,3,0.45103194,"Колено 1; входящих связей 1, исходящих 4; вход 137,104 KZT. Пороги значимых ролей не достигнуты.",1,False,1,4,137104,42800,2,7,0.000298681601528,0.000118306629351,True,0.312171782005,True,False,False,7,1,True,1,3,0.0897129186603,1,1,0.762095339737,0.666666666667,68552,6114.28571429,0.652542372881,2,peripheral,3,directed_cycle,0.03,0.1875,0.142413905697,0.0577846975089,0.0333333333333,1
100000008172352100,peripheral,0.5,13,0.51341744,"Колено 1; входящих связей 3, исходящих 7; вход 90,265 KZT. Пороги значимых ролей не достигнуты.",1,False,3,7,90265,289510,3,8,0.000373111300237,0.000186733592747,True,3.20733396111,True,False,True,8,1,False,0,1,0.869661552097,2,2,0.371272463959,0.181818181818,30088.3333333,36188.75,0.786016949153,3,peripheral,2,unobserved_funding;fast_temporal_match,0.03,0.19812031259,0.151207567696,0.100756227758,0.0333333333333,1
100000008172721100,peripheral,0.25,7,0.46415831,"4-е колено: исходящие не выгружены. Вход 1 плательщиков, 168,335 KZT. Роль за границей обхода не установлена.",4,False,1,0,168335,0,1,0,0.000392956742647,0,True,0,True,True,False,7,0,False,0,0,0,0,1,1,0,168335,0,0.813063063063,1,peripheral,0,truncated_depth4,0.03,0.1875,0.141631618583,0.105026690391,0,1
100000008173359100,peripheral,0.5,3,0.32390863,"Колено 1; входящих связей 1, исходящих 0; вход 6,110 KZT. Пороги значимых ролей не достигнуты.",1,False,1,0,6110,0,1,0,0.000284690014276,0,True,0,True,False,False,7,1,False,0,0,0,0,1,1,1,6110,0,0.0021186440678,1,peripheral,1,none,0.03,0.1875,0.102605252471,0.00380338078292,0,1
100000008174521100,terminal,0.535678,3,0.58178112,"Колено 2; вход 82,110 KZT; исходящих связей 0, выход/вход=0.00. Получатель в видимой выборке.",2,False,1,0,82110,0,1,0,0.000437977919814,0,True,0,True,False,False,7,0,False,0,0,0,0,1,1,0,82110,0,0.478354978355,1,terminal,0,none,0.15,0.1875,0.133182365599,0.111098754448,0,1
100000008175078100,peripheral,0.25,5,0.50055607,"4-е колено: исходящие не выгружены. Вход 1 плательщиков, 1,846,711 KZT. Роль за границей обхода не установлена.",4,False,1,0,1846711,0,15,0,0.000466335716352,0,True,0,True,True,False,7,0,False,0,1,0,0,1,0.68229408933,0,123114.066667,0,0.995495495495,1,peripheral,0,truncated_depth4,0.03,0.1875,0.169822081563,0.113233985765,0,1
100000008183752100,peripheral,0.25,2,0.48728906,"4-е колено: исходящие не выгружены. Вход 1 плательщиков, 140,000 KZT. Роль за границей обхода не установлена.",4,False,1,0,140000,0,1,0,0.000527059186971,0,True,0,True,True,False,8,0,False,0,0,0,0,1,1,0,140000,0,0.783783783784,1,peripheral,0,truncated_depth4,0.03,0.19812031259,0.139462341598,0.119706405694,0,1
100000008188026100,peripheral,0.5,3,0.45846554,"Колено 1; входящих связей 2, исходящих 4; вход 86,468 KZT. Пороги значимых ролей не достигнуты.",1,False,2,4,86468,337983.17,5,4,0.000297681027473,8.20327964743e-05,True,3.90876590184,True,False,True,7,1,True,0,1,0,0,1,0.610984698193,0.111111111111,17293.6,84495.7925,0.802966101695,1,peripheral,2,unobserved_funding;directed_cycle,0.03,0.1875,0.152516551896,0.055115658363,0.0333333333333,1
100000008190411100,peripheral,0.25,31,0.46949837,"4-е колено: исходящие не выгружены. Вход 1 плательщиков, 198,450 KZT. Роль за границей обхода не установлена.",4,False,1,0,198450,0,12,0,0.000421697502192,0,True,0,True,True,False,7,0,False,0,1,0,0,1,0.403124212648,0.583333333333,16537.5,0,0.837837837838,1,peripheral,0,truncated_depth4,0.03,0.1875,0.143568656385,0.108429715302,0,1
100000008190442100,peripheral,0.5,6,0.21426632,"Колено 3; входящих связей 1, исходящих 0; вход 13,000 KZT. Пороги значимых ролей не достигнуты.",3,False,1,0,13000,0,1,0,0.000286051544347,0,True,0,True,False,False,1,0,False,0,0,0,0,1,1,0,13000,0,0.0861850443599,1,peripheral,1,none,0.03,0.0625,0.111490519117,0.0102758007117,0,1
100000008192264100,transit,0.557291,5,0.54719698,"Вход 162,810 KZT; выход/вход=1.15; сопоставлено за 1–2 дня 0%. Признаки транзита.",3,False,1,1,162810,187910,1,2,0.000289270231494,1.92202445845e-05,True,1.15416743443,True,False,False,7,0,False,0,1,0,0,1,0.933023494526,0,162810,93955,0.795944233207,1,transit,1,none,0.18,0.1875,0.150270821307,0.0294261565836,0,1
100000008193258100,peripheral,0.5,13,0.40488875,"Колено 3; входящих связей 1, исходящих 1; вход 75,000 KZT. Пороги значимых ролей не достигнуты.",3,False,1,1,75000,30000,2,1,0.000295756200825,1.92202445845e-05,True,0.4,True,False,False,7,0,False,0,1,0,0,1,0.571428571429,0,37500,30000,0.553231939163,1,peripheral,1,none,0.03,0.1875,0.136076476744,0.0513122775801,0,1
100000008193577100,peripheral,0.5,36,0.4280769,"Колено 1; входящих связей 2, исходящих 5; вход 154,300 KZT. Пороги значимых ролей не достигнуты.",1,False,2,5,154300,480180,6,16,0.00129661354182,9.90734256935e-07,True,3.11198963059,True,False,True,1,1,True,2,5,0.28185353208,1.85077029202,1,0.255484806456,0.227272727273,25716.6666667,30011.25,0.881355932203,1,peripheral,0,unobserved_funding;directed_cycle,0.03,0.0625,0.15724801141,0.144995551601,0.0333333333333,1
100000008200810100,terminal,0.972222,10,0.47202911,"Колено 3; вход 475,000 KZT; исходящих связей 0, выход/вход=0.00. Получатель в видимой выборке.",3,False,1,0,475000,0,1,0,0.000306500561475,0,True,0,True,False,False,2,0,False,0,0,0,0,1,1,0,475000,0,0.851711026616,1,terminal,1,none,0.15,0.0990601562951,0.153840834921,0.069128113879,0,1
100000008205000100,peripheral,0.25,0,0.01886077,Seed; 0 связей и 0 KZT в выгрузке. Данных для поведенческой роли недостаточно.,0,True,0,0,0,0,0,0,0.000284037399667,0,False,0,False,False,False,0,0,False,0,0,0,0,0,0,0,0,0,0.123456790123,0,peripheral,0,seed;no_observed_edges,0.03,0,0,0.00143460854093,0,0.6
100000008205937100,peripheral,0.5,17,0.45643839,"Колено 2; входящих связей 1, исходящих 0; вход 35,000 KZT. Пороги значимых ролей не достигнуты.",2,False,1,0,35000,0,3,0,0.000329722624869,0,True,0,True,False,False,10,0,False,0,1,0,0,1,0.571428571429,0.333333333333,11666.6666667,0,0.308441558442,1,peripheral,0,none,0.03,0.216214476165,0.123146512081,0.0870774021352,0,1
100000008213966100,peripheral,0.5,3,0.55521447,"Колено 2; входящих связей 3, исходящих 1; вход 187,004 KZT. Пороги значимых ролей не достигнуты.",2,False,3,1,187004,436900,7,8,0.00193390877518,4.31960136024e-05,True,2.33631366174,True,False,True,7,0,True,1,2,0.294111355907,1,1,0.264944606863,0,26714.8571429,54612.5,0.854978354978,2,peripheral,0,unobserved_funding;directed_cycle,0.03,0.1875,0.157050174099,0.147330960854,0.0333333333333,1
100000008219168100,terminal,0.503556,9,0.35685557,"Колено 1; вход 53,200 KZT; исходящих связей 0, выход/вход=0.00. Получатель в видимой выборке.",1,False,1,0,53200,0,2,0,0.00028706810843,0,True,0,True,False,False,1,1,False,0,1,0,0,1,0.503571428571,0,26600,0,0.402542372881,1,terminal,1,none,0.15,0.0625,0.128074435583,0.01628113879,0,1
100000008221543100,terminal,1,13,0.59278263,"Колено 1; вход 542,000 KZT; исходящих связей 0, выход/вход=0.00. Получатель в видимой выборке.",1,False,2,0,542000,0,2,0,0.000369324020339,0,True,0,True,False,False,7,1,False,0,0,0,0,1,0.963099630996,0,271000,0,0.853813559322,2,terminal,2,none,0.15,0.1875,0.155393840064,0.0998887900356,0,1
100000008221765100,peripheral,0.25,5,0.4832404,"4-е колено: исходящие не выгружены. Вход 1 плательщиков, 156,354 KZT. Роль за границей обхода не установлена.",4,False,1,0,156354,0,1,0,0.000537204816217,0,True,0,True,True,False,7,0,False,0,0,0,0,1,1,0,156354,0,0.801801801802,1,peripheral,0,truncated_depth4,0.03,0.1875,0.140762637235,0.124977758007,0,1
100000008223661100,peripheral,0.5,1,0.45843496,"Колено 3; входящих связей 2, исходящих 5; вход 202,000 KZT. Пороги значимых ролей не достигнуты.",3,False,2,5,202000,262580,2,5,0.000313058042286,0.000325423178928,True,1.2999009901,True,False,True,8,0,False,0,0,0.0784455445545,2,2,0.506661931207,0.142857142857,101000,52516,0.84917617237,3,peripheral,6,unobserved_funding,0.03,0.19812031259,0.153579774372,0.0767348754448,0,1
100000008223756100,terminal,0.81298,18,0.58266555,"Колено 3; вход 331,682 KZT; исходящих связей 0, выход/вход=0.00. Получатель в видимой выборке.",3,False,2,0,331682,0,2,0,0.00035420409829,0,True,0,True,False,False,7,0,False,0,0,0,0,1,0.953232312878,0,165841,0,0.783269961977,2,terminal,2,none,0.15,0.1875,0.149613946083,0.0955516014235,0,1
100000008229700100,peripheral,0.5,12,0.23655703,"Колено 1; входящих связей 1, исходящих 1; вход 23,500 KZT. Пороги значимых ролей не достигнуты.",1,False,1,1,23500,7200,1,1,0.000287911905084,1.98146851387e-07,True,0.306382978723,True,False,False,1,1,False,0,0,0,0,1,0.765472312704,0.5,23500,7200,0.25,1,peripheral,1,none,0.03,0.0625,0.121603740951,0.0224532918149,0,1
100000008232832100,peripheral,0.5,1,0.51589161,"Колено 1; входящих связей 1, исходящих 1; вход 337,000 KZT. Пороги значимых ролей не достигнуты.",1,False,1,1,337000,138000,2,1,0.000490549670981,0,True,0.409495548961,True,False,False,10,1,False,0,1,0,0,1,0.709473684211,0,168500,138000,0.830508474576,1,peripheral,0,none,0.03,0.216214476165,0.153840834921,0.115836298932,0,1
100000008237827100,peripheral,0.5,4,0.41163569,"Колено 1; входящих связей 1, исходящих 0; вход 40,001 KZT. Пороги значимых ролей не достигнуты.",1,False,1,0,40001,0,1,0,0.000291982241069,0,True,0,True,False,False,10,1,False,0,0,0,0,1,1,0,40001,0,0.317796610169,1,peripheral,1,none,0.03,0.216214476165,0.124718370693,0.0407028469751,0,1
100000008238112100,terminal,0.655556,5,0.51425315,"Колено 3; вход 190,000 KZT; исходящих связей 0, выход/вход=0.00. Получатель в видимой выборке.",3,False,1,0,190000,0,1,0,0.000290144137872,0,True,0,True,False,False,7,0,False,0,0,0,0,1,1,0,190000,0,0.678073510773,1,terminal,1,none,0.15,0.1875,0.143056528677,0.0336966192171,0,1
100000008238989100,terminal,0.666667,1,0.56446761,"Колено 2; вход 200,000 KZT; исходящих связей 0, выход/вход=0.00. Получатель в видимой выборке.",2,False,1,0,200000,0,2,0,0.000321461032186,0,True,0,True,False,False,7,0,False,0,1,0,0,1,0.5,0,100000,0,0.677489177489,1,terminal,0,none,0.15,0.1875,0.143660225347,0.0833073843416,0,1
100000008244300100,consolidator,0.5,13,0.71299842,"Вход от 5 плательщиков (seed: 1); 65,430 KZT; исходящих связей 0. Признаки консолидации.",1,False,5,0,65430,0,6,0,0.000476470861813,0,True,0,True,False,False,8,1,False,0,1,0,0,1,0.418003973712,0.833333333333,10905,0,0.444915254237,3,consolidator,2,none,0.27,0.19812031259,0.130509781741,0.114368327402,0,1
100000008251939100,peripheral,0.25,14,0.40469016,"4-е колено: исходящие не выгружены. Вход 1 плательщиков, 44,360 KZT. Роль за границей обхода не установлена.",4,False,1,0,44360,0,1,0,0.000300516530127,0,True,0,True,True,False,7,0,False,0,0,0,0,1,1,0,44360,0,0.556306306306,1,peripheral,1,truncated_depth4,0.03,0.1875,0.125935711549,0.0612544483986,0,1
100000008254069100,peripheral,0.5,23,0.49048871,"Колено 2; входящих связей 1, исходящих 5; вход 10,200 KZT. Пороги значимых ролей не достигнуты.",2,False,1,5,10200,107500,2,6,0.000340568710506,9.35121040646e-05,True,10.5392156863,True,False,True,8,0,True,1,2,0,0,1,0.53525913339,0.5,5100,17916.6666667,0.562770562771,2,peripheral,1,unobserved_funding;directed_cycle,0.03,0.19812031259,0.137420297868,0.0916147686833,0.0333333333333,1
100000008254576100,peripheral,0.5,13,0.38182621,"Колено 3; входящих связей 1, исходящих 1; вход 8,000 KZT. Пороги значимых ролей не достигнуты.",3,False,1,1,8000,60000,1,1,0.000290078836348,1.96165382873e-05,True,7.5,True,False,True,7,0,False,0,0,0,0,1,0.882352941176,0.5,8000,60000,0.463878326996,1,peripheral,0,unobserved_funding,0.03,0.1875,0.13096321905,0.0333629893238,0,1
100000008255655100,peripheral,0.25,13,0.43942566,"4-е колено: исходящие не выгружены. Вход 1 плательщиков, 5,400 KZT. Роль за границей обхода не установлена.",4,False,1,0,5400,0,1,0,0.000528052824903,0,True,0,True,True,False,7,0,False,0,0,0,0,1,1,1,5400,0,0.0608108108108,1,peripheral,0,truncated_depth4,0.03,0.1875,0.101151636984,0.120774021352,0,1
100000008258083100,peripheral,0.5,29,0.57582267,"Колено 2; входящих связей 2, исходящих 2; вход 3,149,500 KZT. Пороги значимых ролей не достигнуты.",2,False,2,2,3149500,2045650,13,6,0.00104110964032,7.76735657437e-05,True,0.649515796158,True,False,False,7,0,True,1,2,0.0277821876488,1.18285714286,1,0.577461670982,0.210526315789,242269.230769,340941.666667,0.982683982684,1,peripheral,1,directed_cycle,0.03,0.1875,0.181995565534,0.142993772242,0.0333333333333,1
100000008258458100,peripheral,0.5,3,0.41742554,"Колено 3; входящих связей 1, исходящих 2; вход 19,000 KZT. Пороги значимых ролей не достигнуты.",3,False,1,2,19000,1557988,1,4,0.000289690785703,3.84404891691e-05,True,81.9993684211,True,False,True,7,0,False,0,2,0,0,1,0.37196731998,0,19000,389497,0.967046894804,1,peripheral,1,unobserved_funding,0.03,0.1875,0.167963791665,0.0319617437722,0,1
100000008259451100,terminal,0.505556,15,0.52561908,"Колено 3; вход 55,000 KZT; исходящих связей 0, выход/вход=0.00. Получатель в видимой выборке.",3,False,1,0,55000,0,1,0,0.000299530048937,0,True,0,True,False,False,7,0,False,0,0,0,0,1,1,0,55000,0,0.432826362484,1,terminal,1,none,0.15,0.1875,0.128466058137,0.059653024911,0,1
100000008279405100,terminal,0.705264,7,0.57098998,"Колено 3; вход 234,738 KZT; исходящих связей 0, выход/вход=0.00. Получатель в видимой выборке.",3,False,1,0,234738,0,2,0,0.000331420664024,0,True,0,True,False,False,7,0,False,0,1,0,0,1,0.5979900996,0,117369,0,0.712294043093,1,terminal,1,none,0.15,0.1875,0.145545143465,0.0879448398577,0,1
100000008283183100,peripheral,0.5,20,0.25960767,"Колено 2; входящих связей 1, исходящих 0; вход 29,000 KZT. Пороги значимых ролей не достигнуты.",2,False,1,0,29000,0,1,0,0.000293812526484,0,True,0,True,False,False,1,0,False,0,0,0,0,1,1,0,29000,0,0.247835497835,1,peripheral,1,none,0.03,0.0625,0.120933288674,0.0461743772242,0,1
100000008289539100,peripheral,0.5,3,0.35749596,"Колено 2; входящих связей 1, исходящих 0; вход 14,912 KZT. Пороги значимых ролей не достигнуты.",2,False,1,0,14912,0,1,0,0.000288744900243,0,True,0,True,False,False,7,0,False,0,0,0,0,1,1,0,14912,0,0.101731601732,1,peripheral,1,none,0.03,0.1875,0.113105386284,0.026890569395,0,1
100000008293431100,peripheral,0.5,11,0.40686698,"Колено 3; входящих связей 1, исходящих 5; вход 15,000 KZT. Пороги значимых ролей не достигнуты.",3,False,1,5,15000,297000,1,7,0.000285357514432,5.68706168752e-05,True,19.8,True,False,True,7,0,True,1,2,0,0,1,0.705128205128,0.375,15000,42428.5714286,0.771863117871,2,peripheral,3,unobserved_funding;directed_cycle,0.03,0.1875,0.14889396294,0.0071396797153,0.0333333333333,1
100000008295429100,terminal,0.835556,5,0.53805836,"Колено 3; вход 352,000 KZT; исходящих связей 0, выход/вход=0.00. Получатель в видимой выборке.",3,False,1,0,352000,0,1,0,0.00029535093571,0,True,0,True,False,False,7,0,False,0,0,0,0,1,1,0,352000,0,0.801013941698,1,terminal,1,none,0.15,0.1875,0.150313697607,0.0502446619217,0,1
100000008297199100,peripheral,0.5,7,0.39231111,"Колено 3; входящих связей 1, исходящих 0; вход 42,268 KZT. Пороги значимых ролей не достигнуты.",3,False,1,0,42268,0,1,0,0.000294973540641,0,True,0,True,False,False,7,0,False,0,0,0,0,1,1,0,42268,0,0.3536121673,1,peripheral,1,none,0.03,0.1875,0.125367162131,0.0494439501779,0,1
100000008304115100,terminal,0.501111,12,0.38238165,"Колено 1; вход 51,000 KZT; исходящих связей 0, выход/вход=0.00. Получатель в видимой выборке.",1,False,1,0,51000,0,1,0,0.000292445900784,0,True,0,True,False,False,1,1,False,0,0,0,0,1,1,0,51000,0,0.387711864407,1,terminal,1,none,0.15,0.0625,0.127577383866,0.0423042704626,0,1
100000008304139100,distributor,0.733333,1,0.73954721,"Переводы 24 получателям; 43 операций; 1,692,997 KZT. Признаки веерного распределения.",1,False,4,24,189329.75,1692997,4,43,0.000311882326566,0.0013103045314,True,8.94205480121,True,False,True,7,1,True,1,5,0.904394317322,1.45353803027,1,0.0998763896863,0.0212765957447,47332.4375,39372.0232558,0.968220338983,9,distributor,14,unobserved_funding;fast_temporal_match;directed_cycle,0.24,0.1875,0.170046908684,0.0753336298932,0.0666666666667,1
100000008306857100,terminal,0.583333,10,0.42021804,"Колено 3; вход 125,000 KZT; исходящих связей 0, выход/вход=0.00. Получатель в видимой выборке.",3,False,1,0,125000,0,1,0,0.000289948758038,0,True,0,True,False,False,2,0,False,0,0,0,0,1,1,0,125000,0,0.584283903676,1,terminal,1,none,0.15,0.0990601562951,0.138128522348,0.0330293594306,0,1
100000008308418100,peripheral,0.25,1,0.45467528,"4-е колено: исходящие не выгружены. Вход 1 плательщиков, 50,000 KZT. Роль за границей обхода не установлена.",4,False,1,0,50000,0,1,0,0.000429105503388,0,True,0,True,True,False,7,0,False,0,0,0,0,1,1,0,50000,0,0.601351351351,1,peripheral,0,truncated_depth4,0.03,0.1875,0.127344320171,0.109830960854,0,1
100000008309514100,peripheral,0.5,6,0.22089741,"Колено 3; входящих связей 1, исходящих 0; вход 17,200 KZT. Пороги значимых ролей не достигнуты.",3,False,1,0,17200,0,1,0,0.000286702268013,0,True,0,True,False,False,1,0,False,0,0,0,0,1,1,0,17200,0,0.137515842839,1,peripheral,1,none,0.03,0.0625,0.11478530581,0.0136120996441,0,1
100000008314203100,peripheral,0.5,1,0.32764824,"Колено 0; входящих связей 2, исходящих 2; вход 382,076 KZT. Пороги значимых ролей не достигнуты.",0,True,2,2,382076,327000,10,13,0.000499232351831,0,True,0.855850668453,False,False,False,9,2,True,2,3,0.337629162784,1.15503875969,1,0.188978332365,0.0869565217391,38207.6,25153.8461538,0.740740740741,1,peripheral,0,seed;directed_cycle,0.03,0.20762050593,0.158556278396,0.116570284698,0.0333333333333,0.6
100000008314863100,peripheral,0.5,4,0.47473453,"Колено 3; входящих связей 1, исходящих 0; вход 12,000 KZT. Пороги значимых ролей не достигнуты.",3,False,1,0,12000,0,1,0,0.000513894679042,0,True,0,True,False,False,10,0,False,0,0,0,0,1,1,0,12000,0,0.0760456273764,1,peripheral,0,none,0.03,0.216214476165,0.110548526699,0.117971530249,0,1
100000008321975100,peripheral,0.25,19,0.38294992,"4-е колено: исходящие не выгружены. Вход 1 плательщиков, 5,900 KZT. Роль за границей обхода не установлена.",4,False,1,0,5900,0,1,0,0.000301569990875,0,True,0,True,True,False,7,0,False,0,0,0,0,1,1,1,5900,0,0.0833333333333,1,peripheral,0,truncated_depth4,0.03,0.1875,0.102193687283,0.063256227758,0,1
100000008324800100,transit,0.812915,5,0.71146704,"Вход 526,500 KZT; выход/вход=0.97; сопоставлено за 1–2 дня 40%. Признаки транзита.",2,False,3,1,526500,511000,17,13,0.00194581159635,1.92202445845e-05,True,0.970560303894,True,False,False,7,0,True,1,3,0.39886039886,1.28571428571,2,0.246746987952,0.0666666666667,30970.5882353,39307.6923077,0.896103896104,2,transit,2,directed_cycle,0.18,0.1875,0.163035846565,0.147597864769,0.0333333333333,1
100000008327791100,peripheral,0.25,13,0.45046759,"4-е колено: исходящие не выгружены. Вход 1 плательщиков, 11,000 KZT. Роль за границей обхода не установлена.",4,False,1,0,11000,0,1,0,0.000533579415516,0,True,0,True,True,False,7,0,False,0,0,0,0,1,1,0,11000,0,0.219594594595,1,peripheral,0,truncated_depth4,0.03,0.1875,0.109524529789,0.123443060498,0,1
100000008331280100,peripheral,0.25,27,0.42197933,"4-е колено: исходящие не выгружены. Вход 1 плательщиков, 41,000 KZT. Роль за границей обхода не установлена.",4,False,1,0,41000,0,2,0,0.000316282161222,0,True,0,True,True,False,7,0,False,0,1,0,0,1,0.756097560976,0,20500,0,0.542792792793,1,peripheral,0,truncated_depth4,0.03,0.1875,0.1250086906,0.0794706405694,0,1
100000008332511100,terminal,0.555556,9,0.63671706,"Колено 3; вход 100,000 KZT; исходящих связей 0, выход/вход=0.00. Получатель в видимой выборке.",3,False,1,0,100000,0,1,0,0.00110432364186,0,True,0,True,False,False,9,0,False,0,0,0,0,1,1,0,100000,0,0.53865652725,1,terminal,0,none,0.15,0.20762050593,0.135502243335,0.14359430605,0,1
100000008333492100,peripheral,0.25,2,0.49304015,"4-е колено: исходящие не выгружены. Вход 1 плательщиков, 216,400 KZT. Роль за границей обхода не установлена.",4,False,1,0,216400,0,1,0,0.000435483940728,0,True,0,True,True,False,9,0,False,0,0,0,0,1,1,0,216400,0,0.846846846847,1,peripheral,0,truncated_depth4,0.03,0.20762050593,0.144587794205,0.110831850534,0,1
100000008335401100,terminal,0.611111,14,0.62520803,"Колено 2; вход 150,000 KZT; исходящих связей 0, выход/вход=0.00. Получатель в видимой выборке.",2,False,1,0,150000,0,3,0,0.00054788094913,0,True,0,True,False,False,9,0,False,0,1,0,0,1,1,0,50000,0,0.609307359307,1,terminal,0,none,0.15,0.20762050593,0.140274352086,0.12731316726,0,1
100000008336318100,peripheral,0.25,2,0.45467649,"4-е колено: исходящие не выгружены. Вход 1 плательщиков, 170,000 KZT. Роль за границей обхода не установлена.",4,False,1,0,170000,0,1,0,0.000324918841486,0,True,0,True,True,False,8,0,False,0,0,0,0,1,1,0,170000,0,0.816441441441,1,peripheral,1,truncated_depth4,0.03,0.19812031259,0.141747458613,0.0848087188612,0,1
100000008337304100,peripheral,0.25,7,0.44864628,"4-е колено: исходящие не выгружены. Вход 1 плательщиков, 105,465 KZT. Роль за границей обхода не установлена.",4,False,1,0,105465,0,2,0,0.000352277388424,0,True,0,True,True,False,7,0,False,0,1,0,0,1,1,0,52732.5,0,0.747747747748,1,peripheral,0,truncated_depth4,0.03,0.1875,0.136128483535,0.0950177935943,0,1
100000008343415100,peripheral,0.25,18,0.46323356,"4-е колено: исходящие не выгружены. Вход 1 плательщиков, 100,000 KZT. Роль за границей обхода не установлена.",4,False,1,0,100000,0,3,0,0.000431467133749,0,True,0,True,True,False,7,0,False,0,1,0,0,1,1,0,33333.3333333,0,0.728603603604,1,peripheral,0,truncated_depth4,0.03,0.1875,0.135502243335,0.110231316726,0,1
100000008343874100,peripheral,0.5,18,0.47282242,"Колено 3; входящих связей 2, исходящих 2; вход 283,535 KZT. Пороги значимых ролей не достигнуты.",3,False,2,2,283535,176400,2,5,0.000305960035292,3.88367828719e-05,True,0.622145414146,True,False,False,7,0,False,0,2,0.505757666602,2,1,0.381249524389,0,141767.5,35280,0.845373891001,2,peripheral,2,fast_temporal_match,0.03,0.1875,0.153461507017,0.0685275800712,0.0333333333333,1
100000008346837100,coordinator,1,17,0.88135529,Связывает 6 узлов сбора/рассылки; достижим от 7 seed; betweenness=0.00898. Гипотеза структурной координации.,2,False,9,25,254359,1258643,12,26,0.00054405924089,0.00898115628132,True,4.9482935536,True,False,True,7,0,True,2,2,0.827767053653,1,4,0.222765072353,0.236842105263,21196.5833333,48409.3461538,0.922077922078,9,consolidator,6,unobserved_funding;fast_temporal_match;sync_inflow;directed_cycle,0.3,0.1875,0.167476285509,0.126379003559,0.1,1
100000008349675100,peripheral,0.5,9,0.2391118,"Колено 1; входящих связей 1, исходящих 1; вход 46,520 KZT. Пороги значимых ролей не достигнуты.",1,False,1,1,46520,36650,1,2,0.000286687560788,1.98146851387e-07,True,0.787833190026,True,False,False,1,1,False,0,1,0,0,1,0.781772273656,0,46520,18325,0.504237288136,1,peripheral,1,none,0.03,0.0625,0.133333330737,0.0132784697509,0,1
100000008349740100,peripheral,0.25,5,0.38577058,"4-е колено: исходящие не выгружены. Вход 1 плательщиков, 70,000 KZT. Роль за границей обхода не установлена.",4,False,1,0,70000,0,2,0,0.000290947458777,0,True,0,True,True,False,7,0,False,0,1,0,0,1,0.857142857143,0,35000,0,0.664414414414,1,peripheral,0,truncated_depth4,0.03,0.1875,0.131304384807,0.0369661921708,0,1
100000008352542100,terminal,0.500244,16,0.58062114,"Колено 2; вход 50,220 KZT; исходящих связей 0, выход/вход=0.00. Получатель в видимой выборке.",2,False,1,0,50220,0,1,0,0.000329631673192,0,True,0,True,False,False,10,0,False,0,0,0,0,1,1,0,50220,0,0.385281385281,1,terminal,0,none,0.15,0.216214476165,0.127395991629,0.0870106761566,0,1
100000008356606100,terminal,0.631667,3,0.61299546,"Колено 2; вход 168,500 KZT; исходящих связей 0, выход/вход=0.00. Получатель в видимой выборке.",2,False,2,0,168500,0,2,0,0.00062300301282,0,True,0,True,False,False,7,0,False,0,0,0,0,1,0.712166172107,0,84250,0,0.647186147186,1,terminal,0,none,0.15,0.1875,0.141643149254,0.133852313167,0,1
100000008376089100,terminal,0.594444,29,0.53812239,"Колено 2; вход 135,000 KZT; исходящих связей 0, выход/вход=0.00. Получатель в видимой выборке.",2,False,1,0,135000,0,1,0,0.000300749084601,0,True,0,True,False,False,7,0,False,0,0,0,0,1,1,0,135000,0,0.585497835498,1,terminal,1,none,0.15,0.1875,0.139034313357,0.0615880782918,0,1
100000008376785100,peripheral,0.25,5,0.48406158,"4-е колено: исходящие не выгружены. Вход 1 плательщиков, 234,250 KZT. Роль за границей обхода не установлена.",4,False,1,0,234250,0,2,0,0.000528657408207,0,True,0,True,True,False,7,0,False,0,1,0,0,1,0.504802561366,0,117125,0,0.853603603604,1,peripheral,0,truncated_depth4,0.03,0.1875,0.145520650193,0.121040925267,0,1
100000008379273100,peripheral,0.5,14,0.43697324,"Колено 3; входящих связей 2, исходящих 4; вход 36,000 KZT. Пороги значимых ролей не достигнуты.",3,False,2,4,36000,38000,2,4,0.000297387015978,0.00170051488714,True,1.05555555556,True,False,False,7,0,True,0,0,0,0,1,0.310810810811,0.333333333333,18000,9500,0.477820025349,4,peripheral,4,directed_cycle,0.03,0.1875,0.131958408699,0.0541814946619,0.0333333333333,1
100000008383405100,peripheral,0.5,12,0.27807886,"Колено 1; входящих связей 1, исходящих 0; вход 25,000 KZT. Пороги значимых ролей не достигнуты.",1,False,1,0,25000,0,2,0,0.000304359942488,0,True,0,True,False,False,1,1,False,0,1,0,0,1,0.8,0.5,12500,0,0.193855932203,1,peripheral,0,none,0.03,0.0625,0.119186514696,0.0663923487544,0,1
100000008388049100,terminal,0.996,10,0.47328174,"Колено 3; вход 496,400 KZT; исходящих связей 0, выход/вход=0.00. Получатель в видимой выборке.",3,False,1,0,496400,0,1,0,0.000307512586028,0,True,0,True,False,False,2,0,False,0,0,0,0,1,1,0,496400,0,0.863117870722,1,terminal,1,none,0.15,0.0990601562951,0.154359486211,0.0698620996441,0,1
100000008389800100,peripheral,0.5,3,0.55740878,"Колено 2; входящих связей 3, исходящих 7; вход 189,000 KZT. Пороги значимых ролей не достигнуты.",2,False,3,7,189000,401620,3,8,0.000502011489463,0.000159310068515,True,2.12497354497,True,False,True,7,0,True,2,1,0.880423280423,1.12019230769,1,0.281433070333,0,63000,50202.5,0.848484848485,1,peripheral,0,unobserved_funding;fast_temporal_match;directed_cycle,0.03,0.1875,0.156404924318,0.116837188612,0.0666666666667,1
100000008405209100,terminal,0.504889,13,0.50854159,"Колено 3; вход 54,400 KZT; исходящих связей 0, выход/вход=0.00. Получатель в видимой выборке.",3,False,1,0,54400,0,1,0,0.000292537436774,0,True,0,True,False,False,7,0,False,0,0,0,0,1,1,0,54400,0,0.428390367554,1,terminal,1,none,0.15,0.1875,0.128336959768,0.0427046263345,0,1
100000008406609100,peripheral,0.5,23,0.46055645,"Колено 2; входящих связей 1, исходящих 0; вход 34,000 KZT. Пороги значимых ролей не достигнуты.",2,False,1,0,34000,0,1,0,0.000427912874229,0,True,0,True,False,False,8,0,False,0,0,0,0,1,1,0,34000,0,0.298701298701,1,peripheral,0,none,0.03,0.19812031259,0.122805351269,0.109630782918,0,1
100000008413748100,distributor,0.633333,1,0.76431998,"Переводы 18 получателям; 21 операций; 1,377,320 KZT. Признаки веерного распределения.",2,False,2,18,26480,1377320.22,2,21,0.00038866361532,0.000624716783079,True,52.0136034743,True,False,True,7,0,True,0,3,1,1,2,0.326531449041,0.130434782609,13240,65586.6771429,0.915584415584,2,distributor,6,unobserved_funding;fast_temporal_match;directed_cycle,0.24,0.1875,0.166594595572,0.103558718861,0.0666666666667,1
100000008416433100,peripheral,0.5,15,0.36562172,"Колено 3; входящих связей 1, исходящих 0; вход 20,000 KZT. Пороги значимых ролей не достигнуты.",3,False,1,0,20000,0,1,0,0.000289671090311,0,True,0,True,False,False,7,0,False,0,0,0,0,1,1,0,20000,0,0.17237008872,1,peripheral,1,none,0.03,0.1875,0.116560329835,0.0315613879004,0,1
100000008417029100,terminal,0.555556,2,0.56038254,"Колено 3; вход 100,000 KZT; исходящих связей 0, выход/вход=0.00. Получатель в видимой выборке.",3,False,1,0,100000,0,1,0,0.000304957858136,0,True,0,True,False,False,9,0,False,0,0,0,0,1,1,0,100000,0,0.53865652725,1,terminal,0,none,0.15,0.20762050593,0.135502243335,0.0672597864769,0,1
100000008417359100,peripheral,0.5,13,0.45899417,"Колено 3; входящих связей 1, исходящих 2; вход 40,810 KZT. Пороги значимых ролей не достигнуты.",3,False,1,2,40810,110760,2,3,0.000290413990004,0,True,2.7140406763,True,False,True,7,0,True,0,2,0.754962019113,1,1,0.593785049812,0.2,20405,36920,0.63371356147,1,peripheral,1,unobserved_funding;fast_temporal_match;directed_cycle,0.03,0.1875,0.140396899166,0.0344306049822,0.0666666666667,1
100000008418835100,peripheral,0.5,16,0.22741685,"Колено 0; входящих связей 1, исходящих 4; вход 1,372,000 KZT. Пороги значимых ролей не достигнуты.",0,True,1,4,1372000,186179,67,6,0.000525469208382,0.000316638668517,True,0.135698979592,False,False,False,1,1,False,0,2,0.0682390670554,2,1,0.177851196814,0.219178082192,20477.6119403,31029.8333333,0.864197530864,2,peripheral,2,seed,0.03,0.0625,0.167822570311,0.118705516014,0,0.6
100000008418934100,terminal,0.844444,2,0.44381663,"Колено 2; вход 360,000 KZT; исходящих связей 0, выход/вход=0.00. Получатель в видимой выборке.",2,False,1,0,360000,0,1,0,0.000317686967438,0,True,0,True,False,False,1,0,False,0,0,0,0,1,1,0,360000,0,0.770562770563,1,terminal,1,none,0.15,0.0625,0.150578192604,0.0807384341637,0,1
100000008422226100,terminal,0.541611,1,0.49938211,"Колено 3; вход 87,450 KZT; исходящих связей 0, выход/вход=0.00. Получатель в видимой выборке.",3,False,1,0,87450,0,1,0,0.000288928203276,0,True,0,True,False,False,7,0,False,0,0,0,0,1,1,0,87450,0,0.508238276299,1,terminal,1,none,0.15,0.1875,0.133923926421,0.0279581850534,0,1
100000008427027100,terminal,0.777778,4,0.64202672,"Колено 3; вход 300,000 KZT; исходящих связей 0, выход/вход=0.00. Получатель в видимой выборке.",3,False,1,0,300000,0,1,0,0.00054792983436,0,True,0,True,False,False,10,0,False,0,0,0,0,1,1,0,300000,0,0.762357414449,1,terminal,0,none,0.15,0.216214476165,0.148432353713,0.127379893238,0,1
100000008430691100,peripheral,0.5,3,0.47536225,"Колено 3; входящих связей 1, исходящих 2; вход 20,000 KZT. Пороги значимых ролей не достигнуты.",3,False,1,2,20000,604900,1,2,0.000305286829665,1.96165382873e-05,True,30.245,True,False,True,7,0,True,1,0,0,0,1,0.967994879181,0,20000,302450,0.894803548796,1,peripheral,0,unobserved_funding;directed_cycle,0.03,0.1875,0.157068948015,0.0674599644128,0.0333333333333,1
100000008432942100,peripheral,0.5,1,0.35582821,"Колено 3; входящих связей 1, исходящих 0; вход 44,542 KZT. Пороги значимых ролей не достигнуты.",3,False,1,0,44542,0,2,0,0.000286528493713,0,True,0,True,False,False,7,0,False,0,1,0,0,1,0.633783844461,0,22271,0,0.362484157161,1,peripheral,1,none,0.03,0.1875,0.125983899793,0.0123443060498,0,1
100000008436257100,peripheral,0.5,13,0.38468566,"Колено 3; входящих связей 2, исходящих 0; вход 35,000 KZT. Пороги значимых ролей не достигнуты.",3,False,2,0,35000,0,2,0,0.000292982735683,0,True,0,True,False,False,7,0,False,0,0,0,0,2,1,0.5,17500,0,0.314321926489,1,peripheral,1,none,0.03,0.1875,0.123146512081,0.0440391459075,0,1
100000008438656100,peripheral,0.5,4,0.43118297,"Колено 1; входящих связей 2, исходящих 1; вход 80,000 KZT. Пороги значимых ролей не достигнуты.",1,False,2,1,80000,5000,2,1,0.000295764801682,2.37776221665e-05,True,0.0625,True,False,False,10,1,False,0,0,0,0,1,0.705882352941,0.333333333333,40000,5000,0.515889830508,2,peripheral,2,none,0.03,0.216214476165,0.133589486986,0.0513790035587,0,1
100000008443341100,peripheral,0.5,12,0.5200073,"Колено 1; входящих связей 2, исходящих 3; вход 34,500 KZT. Пороги значимых ролей не достигнуты.",1,False,2,3,34500,50000,2,4,0.000664448851034,0.000360098962412,True,1.44927536232,True,False,True,7,1,True,1,1,0.202898550725,2,1,0.573964497041,0.333333333333,17250,12500,0.512711864407,3,peripheral,2,unobserved_funding;directed_cycle,0.03,0.1875,0.133520050642,0.135653914591,0.0333333333333,1
100000008454065100,peripheral,0.5,15,0.37259623,"Колено 3; входящих связей 1, исходящих 0; вход 24,050 KZT. Пороги значимых ролей не достигнуты.",3,False,1,0,24050,0,1,0,0.000290811912666,0,True,0,True,False,False,7,0,False,0,0,0,0,1,1,0,24050,0,0.217363751584,1,peripheral,1,none,0.03,0.1875,0.118730570591,0.036365658363,0,1
100000008459449100,terminal,0.504111,7,0.5216009,"Колено 3; вход 53,700 KZT; исходящих связей 0, выход/вход=0.00. Получатель в видимой выборке.",3,False,1,0,53700,0,1,0,0.000297931380227,0,True,0,True,False,False,7,0,False,0,0,0,0,1,1,0,53700,0,0.425855513308,1,terminal,1,none,0.15,0.1875,0.128184533158,0.0559163701068,0,1
100000008460102100,distributor,0.85,10,0.54648753,"Переводы 31 получателям; 34 операций; 476,570 KZT. Признаки веерного распределения.",3,False,1,31,17500,476570,1,34,0.000298064266727,0.000977722613694,True,27.2325714286,True,False,True,1,0,False,0,2,1,1,1,0.209282085534,0.571428571429,17500,14016.7647059,0.860583016477,3,distributor,1,unobserved_funding;fast_temporal_match,0.24,0.0625,0.154304112335,0.056350088968,0.0333333333333,1
100000008461217100,peripheral,0.25,4,0.48744675,"4-е колено: исходящие не выгружены. Вход 1 плательщиков, 18,000 KZT. Роль за границей обхода не установлена.",4,False,1,0,18000,0,1,0,0.000542321836756,0,True,0,True,True,False,10,0,False,0,0,0,0,1,1,0,18000,0,0.341216216216,1,peripheral,0,truncated_depth4,0.03,0.216214476165,0.115320347771,0.125911921708,0,1
100000008461532100,peripheral,0.5,27,0.56485726,"Колено 2; входящих связей 2, исходящих 8; вход 565,300 KZT. Пороги значимых ролей не достигнуты.",2,False,2,8,565300,2530090,2,9,0.00073979709226,0.000271263039549,True,4.47565894215,True,False,True,7,0,True,1,1,0,0,1,0.542742594633,0.0909090909091,282650,281121.111111,0.963203463203,2,peripheral,0,unobserved_funding;directed_cycle,0.03,0.1875,0.175901149856,0.138122775801,0.0333333333333,1
100000008463968100,peripheral,0.5,6,0.20864309,"Колено 3; входящих связей 1, исходящих 0; вход 10,000 KZT. Пороги значимых ролей не достигнуты.",3,False,1,0,10000,0,1,0,0.000285586741729,0,True,0,True,False,False,1,0,False,0,0,0,0,1,1,0,10000,0,0.0551330798479,1,peripheral,1,none,0.03,0.0625,0.10840287741,0.00774021352313,0,1
100000008465789100,distributor,0.6,2,0.69982606,"Переводы 16 получателям; 17 операций; 1,858,100 KZT. Признаки веерного распределения.",3,False,1,16,30099,1858100,1,17,0.000288327648493,0.000845096405844,True,61.7329479385,True,False,True,8,0,True,0,1,1,1,1,0.259506545655,0,30099,109300,0.97845373891,3,distributor,4,unobserved_funding;fast_temporal_match;directed_cycle,0.24,0.19812031259,0.170083568743,0.0249555160142,0.0666666666667,1
100000008466579100,distributor,0.616667,2,0.77072083,"Переводы 17 получателям; 20 операций; 1,933,000 KZT. Признаки веерного распределения.",2,False,2,17,36952,1933000,2,20,0.000354014326755,0.000505632236185,True,52.3111063001,True,False,True,8,0,True,0,2,0.811864039835,1,1,0.263965822518,0.0454545454545,18476,96650,0.943722943723,5,distributor,7,unobserved_funding;fast_temporal_match;directed_cycle,0.24,0.19812031259,0.170582429883,0.0953514234875,0.0666666666667,1
100000008468762100,terminal,0.633333,2,0.56119784,"Колено 3; вход 170,000 KZT; исходящих связей 0, выход/вход=0.00. Получатель в видимой выборке.",3,False,2,0,170000,0,2,0,0.000308710358537,0,True,0,True,False,False,8,0,False,0,0,0,0,2,1,0,85000,0,0.658428390368,1,terminal,2,none,0.15,0.19812031259,0.141747458613,0.0713300711744,0,1
100000008469048100,peripheral,0.25,7,0.49539756,"4-е колено: исходящие не выгружены. Вход 1 плательщиков, 265,200 KZT. Роль за границей обхода не установлена.",4,False,1,0,265200,0,7,0,0.000575193599647,0,True,0,True,True,False,7,0,False,0,1,0,0,1,0.339366515837,0.142857142857,37885.7142857,0,0.871621621622,1,peripheral,0,truncated_depth4,0.03,0.1875,0.146981192478,0.130916370107,0,1
100000008470470100,peripheral,0.5,8,0.25224713,"Колено 1; входящих связей 1, исходящих 0; вход 33,547 KZT. Пороги значимых ролей не достигнуты.",1,False,1,0,33547,0,1,0,0.000291025511059,0,True,0,True,False,False,1,1,False,0,0,0,0,1,1,0,33547,0,0.262711864407,1,peripheral,1,none,0.03,0.0625,0.122647489779,0.0370996441281,0,1
100000008471634100,peripheral,0.25,26,0.47772136,"4-е колено: исходящие не выгружены. Вход 1 плательщиков, 20,000 KZT. Роль за границей обхода не установлена.",4,False,1,0,20000,0,1,0,0.00111606507976,0,True,0,True,True,False,7,0,False,0,0,0,0,1,1,0,20000,0,0.370495495495,1,peripheral,0,truncated_depth4,0.03,0.1875,0.116560329835,0.143661032028,0,1
100000008472324100,terminal,0.672444,5,0.51722745,"Колено 3; вход 205,200 KZT; исходящих связей 0, выход/вход=0.00. Получатель в видимой выборке.",3,False,1,0,205200,0,1,0,0.000290632676928,0,True,0,True,False,False,7,0,False,0,0,0,0,1,1,0,205200,0,0.692015209125,1,terminal,1,none,0.15,0.1875,0.143962322072,0.0357651245552,0,1
100000008473207100,terminal,0.668889,4,0.64635173,"Колено 2; вход 202,000 KZT; исходящих связей 0, выход/вход=0.00. Получатель в видимой выборке.",2,False,1,0,202000,0,4,0,0.000552632470242,0,True,0,True,False,False,11,0,False,0,1,0,0,1,0.450495049505,0,50500,0,0.690476190476,1,terminal,0,none,0.15,0.224060156295,0.143777335831,0.128514234875,0,1
100000008473765100,peripheral,0.5,7,0.372262,"Колено 3; входящих связей 1, исходящих 0; вход 30,000 KZT. Пороги значимых ролей не достигнуты.",3,False,1,0,30000,0,1,0,0.00029009307847,0,True,0,True,False,False,7,0,False,0,0,0,0,1,1,0,30000,0,0.283269961977,1,peripheral,1,none,0.03,0.1875,0.121332281665,0.0334297153025,0,1
100000008474308100,peripheral,0.5,12,0.48097179,"Колено 2; входящих связей 1, исходящих 1; вход 14,000 KZT. Пороги значимых ролей не достигнуты.",2,False,1,1,14000,10000,2,1,0.000442176241451,0,True,0.714285714286,True,False,False,7,0,True,1,1,0,0,1,0.416666666667,0.666666666667,7000,10000,0.198051948052,1,peripheral,0,directed_cycle,0.03,0.1875,0.118706077189,0.111432384342,0.0333333333333,1
100000008474391100,peripheral,0.5,30,0.4408219,"Колено 3; входящих связей 1, исходящих 0; вход 20,000 KZT. Пороги значимых ролей не достигнуты.",3,False,1,0,20000,0,1,0,0.000405037464716,0,True,0,True,False,False,7,0,False,0,0,0,0,1,1,0,20000,0,0.17237008872,1,peripheral,0,none,0.03,0.1875,0.116560329835,0.106761565836,0,1
100000008477350100,coordinator,0.632705,7,0.87596803,Связывает 14 узлов сбора/рассылки; достижим от 7 seed; betweenness=0.00252. Гипотеза структурной координации.,2,False,11,39,610100,3374866,14,44,0.00102728268344,0.00251719406826,True,5.53166038354,True,False,True,7,0,True,1,7,0.505163088018,1.62881245944,2,0.156159174256,0,43578.5714286,76701.5,0.969696969697,8,consolidator,14,unobserved_funding;fast_temporal_match;directed_cycle,0.3,0.1875,0.17887431619,0.142927046263,0.0666666666667,1
100000008478414100,peripheral,0.5,20,0.22042023,"Колено 2; входящих связей 1, исходящих 0; вход 10,000 KZT. Пороги значимых ролей не достигнуты.",2,False,1,0,10000,0,1,0,0.000287408133052,0,True,0,True,False,False,1,0,False,0,0,0,0,1,1,0,10000,0,0.0530303030303,1,peripheral,1,none,0.03,0.0625,0.10840287741,0.0195173487544,0,1
100000008486520100,peripheral,0.5,3,0.36699798,"Колено 1; входящих связей 1, исходящих 1; вход 35,720 KZT. Пороги значимых ролей не достигнуты.",1,False,1,1,35720,14000,2,1,0.000287852685074,1.92202445845e-05,True,0.391937290034,True,False,False,7,1,False,0,1,0,0,1,0.718423169751,0.333333333333,17860,14000,0.370762711864,1,peripheral,1,none,0.03,0.1875,0.127278226693,0.0222197508897,0,1
100000008488166100,peripheral,0.5,6,0.19895059,"Колено 3; входящих связей 1, исходящих 0; вход 5,600 KZT. Пороги значимых ролей не достигнуты.",3,False,1,0,5600,0,1,0,0.000284905031222,0,True,0,True,False,False,1,0,False,0,0,0,0,1,1,1,5600,0,0.0152091254753,1,peripheral,1,none,0.03,0.0625,0.101579590512,0.00487099644128,0,1
100000008489604100,peripheral,0.5,6,0.21069891,"Колено 3; входящих связей 1, исходящих 0; вход 11,000 KZT. Пороги значимых ролей не достигнуты.",3,False,1,0,11000,0,1,0,0.000285741675935,0,True,0,True,False,False,1,0,False,0,0,0,0,1,1,0,11000,0,0.0709759188847,1,peripheral,1,none,0.03,0.0625,0.109524529789,0.0086743772242,0,1
100000008489922100,distributor,0.933333,2,0.81524082,"Переводы 36 получателям; 41 операций; 3,789,900 KZT. Признаки веерного распределения.",3,False,3,36,262010,3789900,5,41,0.000582521118893,0.0008721882963,True,14.4647150872,True,False,True,8,0,True,1,4,0.889279035151,1,2,0.1734984242,0.130434782609,52402,92436.5853659,0.997465145754,3,distributor,6,unobserved_funding;fast_temporal_match;directed_cycle,0.24,0.19812031259,0.179070392325,0.131383451957,0.0666666666667,1
100000008490127100,peripheral,0.5,5,0.43945896,"Колено 3; входящих связей 1, исходящих 6; вход 431,755 KZT. Пороги значимых ролей не достигнуты.",3,False,1,6,431755,923000,2,9,0.000297914319423,0.000115321467507,True,2.13778647613,True,False,True,7,0,False,0,4,0,0,1,0.391214647667,0.0909090909091,215877.5,102555.555556,0.959442332066,1,peripheral,1,unobserved_funding,0.03,0.1875,0.166176042179,0.0557829181495,0,1
100000008491390100,peripheral,0.5,1,0.35118714,"Колено 3; входящих связей 1, исходящих 0; вход 36,000 KZT. Пороги значимых ролей не достигнуты.",3,False,1,0,36000,0,1,0,0.000286050766504,0,True,0,True,False,False,7,0,False,0,0,0,0,1,1,0,36000,0,0.320025348542,1,peripheral,1,none,0.03,0.1875,0.123478061711,0.0102090747331,0,1
100000008493007100,peripheral,0.5,6,0.2771945,"Колено 3; входящих связей 1, исходящих 1; вход 26,150 KZT. Пороги значимых ролей не достигнуты.",3,False,1,1,26150,26150,1,1,0.000288088929158,1.38702795971e-06,True,1,True,False,False,1,0,False,0,0,1,1,1,0.5,0,26150,26150,0.419518377693,1,peripheral,1,fast_temporal_match,0.03,0.0625,0.127873626773,0.023487544484,0.0333333333333,1
100000008497298100,terminal,1,2,0.46050497,"Колено 2; вход 600,000 KZT; исходящих связей 0, выход/вход=0.00. Получатель в видимой выборке.",2,False,1,0,600000,0,1,0,0.000340120012618,0,True,0,True,False,False,1,0,False,0,0,0,0,1,1,0,600000,0,0.850649350649,1,terminal,1,none,0.15,0.0625,0.156590374956,0.0914145907473,0,1
100000008501413100,peripheral,0.5,16,0.46899498,"Колено 3; входящих связей 1, исходящих 1; вход 5,000 KZT. Пороги значимых ролей не достигнуты.",3,False,1,1,5000,5100,1,1,0.000364554227896,2.12017130984e-05,True,1.02,True,False,False,8,0,False,0,0,1,2,1,0.50495049505,1,5000,5100,0.0659062103929,1,peripheral,0,fast_temporal_match,0.03,0.19812031259,0.108519976825,0.0990213523132,0.0333333333333,1
100000008502995100,peripheral,0.5,19,0.47427548,"Колено 3; входящих связей 1, исходящих 0; вход 25,000 KZT. Пороги значимых ролей не достигнуты.",3,False,1,0,25000,0,2,0,0.000721240859591,0,True,0,True,False,False,7,0,False,0,1,0,0,1,0.6,0,12500,0,0.229404309252,1,peripheral,0,none,0.03,0.1875,0.119186514696,0.137588967972,0,1
100000008503177100,peripheral,0.5,7,0.37705439,"Колено 3; входящих связей 1, исходящих 0; вход 33,951 KZT. Пороги значимых ролей не достигнуты.",3,False,1,0,33951,0,1,0,0.000290890611368,0,True,0,True,False,False,7,0,False,0,0,0,0,1,1,0,33951,0,0.307984790875,1,peripheral,1,none,0.03,0.1875,0.122788377514,0.0367660142349,0,1
100000008507703100,peripheral,0.5,6,0.23898483,"Колено 3; входящих связей 1, исходящих 0; вход 28,500 KZT. Пороги значимых ролей не достигнуты.",3,False,1,0,28500,0,1,0,0.000288453024542,0,True,0,True,False,False,1,0,False,0,0,0,0,1,1,0,28500,0,0.270595690748,1,peripheral,1,none,0.03,0.0625,0.120728602546,0.025756227758,0,1
100000008512552100,peripheral,0.5,13,0.56168779,"Колено 2; входящих связей 4, исходящих 6; вход 394,360 KZT. Пороги значимых ролей не достигнуты.",2,False,4,6,394360,1302275,9,11,0.000423350559225,0.000430729565648,True,3.30224921392,True,False,True,7,0,True,1,4,0.879551678669,1.09646543274,2,0.352462374052,0.05,43817.7777778,118388.636364,0.9329004329,1,peripheral,3,unobserved_funding;fast_temporal_match;directed_cycle,0.03,0.1875,0.168824501542,0.108696619217,0.0666666666667,1
100000008512827100,distributor,0.5,2,0.74063121,"Переводы 10 получателям; 10 операций; 1,944,500 KZT. Признаки веерного распределения.",2,False,3,10,107949,1944500,3,10,0.000333393040294,0.000137265445001,True,18.0131358327,True,False,True,9,0,False,0,0,0.90736366247,1,1,0.409267173021,0,35983,194450,0.950216450216,2,distributor,2,unobserved_funding;fast_temporal_match,0.24,0.20762050593,0.171065270605,0.0886120996441,0.0333333333333,1
100000008513251100,peripheral,0.25,0,0.01886077,Seed; 0 связей и 0 KZT в выгрузке. Данных для поведенческой роли недостаточно.,0,True,0,0,0,0,0,0,0.000284037399667,0,False,0,False,False,False,0,0,False,0,0,0,0,0,0,0,0,0,0.123456790123,0,peripheral,0,seed;no_observed_edges,0.03,0,0,0.00143460854093,0,0.6
100000008514970100,terminal,0.866629,18,0.43856894,"Колено 3; вход 379,966 KZT; исходящих связей 1, выход/вход=0.08. Получатель в видимой выборке.",3,False,1,1,379966,31000,1,1,0.00031091027649,7.92587405548e-07,True,0.0815862471905,True,False,False,1,0,False,0,0,0,0,1,1,0,379966,31000,0.826362484157,1,terminal,1,none,0.15,0.0625,0.152136554935,0.0739323843416,0,1
100000008516839100,terminal,0.616667,23,0.39008125,"Колено 0; вход 155,000 KZT; исходящих связей 0, выход/вход=0.00. Получатель в видимой выборке.",0,True,3,0,155000,0,4,0,0.00106267190935,0,True,0,False,False,False,10,1,False,0,1,0,0,2,0.541935483871,0,38750,0,0.592592592593,1,terminal,0,seed,0.15,0.216214476165,0.140660271509,0.143260676157,0,0.6
100000008517061100,peripheral,0.25,15,0.49493379,"4-е колено: исходящие не выгружены. Вход 1 плательщиков, 1,844,000 KZT. Роль за границей обхода не установлена.",4,False,1,0,1844000,0,4,0,0.000410793738044,0,True,0,True,True,False,7,0,False,0,1,0,0,1,1,0,461000,0,0.993243243243,1,peripheral,0,truncated_depth4,0.03,0.1875,0.169804790977,0.107629003559,0,1
100000008517538100,distributor,0.616667,2,0.70720756,"Переводы 17 получателям; 18 операций; 1,439,000 KZT. Признаки веерного распределения.",3,False,3,17,155500,1439000,6,18,0.000305396287909,0.000245805364718,True,9.2540192926,True,False,True,8,0,False,0,2,0.993569131833,1.81229773463,1,0.272812793979,0.0833333333333,25916.6666667,79944.4444444,0.968314321926,2,distributor,6,unobserved_funding;fast_temporal_match,0.24,0.19812031259,0.16809376888,0.0676601423488,0.0333333333333,1
100000008522127100,peripheral,0.5,2,0.10278597,"Колено 0; входящих связей 0, исходящих 1; вход 0 KZT. Пороги значимых ролей не достигнуты.",0,True,0,1,0,145000,0,3,0.000284037399667,0,False,0,False,False,True,0,0,False,0,1,0,0,0,0.413793103448,0,0,48333.3333333,0.58024691358,1,peripheral,0,seed;unobserved_funding,0.03,0,0.139875348272,0.00143460854093,0,0.6
100000008524903100,peripheral,0.25,1,0.41795221,"4-е колено: исходящие не выгружены. Вход 1 плательщиков, 15,000 KZT. Роль за границей обхода не установлена.",4,False,1,0,15000,0,1,0,0.000329938711201,0,True,0,True,True,False,7,0,False,0,0,0,0,1,1,0,15000,0,0.287162162162,1,peripheral,0,truncated_depth4,0.03,0.1875,0.113174633106,0.0872775800712,0,1
100000008525136100,peripheral,0.25,1,0.34576049,"4-е колено: исходящие не выгружены. Вход 1 плательщиков, 14,100 KZT. Роль за границей обхода не установлена.",4,False,1,0,14100,0,1,0,0.000286968657785,0,True,0,True,True,False,7,0,False,0,0,0,0,1,1,0,14100,0,0.268018018018,1,peripheral,1,truncated_depth4,0.03,0.1875,0.112446436594,0.0158140569395,0,1
100000008531133100,peripheral,0.5,3,0.48184037,"Колено 2; входящих связей 1, исходящих 3; вход 25,000 KZT. Пороги значимых ролей не достигнуты.",2,False,1,3,25000,158271.68,1,3,0.000529600483754,2.33483039884e-05,True,6.3308672,True,False,True,7,0,False,0,0,0,0,1,0.518356136638,0,25000,52757.2266667,0.65367965368,1,peripheral,0,unobserved_funding,0.03,0.1875,0.14263218599,0.121708185053,0,1
100000008531186100,terminal,0.583333,4,0.59336914,"Колено 2; вход 125,000 KZT; исходящих связей 0, выход/вход=0.00. Получатель в видимой выборке.",2,False,1,0,125000,0,1,0,0.000359840645058,0,True,0,True,False,False,9,0,False,0,0,0,0,1,1,0,125000,0,0.581168831169,1,terminal,1,none,0.15,0.20762050593,0.138128522348,0.0976201067616,0,1
100000008532050100,terminal,0.950173,5,0.54855655,"Колено 3; вход 455,156 KZT; исходящих связей 0, выход/вход=0.00. Получатель в видимой выборке.",3,False,1,0,455156,0,1,0,0.000298666444585,0,True,0,True,False,False,7,0,False,0,0,0,0,1,1,0,455156,0,0.842839036755,1,terminal,1,none,0.15,0.1875,0.153338574675,0.0577179715302,0,1
100000008536546100,terminal,0.722222,2,0.57301003,"Колено 3; вход 250,000 KZT; исходящих связей 0, выход/вход=0.00. Получатель в видимой выборке.",3,False,2,0,250000,0,2,0,0.000315510639763,0,True,0,True,False,False,8,0,False,0,0,0,0,2,1,0,125000,0,0.728136882129,1,terminal,2,none,0.15,0.19812031259,0.146286516129,0.078603202847,0,1
100000008537380100,peripheral,0.5,6,0.20474929,"Колено 3; входящих связей 1, исходящих 0; вход 8,000 KZT. Пороги значимых ролей не достигнуты.",3,False,1,0,8000,0,1,0,0.000285276873316,0,True,0,True,False,False,1,0,False,0,0,0,0,1,1,1,8000,0,0.0335868187579,1,peripheral,1,none,0.03,0.0625,0.105776869064,0.00647241992883,0,1
100000008545727100,peripheral,0.5,14,0.53123583,"Колено 2; входящих связей 1, исходящих 6; вход 30,000 KZT. Пороги значимых ролей не достигнуты.",2,False,1,6,30000,1866500,1,7,0.00033680610956,0.000134202031775,True,62.2166666667,True,False,True,9,0,True,1,1,0,0,1,0.643290271553,0,30000,266642.857143,0.941558441558,1,peripheral,0,unobserved_funding;directed_cycle,0.03,0.20762050593,0.170135197295,0.090146797153,0.0333333333333,1
100000008546855100,consolidator,0.55,11,0.80303261,"Вход от 6 плательщиков (seed: 0); 71,790 KZT; исходящих связей 2. Признаки консолидации.",2,False,6,2,71790,10000,8,2,0.00141409948408,5.8849614862e-05,True,0.139295166458,True,False,False,7,0,True,2,1,0.139295166458,1.5,5,0.627093776745,0.7,8973.75,5000,0.474025974026,2,consolidator,2,sync_inflow;directed_cycle,0.27,0.1875,0.133136408068,0.145729537367,0.0666666666667,1
100000008547295100,peripheral,0.5,21,0.33518976,"Колено 3; входящих связей 1, исходящих 0; вход 15,000 KZT. Пороги значимых ролей не достигнуты.",3,False,1,0,15000,0,1,0,0.000558802430201,0,True,0,True,False,False,1,0,False,0,0,0,0,1,1,0,15000,0,0.103929024081,1,peripheral,0,none,0.03,0.0625,0.113174633106,0.129515124555,0,1
100000008547844100,distributor,0.65,2,0.76885663,"Переводы 19 получателям; 21 операций; 2,042,199 KZT. Признаки веерного распределения.",2,False,3,19,177600,2042199,3,21,0.000342459731957,0.0017876098818,True,11.4988682432,True,False,True,8,0,True,1,2,1,1.38851351351,1,0.232453478896,0.0416666666667,59200,97247.5714286,0.952380952381,2,distributor,6,unobserved_funding;fast_temporal_match;directed_cycle,0.24,0.19812031259,0.171987803251,0.0920818505338,0.0666666666667,1
100000008547948100,consolidator,0.55,2,0.86013132,"Вход от 6 плательщиков (seed: 0); 212,665 KZT; исходящих связей 26. Признаки консолидации.",2,False,6,26,212665,5185600,7,31,0.000427668105137,0.00113221413743,True,24.3838901559,True,False,True,8,0,True,2,5,1,1.22100486681,4,0.218403505571,0.0526315789474,30380.7142857,167277.419355,0.984848484848,3,consolidator,8,unobserved_funding;fast_temporal_match;sync_inflow;directed_cycle,0.27,0.19812031259,0.182446953076,0.10956405694,0.1,1
100000008548853100,peripheral,0.5,6,0.21570564,"Колено 3; входящих связей 1, исходящих 0; вход 14,000 KZT. Пороги значимых ролей не достигнуты.",3,False,1,0,14000,0,1,0,0.000286206478553,0,True,0,True,False,False,1,0,False,0,0,0,0,1,1,0,14000,0,0.0899873257288,1,peripheral,1,none,0.03,0.0625,0.112362673055,0.0108429715302,0,1
100000008551752100,peripheral,0.25,35,0.46077461,"4-е колено: исходящие не выгружены. Вход 1 плательщиков, 406,000 KZT. Роль за границей обхода не установлена.",4,False,1,0,406000,0,2,0,0.000339659765265,0,True,0,True,True,False,7,0,False,0,1,0,0,1,0.756157635468,0,203000,0,0.927927927928,1,peripheral,0,truncated_depth4,0.03,0.1875,0.151993468841,0.09128113879,0,1
100000008554390100,peripheral,0.25,10,0.24363047,"4-е колено: исходящие не выгружены. Вход 1 плательщиков, 14,000 KZT. Роль за границей обхода не установлена.",4,False,1,0,14000,0,1,0,0.000291480094457,0,True,0,True,True,False,1,0,False,0,0,0,0,1,1,0,14000,0,0.262387387387,1,peripheral,1,truncated_depth4,0.03,0.0625,0.112362673055,0.0387677935943,0,1
100000008555233100,terminal,0.934,2,0.60839682,"Колено 3; вход 440,600 KZT; исходящих связей 0, выход/вход=0.00. Получатель в видимой выборке.",3,False,1,0,440600,0,1,0,0.000361356123593,0,True,0,True,False,False,9,0,False,0,0,0,0,1,1,0,440600,0,0.839036755387,1,terminal,0,none,0.15,0.20762050593,0.15295603191,0.0978202846975,0,1
100000008555918100,peripheral,0.5,4,0.46373098,"Колено 1; входящих связей 1, исходящих 2; вход 139,211 KZT. Пороги значимых ролей не достигнуты.",1,False,1,2,139211,43300,1,2,0.000311686941338,4.75552443329e-05,True,0.311038639188,True,False,False,10,1,False,0,0,0,0,1,0.762754025785,0,139211,21650,0.658898305085,1,peripheral,1,none,0.03,0.216214476165,0.142583234319,0.0749332740214,0,1
100000008556318100,terminal,0.644591,4,0.63802496,"Колено 1; вход 180,132 KZT; исходящих связей 0, выход/вход=0.00. Получатель в видимой выборке.",1,False,2,0,180132,0,2,0,0.0005571255425,0,True,0,True,False,False,10,1,False,0,0,0,0,1,0.647480736349,0,90066,0,0.654661016949,1,terminal,1,none,0.15,0.216214476165,0.142428812242,0.129381672598,0,1
100000008557672100,peripheral,0.5,20,0.28109116,"Колено 2; входящих связей 1, исходящих 0; вход 49,125 KZT. Пороги значимых ролей не достигнуты.",2,False,1,0,49125,0,1,0,0.000300596127422,0,True,0,True,False,False,1,0,False,0,0,0,0,1,1,0,49125,0,0.357142857143,1,peripheral,1,none,0.03,0.0625,0.127136533454,0.0614546263345,0,1
100000008560263100,peripheral,0.25,5,0.42773534,"4-е колено: исходящие не выгружены. Вход 1 плательщиков, 100,000 KZT. Роль за границей обхода не установлена.",4,False,1,0,100000,0,1,0,0.000311472631724,0,True,0,True,True,False,7,0,False,0,0,0,0,1,1,0,100000,0,0.728603603604,1,peripheral,0,truncated_depth4,0.03,0.1875,0.135502243335,0.0747330960854,0,1
100000008560717100,consolidator,0.6,5,0.69989535,"Вход от 7 плательщиков (seed: 1); 529,000 KZT; исходящих связей 1. Признаки консолидации.",1,False,7,1,529000,25000,9,1,0.000328946719344,1.92202445845e-05,True,0.047258979206,True,False,False,7,1,False,0,2,0,0,2,0.319494584838,0,58777.7777778,25000,0.858050847458,4,consolidator,7,none,0.27,0.1875,0.155651577596,0.086743772242,0,1
100000008561016100,transit,0.826389,2,0.5832009,"Вход 180,000 KZT; выход/вход=1.03; сопоставлено за 1–2 дня 44%. Признаки транзита.",3,False,1,1,180000,185000,2,4,0.000293248463059,2.23905942067e-05,True,1.02777777778,True,False,False,9,0,False,0,2,0.444444444444,1,1,0.630136986301,0.166666666667,90000,46250,0.80608365019,1,transit,1,none,0.18,0.20762050593,0.150740533559,0.0448398576512,0,1
100000008566737100,terminal,0.7,7,0.60526963,"Колено 1; вход 230,000 KZT; исходящих связей 0, выход/вход=0.00. Получатель в видимой выборке.",1,False,2,0,230000,0,2,0,0.000347468364624,0,True,0,True,False,False,10,1,False,0,0,0,0,2,1,0,115000,0,0.705508474576,2,terminal,1,none,0.15,0.216214476165,0.145305154949,0.09375,0,1
100000008568512100,terminal,0.666267,5,0.51596998,"Колено 3; вход 199,640 KZT; исходящих связей 0, выход/вход=0.00. Получатель в видимой выборке.",3,False,1,0,199640,0,1,0,0.000290453974484,0,True,0,True,False,False,7,0,False,0,0,0,0,1,1,0,199640,0,0.685678073511,1,terminal,1,none,0.15,0.1875,0.143639021146,0.0348309608541,0,1
100000008571243100,terminal,0.593333,14,0.56322657,"Колено 3; вход 134,000 KZT; исходящих связей 0, выход/вход=0.00. Получатель в видимой выборке.",3,False,1,0,134000,0,1,0,0.00030459042355,0,True,0,True,False,False,9,0,False,0,0,0,0,1,1,0,134000,0,0.600760456274,1,terminal,0,none,0.15,0.20762050593,0.138946807544,0.066659252669,0,1
100000008571433100,peripheral,0.5,41,0.24748736,"Колено 0; входящих связей 2, исходящих 2; вход 350,000 KZT. Пороги значимых ролей не достигнуты.",0,True,2,2,350000,1434000,2,3,0.001627674859,9.90734256935e-07,True,4.09714285714,False,False,True,0,0,True,1,1,1,1,1,0.484304932735,0,175000,478000,0.876543209877,1,peripheral,0,seed;unobserved_funding;fast_temporal_match;directed_cycle,0.03,0,0.169415464677,0.146396797153,0.0666666666667,0.6
100000008571443100,terminal,0.516667,17,0.5445336,"Колено 2; вход 65,000 KZT; исходящих связей 0, выход/вход=0.00. Получатель в видимой выборке.",2,False,2,0,65000,0,2,0,0.000313012360209,0,True,0,True,False,False,7,0,False,0,0,0,0,1,0.615384615385,0,32500,0,0.444805194805,2,terminal,2,none,0.15,0.1875,0.130432179138,0.0766014234875,0,1
100000008575624100,peripheral,0.5,40,0.09937875,"Колено 0; входящих связей 0, исходящих 3; вход 0 KZT. Пороги значимых ролей не достигнуты.",0,True,0,3,0,89500,0,5,0.000284037399667,0,False,0,False,False,True,0,0,False,0,1,0,0,0,0.435754189944,0.4,0,17900,0.481481481481,1,peripheral,0,seed;unobserved_funding,0.03,0,0.134196640919,0.00143460854093,0,0.6
100000008576243100,terminal,0.536578,1,0.62788174,"Колено 3; вход 82,920 KZT; исходящих связей 0, выход/вход=0.00. Получатель в видимой выборке.",3,False,2,0,82920,0,4,0,0.00163878220563,0,True,0,True,False,False,8,0,False,0,1,0,0,2,0.855282199711,0.5,20730,0,0.490494296578,1,terminal,2,none,0.15,0.19812031259,0.13329789985,0.146463523132,0,1
100000008576528100,peripheral,0.5,5,0.34309147,"Колено 3; входящих связей 1, исходящих 0; вход 28,000 KZT. Пороги значимых ролей не достигнуты.",3,False,1,0,28000,0,1,0,0.000284937340034,0,True,0,True,False,False,7,0,False,0,0,0,0,1,1,0,28000,0,0.265525982256,1,peripheral,1,none,0.03,0.1875,0.120520293595,0.00507117437722,0,1
100000008579978100,peripheral,0.5,5,0.393369,"Колено 3; входящих связей 1, исходящих 1; вход 34,000 KZT. Пороги значимых ролей не достигнуты.",3,False,1,1,34000,77000,1,6,0.000285130184399,1.92202445845e-05,True,2.26470588235,True,False,True,7,0,False,0,1,0.5,1,1,0.45045045045,0.428571428571,34000,12833.3333333,0.560836501901,1,peripheral,1,unobserved_funding;fast_temporal_match,0.03,0.1875,0.136730503665,0.00580516014235,0.0333333333333,1
100000008582730100,peripheral,0.5,11,0.50079537,"Колено 3; входящих связей 1, исходящих 1; вход 5,000 KZT. Пороги значимых ролей не достигнуты.",3,False,1,1,5000,5000,1,1,0.000885029759952,0,True,1,True,False,False,7,0,True,1,0,0,0,1,1,1,5000,5000,0.0551330798479,1,peripheral,1,directed_cycle,0.03,0.1875,0.10840287741,0.141559163701,0.0333333333333,1
100000008583360100,peripheral,0.5,14,0.45058177,"Колено 3; входящих связей 1, исходящих 1; вход 112,843 KZT. Пороги значимых ролей не достигнуты.",3,False,1,1,112843,170000,1,1,0.00032578854181,1.92202445845e-05,True,1.50651790541,True,False,True,7,0,False,0,0,0,0,1,0.601040153018,0,112843,170000,0.750316856781,1,peripheral,1,unobserved_funding,0.03,0.1875,0.147739240505,0.0853425266904,0,1
100000008583971100,peripheral,0.25,11,0.4311539,"4-е колено: исходящие не выгружены. Вход 2 плательщиков, 51,000 KZT. Роль за границей обхода не установлена.",4,False,2,0,51000,0,2,0,0.00032789549901,0,True,0,True,True,False,7,0,False,0,0,0,0,1,0.78431372549,0,25500,0,0.61036036036,2,peripheral,1,truncated_depth4,0.03,0.1875,0.127577383866,0.0860765124555,0,1
100000008586731100,peripheral,0.5,12,0.21305742,"Колено 1; входящих связей 1, исходящих 0; вход 12,000 KZT. Пороги значимых ролей не достигнуты.",1,False,1,0,12000,0,1,0,0.000286015870518,0,True,0,True,False,False,1,1,False,0,0,0,0,1,1,0,12000,0,0.0381355932203,1,peripheral,1,none,0.03,0.0625,0.110548526699,0.0100088967972,0,1
100000008587459100,peripheral,0.5,1,0.47055544,"Колено 2; входящих связей 2, исходящих 2; вход 181,507 KZT. Пороги значимых ролей не достигнуты.",2,False,2,2,181507,686500,2,4,0.000299120824385,1.77245782047e-05,True,3.78222327514,True,False,True,7,0,True,0,1,0,0,1,0.402070490215,0,90753.5,171625,0.880952380952,1,peripheral,4,unobserved_funding;directed_cycle,0.03,0.1875,0.160936517658,0.0587855871886,0.0333333333333,1
100000008588665100,peripheral,0.25,7,0.43137068,"4-е колено: исходящие не выгружены. Вход 1 плательщиков, 25,000 KZT. Роль за границей обхода не установлена.",4,False,1,0,25000,0,1,0,0.000350467179848,0,True,0,True,True,False,7,0,False,0,0,0,0,1,1,0,25000,0,0.433558558559,1,peripheral,0,truncated_depth4,0.03,0.1875,0.119186514696,0.0946841637011,0,1
100000008595687100,peripheral,0.5,3,0.44797534,"Колено 3; входящих связей 1, исходящих 1; вход 64,395 KZT. Пороги значимых ролей не достигнуты.",3,False,1,1,64395,10400,1,1,0.000303197915128,0.000301084140683,True,0.1615032223,True,False,False,7,0,True,0,0,0.1615032223,1,1,0.860953272278,0,64395,10400,0.479087452471,1,peripheral,2,directed_cycle,0.03,0.1875,0.132084175929,0.0650578291815,0.0333333333333,1
100000008596924100,terminal,0.555556,21,0.4557647,"Колено 3; вход 100,000 KZT; исходящих связей 0, выход/вход=0.00. Получатель в видимой выборке.",3,False,1,0,100000,0,1,0,0.000413633357921,0,True,0,True,False,False,1,0,False,0,0,0,0,1,1,0,100000,0,0.53865652725,1,terminal,0,none,0.15,0.0625,0.135502243335,0.107762455516,0,1
100000008598972100,terminal,0.577778,18,0.39271924,"Колено 3; вход 120,000 KZT; исходящих связей 0, выход/вход=0.00. Получатель в видимой выборке.",3,False,1,0,120000,0,1,0,0.000292524330652,0,True,0,True,False,False,1,0,False,0,0,0,0,1,1,0,120000,0,0.579847908745,1,terminal,1,none,0.15,0.0625,0.13764806915,0.0425711743772,0,1
100000008599354100,peripheral,0.5,7,0.4492332,"Колено 3; входящих связей 1, исходящих 1; вход 177,000 KZT. Пороги значимых ролей не достигнуты.",3,False,1,1,177000,38200,1,2,0.000329833201511,4.35923073052e-06,True,0.21581920904,True,False,False,7,0,False,0,1,0,0,1,0.82249070632,0.333333333333,177000,19100,0.697084917617,1,peripheral,1,none,0.03,0.1875,0.144522347268,0.0872108540925,0,1
100000008601794100,peripheral,0.5,43,0.22708236,"Колено 0; входящих связей 2, исходящих 1; вход 494,400 KZT. Пороги значимых ролей не достигнуты.",0,True,2,1,494400,871400,8,13,0.00244031526671,3.96293702774e-07,True,1.76254045307,False,False,True,0,0,True,1,2,0.0266990291262,1.37878787879,1,0.228437545761,0.142857142857,61800,67030.7692308,0.814814814815,1,peripheral,0,seed;unobserved_funding;directed_cycle,0.03,0,0.16627160758,0.148865658363,0.0333333333333,0.6
100000008603331100,peripheral,0.5,31,0.50247922,"Колено 2; входящих связей 2, исходящих 6; вход 39,500 KZT. Пороги значимых ролей не достигнуты.",2,False,2,6,39500,741774,3,6,0.000342319174325,0.00019576908917,True,18.7790886076,True,False,True,7,0,True,1,1,0.126582278481,2,1,0.426226906309,0.333333333333,13166.6666667,123629,0.874458874459,3,peripheral,1,unobserved_funding;directed_cycle,0.03,0.1875,0.159697491633,0.0919483985765,0.0333333333333,1
100000008603629100,coordinator,1,7,0.91719835,Связывает 19 узлов сбора/рассылки; достижим от 7 seed; betweenness=0.00576. Гипотеза структурной координации.,2,False,19,61,1817300,4986156,45,74,0.00118410025048,0.00576052874227,True,2.7437165025,True,False,True,7,0,True,7,21,0.928254553458,1.23239080524,4,0.127126566263,0.0168067226891,40384.4444444,67380.4864865,0.991341991342,12,consolidator,19,unobserved_funding;fast_temporal_match;sync_inflow;directed_cycle,0.3,0.1875,0.185169878144,0.144528469751,0.1,1
100000008612257100,peripheral,0.5,1,0.33657593,"Колено 3; входящих связей 1, исходящих 0; вход 9,500 KZT. Пороги значимых ролей не достигнуты.",3,False,1,0,9500,0,1,0,0.000286316070167,0,True,0,True,False,False,7,0,False,0,0,0,0,1,1,1,9500,0,0.04309252218,1,peripheral,1,none,0.03,0.1875,0.107799239582,0.0112766903915,0,1
100000008619159100,peripheral,0.25,3,0.46629501,"4-е колено: исходящие не выгружены. Вход 1 плательщиков, 446,400 KZT. Роль за границей обхода не установлена.",4,False,1,0,446400,0,2,0,0.00035459011279,0,True,0,True,True,False,7,0,False,0,1,0,0,1,1,0,223200,0,0.939189189189,1,peripheral,0,truncated_depth4,0.03,0.1875,0.153109953661,0.0956850533808,0,1
100000008619857100,peripheral,0.5,1,0.35079942,"Колено 3; входящих связей 1, исходящих 2; вход 29,000 KZT. Пороги значимых ролей не достигнуты.",3,False,1,2,29000,13000,1,2,0.000285659278508,1.75823270987e-06,True,0.448275862069,True,False,False,7,0,False,0,0,0,0,1,0.880952380952,0.666666666667,29000,6500,0.351077313054,1,peripheral,3,none,0.03,0.1875,0.125292301467,0.00800711743772,0,1
100000008620570100,peripheral,0.5,7,0.45332561,"Колено 3; входящих связей 2, исходящих 2; вход 145,000 KZT. Пороги значимых ролей не достигнуты.",3,False,2,2,145000,31800,2,2,0.000346564151223,3.30834475084e-05,True,0.219310344828,True,False,False,7,0,False,0,0,0,0,1,0.452488687783,0,72500,15900,0.665399239544,3,peripheral,3,none,0.03,0.1875,0.142209066686,0.0936165480427,0,1
100000008624978100,terminal,0.565556,2,0.57438326,"Колено 2; вход 109,000 KZT; исходящих связей 0, выход/вход=0.00. Получатель в видимой выборке.",2,False,1,0,109000,0,1,0,0.000336150197844,0,True,0,True,False,False,8,0,False,0,0,0,0,1,1,0,109000,0,0.554112554113,1,terminal,0,none,0.15,0.19812031259,0.136516507623,0.0897464412811,0,1
100000008625905100,peripheral,0.5,3,0.50366093,"Колено 3; входящих связей 1, исходящих 2; вход 197,800 KZT. Пороги значимых ролей не достигнуты.",3,False,1,2,197800,635000,1,2,0.000542044730656,3.96293702774e-05,True,3.21031344793,True,False,True,7,0,False,0,0,0,0,1,0.762487992315,0,197800,317500,0.923954372624,1,peripheral,0,unobserved_funding,0.03,0.1875,0.160449184538,0.125711743772,0,1
100000008628231100,peripheral,0.5,4,0.45101595,"Колено 1; входящих связей 1, исходящих 2; вход 50,000 KZT. Пороги значимых ролей не достигнуты.",1,False,1,2,50000,627870,1,19,0.000293968203149,4.75552443329e-05,True,12.5574,True,False,True,10,1,False,0,1,0.44,1,1,0.63323351085,0.4,50000,33045.7894737,0.885593220339,1,peripheral,1,unobserved_funding,0.03,0.216214476165,0.158026564168,0.046774911032,0,1
100000008628818100,peripheral,0.25,14,0.40639754,"4-е колено: исходящие не выгружены. Вход 1 плательщиков, 46,310 KZT. Роль за границей обхода не установлена.",4,False,1,0,46310,0,1,0,0.000301240928332,0,True,0,True,True,False,7,0,False,0,0,0,0,1,1,0,46310,0,0.576576576577,1,peripheral,1,truncated_depth4,0.03,0.1875,0.126442024219,0.0624555160142,0,1
100000008629504100,peripheral,0.25,11,0.3951146,"4-е колено: исходящие не выгружены. Вход 1 плательщиков, 20,000 KZT. Роль за границей обхода не установлена.",4,False,1,0,20000,0,1,0,0.000300370996057,0,True,0,True,True,False,7,0,False,0,0,0,0,1,1,0,20000,0,0.370495495495,1,peripheral,0,truncated_depth4,0.03,0.1875,0.116560329835,0.0610542704626,0,1
100000008629581100,terminal,0.504649,4,0.55374586,"Колено 2; вход 54,184 KZT; исходящих связей 0, выход/вход=0.00. Получатель в видимой выборке.",2,False,1,0,54184,0,1,0,0.000313597215625,0,True,0,True,False,False,8,0,False,0,0,0,0,1,1,0,54184,0,0.406926406926,1,terminal,0,none,0.15,0.19812031259,0.128290135511,0.0773354092527,0,1
100000008631800100,peripheral,0.25,10,0.2404865,"4-е колено: исходящие не выгружены. Вход 1 плательщиков, 12,850 KZT. Роль за границей обхода не установлена.",4,False,1,0,12850,0,1,0,0.000290868730242,0,True,0,True,True,False,1,0,False,0,0,0,0,1,1,0,12850,0,0.238738738739,1,peripheral,1,truncated_depth4,0.03,0.0625,0.111353937454,0.0366325622776,0,1
100000008632060100,peripheral,0.5,1,0.41299484,"Колено 3; входящих связей 1, исходящих 9; вход 6,000 KZT. Пороги значимых ролей не достигнуты.",3,False,1,9,6000,339200,1,12,0.000286475698128,0.000536543658122,True,56.5333333333,True,False,True,7,0,True,0,3,0,0,1,0.30764774044,0.0769230769231,6000,28266.6666667,0.788339670469,5,peripheral,9,unobserved_funding;directed_cycle,0.03,0.1875,0.150084106813,0.0120774021352,0.0333333333333,1
100000008633099100,peripheral,0.5,9,0.37423974,"Колено 3; входящих связей 1, исходящих 1; вход 19,468 KZT. Пороги значимых ролей не достигнуты.",3,False,1,1,19468,13500,1,1,0.000290383372967,1.92202445845e-05,True,0.693445654407,True,False,False,7,0,False,0,0,0,0,1,0.590512011648,0,19468,13500,0.304182509506,1,peripheral,1,none,0.03,0.1875,0.122442587263,0.0342971530249,0,1
100000008634520100,terminal,0.544444,2,0.53542967,"Колено 3; вход 90,000 KZT; исходящих связей 0, выход/вход=0.00. Получатель в видимой выборке.",3,False,1,0,90000,0,1,0,0.000296865812383,0,True,0,True,False,False,8,0,False,0,0,0,0,1,1,0,90000,0,0.513941698352,1,terminal,1,none,0.15,0.19812031259,0.134262208966,0.0530471530249,0,1
100000008636603100,coordinator,0.873343,3,0.78773247,Связывает 3 узлов сбора/рассылки; достижим от 7 seed; betweenness=0.00347. Гипотеза структурной координации.,2,False,2,6,35460,159375,2,7,0.000336807553088,0.00347456549167,True,4.49450084602,True,False,True,7,0,True,1,1,0.880146644106,1.27234860622,1,0.243590730618,0.111111111111,17730,22767.8571429,0.666666666667,5,peripheral,3,unobserved_funding;fast_temporal_match;directed_cycle,0.3,0.1875,0.143352284239,0.0902135231317,0.0666666666667,1
100000008637537100,peripheral,0.5,1,0.37173886,"Колено 0; входящих связей 3, исходящих 3; вход 619,890 KZT. Пороги значимых ролей не достигнуты.",0,True,3,3,619890,2351495,22,30,0.000822011053264,7.75353843868e-05,True,3.79340689477,False,False,True,9,2,True,2,3,0.734815854426,1.34469435023,2,0.210003079372,0.0961538461538,28176.8181818,78383.1666667,0.913580246914,1,peripheral,1,seed;unobserved_funding;fast_temporal_match;directed_cycle,0.03,0.20762050593,0.175419942709,0.139857651246,0.0666666666667,0.6
100000008638859100,peripheral,0.25,11,0.48500326,"4-е колено: исходящие не выгружены. Вход 1 плательщиков, 34,000 KZT. Роль за границей обхода не установлена.",4,False,1,0,34000,0,1,0,0.000536126352484,0,True,0,True,True,False,9,0,False,0,0,0,0,1,1,0,34000,0,0.503378378378,1,peripheral,0,truncated_depth4,0.03,0.20762050593,0.122805351269,0.124577402135,0,1
100000008647905100,peripheral,0.5,11,0.4882232,"Колено 2; входящих связей 1, исходящих 2; вход 50,000 KZT. Пороги значимых ролей не достигнуты.",2,False,1,2,50000,344222,1,2,0.000326895066575,3.84404891691e-05,True,6.88444,True,False,True,7,0,False,0,0,1,1,1,0.585456925286,0,50000,172111,0.787878787879,1,peripheral,0,unobserved_funding;fast_temporal_match,0.03,0.1875,0.151646985984,0.0857428825623,0.0333333333333,1
100000008648783100,peripheral,0.25,10,0.20808743,"4-е колено: исходящие не выгружены. Вход 1 плательщиков, 5,200 KZT. Роль за границей обхода не установлена.",4,False,1,0,5200,0,1,0,0.00028680182916,0,True,0,True,True,False,1,0,False,0,0,0,0,1,1,1,5200,0,0.0518018018018,1,peripheral,1,truncated_depth4,0.03,0.0625,0.10070753355,0.0148798932384,0,1
100000008649416100,peripheral,0.25,1,0.44005473,"4-е колено: исходящие не выгружены. Вход 1 плательщиков, 5,000 KZT. Роль за границей обхода не установлена.",4,False,1,0,5000,0,1,0,0.000530566235006,0,True,0,True,True,False,7,0,False,0,0,0,0,1,1,1,5000,0,0.0236486486486,1,peripheral,0,truncated_depth4,0.03,0.1875,0.100246013331,0.122308718861,0,1
100000008650785100,peripheral,0.5,3,0.32335479,"Колено 0; входящих связей 2, исходящих 2; вход 92,000 KZT. Пороги значимых ролей не достигнуты.",0,True,2,2,92000,120120,2,2,0.000608727765523,2.2423618682e-05,True,1.30565217391,False,False,True,8,1,False,0,0,0.614130434783,1,1,0.330096171978,0,46000,60060,0.641975308642,1,peripheral,0,seed;unobserved_funding;fast_temporal_match,0.03,0.19812031259,0.144352681825,0.133118327402,0.0333333333333,0.6
100000008652094100,peripheral,0.5,1,0.35045523,"Колено 3; входящих связей 1, исходящих 0; вход 35,000 KZT. Пороги значимых ролей не достигнуты.",3,False,1,0,35000,0,1,0,0.000285994839648,0,True,0,True,False,False,7,0,False,0,0,0,0,1,1,0,35000,0,0.314321926489,1,peripheral,1,none,0.03,0.1875,0.123146512081,0.00980871886121,0,1
100000008653041100,peripheral,0.5,6,0.23810926,"Колено 3; входящих связей 1, исходящих 0; вход 28,000 KZT. Пороги значимых ролей не достигнуты.",3,False,1,0,28000,0,1,0,0.000288375557439,0,True,0,True,False,False,1,0,False,0,0,0,0,1,1,0,28000,0,0.265525982256,1,peripheral,1,none,0.03,0.0625,0.120520293595,0.0250889679715,0,1
100000008654653100,peripheral,0.5,3,0.09581083,"Колено 0; входящих связей 0, исходящих 1; вход 0 KZT. Пороги значимых ролей не достигнуты.",0,True,0,1,0,54000,0,1,0.000284037399667,0,False,0,False,False,True,0,0,False,0,0,0,0,0,1,0,0,54000,0.407407407407,1,peripheral,0,seed;unobserved_funding,0.03,0,0.128250100718,0.00143460854093,0,0.6
100000008655035100,peripheral,0.5,9,0.37530347,"Колено 2; входящих связей 1, исходящих 0; вход 30,000 KZT. Пороги значимых ролей не достигнуты.",2,False,1,0,30000,0,1,0,0.000536933856651,0,True,0,True,False,False,2,0,False,0,0,0,0,1,1,0,30000,0,0.266233766234,1,peripheral,0,none,0.03,0.0990601562951,0.121332281665,0.124911032028,0,1
100000008655779100,peripheral,0.5,24,0.45438105,"Колено 3; входящих связей 1, исходящих 2; вход 47,000 KZT. Пороги значимых ролей не достигнуты.",3,False,1,2,47000,24704,1,2,0.000394450951571,5.92097746422e-05,True,0.525617021277,True,False,False,7,0,False,0,0,0,0,1,0.655472498048,0.333333333333,47000,12352,0.472750316857,2,peripheral,0,none,0.03,0.1875,0.131587454058,0.105293594306,0,1
100000008656043100,peripheral,0.5,20,0.25594381,"Колено 2; входящих связей 1, исходящих 0; вход 26,200 KZT. Пороги значимых ролей не достигнуты.",2,False,1,0,26200,0,1,0,0.000292868721137,0,True,0,True,False,False,1,0,False,0,0,0,0,1,1,0,26200,0,0.229437229437,1,peripheral,1,none,0.03,0.0625,0.11973829255,0.0437055160142,0,1
100000008659445100,peripheral,0.5,36,0.24517678,"Колено 0; входящих связей 3, исходящих 4; вход 138,490 KZT. Пороги значимых ролей не достигнуты.",0,True,3,4,138490,875150,7,18,0.00254664646492,9.90734256935e-07,True,6.31922882519,False,False,True,0,0,True,3,6,0.699689508268,1,2,0.166429896216,0.12,19784.2857143,48619.4444444,0.802469135802,1,peripheral,0,seed;unobserved_funding;fast_temporal_match;directed_cycle,0.03,0,0.162762014241,0.149199288256,0.0666666666667,0.6
100000008659950100,terminal,0.717778,2,0.57622322,"Колено 3; вход 246,000 KZT; исходящих связей 0, выход/вход=0.00. Получатель в видимой выборке.",3,False,1,0,246000,0,1,0,0.000319101727758,0,True,0,True,False,False,8,0,False,0,0,0,0,1,1,0,246000,0,0.725602027883,1,terminal,1,none,0.15,0.19812031259,0.146096681084,0.082006227758,0,1
100000008661550100,peripheral,0.5,6,0.23042002,"Колено 3; входящих связей 1, исходящих 0; вход 22,800 KZT. Пороги значимых ролей не достигнуты.",3,False,1,0,22800,0,1,0,0.000287569899567,0,True,0,True,False,False,1,0,False,0,0,0,0,1,1,0,22800,0,0.196451204056,1,peripheral,1,none,0.03,0.0625,0.118102403232,0.0198176156584,0,1
100000008661585100,peripheral,0.5,8,0.26221364,"Колено 1; входящих связей 1, исходящих 0; вход 43,141 KZT. Пороги значимых ролей не достигнуты.",1,False,1,0,43141,0,1,0,0.000293024018845,0,True,0,True,False,False,1,1,False,0,0,0,0,1,1,0,43141,0,0.332627118644,1,peripheral,1,none,0.03,0.0625,0.125607767865,0.0441058718861,0,1
100000008662216100,peripheral,0.5,6,0.23609283,"Колено 3; входящих связей 1, исходящих 0; вход 26,200 KZT. Пороги значимых ролей не достигнуты.",3,False,1,0,26200,0,1,0,0.000288096675868,0,True,0,True,False,False,1,0,False,0,0,0,0,1,1,0,26200,0,0.251584283904,1,peripheral,1,none,0.03,0.0625,0.11973829255,0.0238545373665,0,1
100000008662805100,peripheral,0.5,6,0.21974116,"Колено 3; входящих связей 1, исходящих 0; вход 16,500 KZT. Пороги значимых ролей не достигнуты.",3,False,1,0,16500,0,1,0,0.000286593814069,0,True,0,True,False,False,1,0,False,0,0,0,0,1,1,0,16500,0,0.130544993663,1,peripheral,1,none,0.03,0.0625,0.114296321144,0.0129448398577,0,1
100000008663007100,peripheral,0.5,8,0.22050992,"Колено 1; входящих связей 1, исходящих 0; вход 14,000 KZT. Пороги значимых ролей не достигнуты.",1,False,1,0,14000,0,1,0,0.000286953712884,0,True,0,True,False,False,1,1,False,0,0,0,0,1,1,0,14000,0,0.0582627118644,1,peripheral,1,none,0.03,0.0625,0.112362673055,0.0156472419929,0,1
100000008663723100,peripheral,0.5,6,0.21791335,"Колено 3; входящих связей 1, исходящих 0; вход 15,600 KZT. Пороги значимых ролей не достигнуты.",3,False,1,0,15600,0,1,0,0.000286454373283,0,True,0,True,False,False,1,0,False,0,0,0,0,1,1,0,15600,0,0.113434727503,1,peripheral,1,none,0.03,0.0625,0.113636213665,0.0117771352313,0,1
100000008664469100,peripheral,0.5,4,0.39395971,"Колено 1; входящих связей 1, исходящих 0; вход 25,000 KZT. Пороги значимых ролей не достигнуты.",1,False,1,0,25000,0,1,0,0.000289002801408,0,True,0,True,False,False,10,1,False,0,0,0,0,1,1,0,25000,0,0.193855932203,1,peripheral,1,none,0.03,0.216214476165,0.119186514696,0.0285587188612,0,1
100000008664774100,peripheral,0.5,6,0.21929737,"Колено 3; входящих связей 1, исходящих 0; вход 16,300 KZT. Пороги значимых ролей не достигнуты.",3,False,1,0,16300,0,1,0,0.000286562827227,0,True,0,True,False,False,1,0,False,0,0,0,0,1,1,0,16300,0,0.126108998733,1,peripheral,1,none,0.03,0.0625,0.114152796836,0.0126445729537,0,1
100000008665380100,peripheral,0.5,1,0.3806297,"Колено 1; входящих связей 2, исходящих 1; вход 69,100 KZT. Пороги значимых ролей не достигнуты.",1,False,2,1,69100,18200,2,1,0.000289204559197,1.92202445845e-05,True,0.263386396527,True,False,False,7,1,False,0,0,0.263386396527,1,1,0.676975945017,0,34550,18200,0.525423728814,1,peripheral,2,none,0.03,0.1875,0.133903721385,0.0292259786477,0,1
100000008666075100,peripheral,0.5,8,0.24293988,"Колено 1; входящих связей 1, исходящих 0; вход 26,217 KZT. Пороги значимых ролей не достигнуты.",1,False,1,0,26217,0,1,0,0.000289498612782,0,True,0,True,False,False,1,1,False,0,0,0,0,1,1,0,26217,0,0.216101694915,1,peripheral,1,none,0.03,0.0625,0.119745926523,0.0306939501779,0,1
100000008667058100,peripheral,0.5,8,0.22836352,"Колено 1; входящих связей 1, исходящих 0; вход 17,534 KZT. Пороги значимых ролей не достигнуты.",1,False,1,0,17534,0,1,0,0.000287689873663,0,True,0,True,False,False,1,1,False,0,0,0,0,1,1,0,17534,0,0.111228813559,1,peripheral,1,none,0.03,0.0625,0.115011650576,0.0208518683274,0,1
100000008667795100,peripheral,0.5,6,0.24496505,"Колено 3; входящих связей 1, исходящих 0; вход 34,000 KZT. Пороги значимых ролей не достигнуты.",3,False,1,0,34000,0,1,0,0.000289305162676,0,True,0,True,False,False,1,0,False,0,0,0,0,1,1,0,34000,0,0.31051964512,1,peripheral,1,none,0.03,0.0625,0.122805351269,0.0296596975089,0,1
100000008667799100,peripheral,0.5,6,0.24496505,"Колено 3; входящих связей 1, исходящих 0; вход 34,000 KZT. Пороги значимых ролей не достигнуты.",3,False,1,0,34000,0,1,0,0.000289305162676,0,True,0,True,False,False,1,0,False,0,0,0,0,1,1,0,34000,0,0.31051964512,1,peripheral,1,none,0.03,0.0625,0.122805351269,0.0296596975089,0,1
100000008668099100,peripheral,0.5,6,0.21818873,"Колено 3; входящих связей 1, исходящих 0; вход 15,700 KZT. Пороги значимых ролей не достигнуты.",3,False,1,0,15700,0,1,0,0.000286469866704,0,True,0,True,False,False,1,0,False,0,0,0,0,1,1,0,15700,0,0.116603295311,1,peripheral,1,none,0.03,0.0625,0.113711414005,0.0119773131673,0,1
100000008669037100,peripheral,0.25,0,0.01886077,Seed; 0 связей и 0 KZT в выгрузке. Данных для поведенческой роли недостаточно.,0,True,0,0,0,0,0,0,0.000284037399667,0,False,0,False,False,False,0,0,False,0,0,0,0,0,0,0,0,0,0.123456790123,0,peripheral,0,seed;no_observed_edges,0.03,0,0,0.00143460854093,0,0.6
100000008669310100,terminal,0.51063,1,0.48612196,"Колено 3; вход 59,567 KZT; исходящих связей 0, выход/вход=0.00. Получатель в видимой выборке.",3,False,1,0,59567,0,2,0,0.000287368794734,0,True,0,True,False,False,7,0,False,0,1,0,0,1,0.781758356137,0,29783.5,0,0.444866920152,1,terminal,1,none,0.15,0.1875,0.129404882804,0.0192170818505,0,1
100000008670667100,peripheral,0.5,8,0.22433587,"Колено 1; входящих связей 1, исходящих 0; вход 15,534 KZT. Пороги значимых ролей не достигнуты.",1,False,1,0,15534,0,1,0,0.000287273257489,0,True,0,True,False,False,1,1,False,0,0,0,0,1,1,0,15534,0,0.0794491525424,1,peripheral,1,none,0.03,0.0625,0.113586316925,0.0182495551601,0,1
100000008671026100,peripheral,0.5,8,0.23903359,"Колено 1; входящих связей 1, исходящих 0; вход 23,534 KZT. Пороги значимых ролей не достигнуты.",1,False,1,0,23534,0,1,0,0.000288939722185,0,True,0,True,False,False,1,1,False,0,0,0,0,1,1,0,23534,0,0.176906779661,1,peripheral,1,none,0.03,0.0625,0.11847531343,0.0280582740214,0,1
100000008671081100,peripheral,0.5,6,0.2487928,"Колено 3; входящих связей 1, исходящих 0; вход 37,200 KZT. Пороги значимых ролей не достигнуты.",3,False,1,0,37200,0,1,0,0.000289800952136,0,True,0,True,False,False,1,0,False,0,0,0,0,1,1,0,37200,0,0.328263624842,1,peripheral,1,none,0.03,0.0625,0.123863973119,0.0324288256228,0,1
100000008671129100,peripheral,0.5,6,0.23609283,"Колено 3; входящих связей 1, исходящих 0; вход 26,200 KZT. Пороги значимых ролей не достигнуты.",3,False,1,0,26200,0,1,0,0.000288096675868,0,True,0,True,False,False,1,0,False,0,0,0,0,1,1,0,26200,0,0.251584283904,1,peripheral,1,none,0.03,0.0625,0.11973829255,0.0238545373665,0,1
100000008671929100,terminal,0.527778,4,0.55658265,"Колено 1; вход 75,000 KZT; исходящих связей 0, выход/вход=0.00. Получатель в видимой выборке.",1,False,1,0,75000,0,2,0,0.00029893360489,0,True,0,True,False,False,10,1,False,0,1,0,0,1,0.666666666667,0,37500,0,0.477754237288,1,terminal,1,none,0.15,0.216214476165,0.13211638969,0.0582517793594,0,1
100000008672162100,peripheral,0.5,8,0.2245148,"Колено 1; входящих связей 1, исходящих 0; вход 15,550 KZT. Пороги значимых ролей не достигнуты.",1,False,1,0,15550,0,1,0,0.000287276590419,0,True,0,True,False,False,1,1,False,0,0,0,0,1,1,0,15550,0,0.0847457627119,1,peripheral,1,none,0.03,0.0625,0.113598432543,0.0184163701068,0,1
100000008672200100,peripheral,0.5,8,0.20794681,"Колено 1; входящих связей 1, исходящих 0; вход 8,511 KZT. Пороги значимых ролей не достигнуты.",1,False,1,0,8511,0,1,0,0.000285810309795,0,True,0,True,False,False,1,1,False,0,0,0,0,1,1,1,8511,0,0.010593220339,1,peripheral,1,none,0.03,0.0625,0.106505527532,0.00894128113879,0,1
100000008672480100,peripheral,0.5,20,0.22944648,"Колено 2; входящих связей 1, исходящих 0; вход 13,000 KZT. Пороги значимых ролей не достигнуты.",2,False,1,0,13000,0,1,0,0.000288419353068,0,True,0,True,False,False,1,0,False,0,0,0,0,1,1,0,13000,0,0.0919913419913,1,peripheral,1,none,0.03,0.0625,0.111490519117,0.0254559608541,0,1
100000008672493100,peripheral,0.5,6,0.21570564,"Колено 3; входящих связей 1, исходящих 0; вход 14,000 KZT. Пороги значимых ролей не достигнуты.",3,False,1,0,14000,0,1,0,0.000286206478553,0,True,0,True,False,False,1,0,False,0,0,0,0,1,1,0,14000,0,0.0899873257288,1,peripheral,1,none,0.03,0.0625,0.112362673055,0.0108429715302,0,1
100000008672603100,peripheral,0.5,4,0.39634506,"Колено 2; входящих связей 1, исходящих 0; вход 21,200 KZT. Пороги значимых ролей не достигнуты.",2,False,1,0,21200,0,1,0,0.000295602955889,0,True,0,True,False,False,8,0,False,0,0,0,0,1,1,0,21200,0,0.172077922078,1,peripheral,0,none,0.03,0.19812031259,0.117246096233,0.0509786476868,0,1
100000008672762100,peripheral,0.5,20,0.22944648,"Колено 2; входящих связей 1, исходящих 0; вход 13,000 KZT. Пороги значимых ролей не достигнуты.",2,False,1,0,13000,0,1,0,0.000288419353068,0,True,0,True,False,False,1,0,False,0,0,0,0,1,1,0,13000,0,0.0919913419913,1,peripheral,1,none,0.03,0.0625,0.111490519117,0.0254559608541,0,1
100000008673001100,terminal,0.533333,23,0.27512594,"Колено 0; вход 80,000 KZT; исходящих связей 0, выход/вход=0.00. Получатель в видимой выборке.",0,True,1,0,80000,0,1,0,0.00046625008549,0,True,0,False,False,False,1,1,False,0,0,0,0,1,1,0,80000,0,0.456790123457,1,terminal,0,seed,0.15,0.0625,0.132875970207,0.113167259786,0,0.6
100000008675322100,peripheral,0.25,5,0.44801045,"4-е колено: исходящие не выгружены. Вход 1 плательщиков, 340,000 KZT. Роль за границей обхода не установлена.",4,False,1,0,340000,0,4,0,0.000317600543913,0,True,0,True,True,False,7,0,False,0,1,0,0,1,0.352941176471,0,85000,0,0.908783783784,1,peripheral,0,truncated_depth4,0.03,0.1875,0.149905464855,0.0806049822064,0,1
100000008676812100,terminal,0.700889,11,0.59648036,"Колено 3; вход 230,800 KZT; исходящих связей 0, выход/вход=0.00. Получатель в видимой выборке.",3,False,1,0,230800,0,1,0,0.000470342398589,0,True,0,True,False,False,7,0,False,0,0,0,0,1,1,0,230800,0,0.709759188847,1,terminal,0,none,0.15,0.1875,0.145346021358,0.113634341637,0,1
100000008677215100,peripheral,0.5,30,0.38932043,"Колено 3; входящих связей 1, исходящих 0; вход 9,000 KZT. Пороги значимых ролей не достигнуты.",3,False,1,0,9000,0,1,0,0.000302937565887,0,True,0,True,False,False,7,0,False,0,0,0,0,1,1,1,9000,0,0.0392902408112,1,peripheral,0,none,0.03,0.1875,0.107162960722,0.0646574733096,0,1
100000008677368100,peripheral,0.25,9,0.45214375,"4-е колено: исходящие не выгружены. Вход 1 плательщиков, 13,500 KZT. Роль за границей обхода не установлена.",4,False,1,0,13500,0,1,0,0.000530863286248,0,True,0,True,True,False,7,0,False,0,0,0,0,1,1,0,13500,0,0.252252252252,1,peripheral,0,truncated_depth4,0.03,0.1875,0.111934672834,0.122709074733,0,1
100000008677518100,peripheral,0.5,6,0.25863569,"Колено 3; входящих связей 1, исходящих 0; вход 48,700 KZT. Пороги значимых ролей не достигнуты.",3,False,1,0,48700,0,1,0,0.000291582695506,0,True,0,True,False,False,1,0,False,0,0,0,0,1,1,0,48700,0,0.394169835234,1,peripheral,1,none,0.03,0.0625,0.127034269321,0.0391014234875,0,1
100000008679986100,peripheral,0.5,8,0.23124358,"Колено 1; входящих связей 1, исходящих 0; вход 19,000 KZT. Пороги значимых ролей не достигнуты.",1,False,1,0,19000,0,1,0,0.000287995253319,0,True,0,True,False,False,1,1,False,0,0,0,0,1,1,0,19000,0,0.130296610169,1,peripheral,1,none,0.03,0.0625,0.115956661039,0.0227869217082,0,1
100000008680061100,peripheral,0.25,13,0.41432492,"4-е колено: исходящие не выгружены. Вход 1 плательщиков, 41,300 KZT. Роль за границей обхода не установлена.",4,False,1,0,41300,0,2,0,0.000308956696759,0,True,0,True,True,False,7,0,False,0,1,0,0,1,0.634382566586,0,20650,0,0.545045045045,1,peripheral,1,truncated_depth4,0.03,0.1875,0.125094493744,0.0717304270463,0,1
100000008680451100,peripheral,0.5,8,0.23903359,"Колено 1; входящих связей 1, исходящих 0; вход 23,534 KZT. Пороги значимых ролей не достигнуты.",1,False,1,0,23534,0,1,0,0.000288939722185,0,True,0,True,False,False,1,1,False,0,0,0,0,1,1,0,23534,0,0.176906779661,1,peripheral,1,none,0.03,0.0625,0.11847531343,0.0280582740214,0,1
100000008680731100,distributor,0.783333,12,0.24511575,"Переводы 27 получателям; 28 операций; 1,464,354 KZT. Признаки веерного распределения.",0,True,0,27,0,1464354,0,28,0.000284037399667,0,False,0,False,False,True,0,0,False,0,1,0,0,0,0.27867578468,0.0357142857143,0,52298.3571429,0.83950617284,4,distributor,1,seed;unobserved_funding,0.24,0,0.167091637937,0.00143460854093,0,0.6
100000008680912100,peripheral,0.5,1,0.50401272,"Колено 3; входящих связей 1, исходящих 1; вход 45,112 KZT. Пороги значимых ролей не достигнуты.",3,False,1,1,45112,5990.85,2,1,0.000541487174693,0,True,0.132799476858,True,False,False,7,0,True,1,1,0.132799476858,1,1,0.764849709948,0.666666666667,22556,5990.85,0.411913814956,1,peripheral,1,directed_cycle,0.03,0.1875,0.12760109479,0.125578291815,0.0333333333333,1
100000008682426100,peripheral,0.5,15,0.36562172,"Колено 3; входящих связей 1, исходящих 0; вход 20,000 KZT. Пороги значимых ролей не достигнуты.",3,False,1,0,20000,0,1,0,0.000289671090311,0,True,0,True,False,False,7,0,False,0,0,0,0,1,1,0,20000,0,0.17237008872,1,peripheral,1,none,0.03,0.1875,0.116560329835,0.0315613879004,0,1
100000008683818100,peripheral,0.5,20,0.24031727,"Колено 2; входящих связей 1, исходящих 0; вход 17,400 KZT. Пороги значимых ролей не достигнуты.",2,False,1,0,17400,0,1,0,0.000289902475758,0,True,0,True,False,False,1,0,False,0,0,0,0,1,1,0,17400,0,0.134199134199,1,peripheral,1,none,0.03,0.0625,0.114921363797,0.0328959074733,0,1
100000008684452100,terminal,0.502,6,0.38136377,"Колено 3; вход 51,800 KZT; исходящих связей 0, выход/вход=0.00. Получатель в видимой выборке.",3,False,1,0,51800,0,1,0,0.000292062991545,0,True,0,True,False,False,1,0,False,0,0,0,0,1,1,0,51800,0,0.415716096324,1,terminal,1,none,0.15,0.0625,0.127760567892,0.041103202847,0,1
100000008684767100,peripheral,0.5,6,0.24171384,"Колено 3; входящих связей 1, исходящих 0; вход 31,100 KZT. Пороги значимых ролей не достигнуты.",3,False,1,0,31100,0,1,0,0.000288855853478,0,True,0,True,False,False,1,0,False,0,0,0,0,1,1,0,31100,0,0.293409378961,1,peripheral,1,none,0.03,0.0625,0.121756094978,0.0274577402135,0,1
100000008684951100,peripheral,0.5,6,0.22089741,"Колено 3; входящих связей 1, исходящих 0; вход 17,200 KZT. Пороги значимых ролей не достигнуты.",3,False,1,0,17200,0,1,0,0.000286702268013,0,True,0,True,False,False,1,0,False,0,0,0,0,1,1,0,17200,0,0.137515842839,1,peripheral,1,none,0.03,0.0625,0.11478530581,0.0136120996441,0,1
100000008686214100,peripheral,0.5,7,0.38866605,"Колено 3; входящих связей 1, исходящих 0; вход 25,000 KZT. Пороги значимых ролей не достигнуты.",3,False,1,0,25000,0,1,0,0.000296113794252,0,True,0,True,False,False,7,0,False,0,0,0,0,1,1,0,25000,0,0.229404309252,1,peripheral,1,none,0.03,0.1875,0.119186514696,0.0519795373665,0,1
100000008686234100,peripheral,0.5,1,0.38072019,"Колено 1; входящих связей 1, исходящих 0; вход 39,778 KZT. Пороги значимых ролей не достигнуты.",1,False,1,0,39778,0,1,0,0.000291443595102,0,True,0,True,False,False,7,1,False,0,0,0,0,1,1,0,39778,0,0.309322033898,1,peripheral,1,none,0.03,0.1875,0.124652575082,0.0385676156584,0,1
100000008686247100,peripheral,0.5,12,0.32139269,"Колено 3; входящих связей 1, исходящих 1; вход 22,000 KZT. Пороги значимых ролей не достигнуты.",3,False,1,1,22000,5000,2,1,0.000311929305526,0,True,0.227272727273,True,False,False,1,0,True,1,1,0,0,1,0.518518518519,0.666666666667,11000,5000,0.261089987326,1,peripheral,0,directed_cycle,0.03,0.0625,0.120092277808,0.0754670818505,0.0333333333333,1
100000008686313100,consolidator,0.55,11,0.7758623,"Вход от 6 плательщиков (seed: 1); 1,912,716 KZT; исходящих связей 7. Признаки консолидации.",1,False,6,7,1912716,333800,16,13,0.000464706531539,0.00198482602483,True,0.174516237643,True,False,False,7,1,True,3,8,0.103567387945,1.74759585048,2,0.181099533678,0.137931034483,119544.75,25676.9230769,0.976694915254,4,consolidator,7,directed_cycle,0.27,0.1875,0.172128613329,0.112900355872,0.0333333333333,1
100000008686494100,peripheral,0.5,6,0.21818873,"Колено 3; входящих связей 1, исходящих 0; вход 15,700 KZT. Пороги значимых ролей не достигнуты.",3,False,1,0,15700,0,1,0,0.000286469866704,0,True,0,True,False,False,1,0,False,0,0,0,0,1,1,0,15700,0,0.116603295311,1,peripheral,1,none,0.03,0.0625,0.113711414005,0.0119773131673,0,1
100000008687492100,peripheral,0.5,20,0.23443353,"Колено 2; входящих связей 1, исходящих 0; вход 15,000 KZT. Пороги значимых ролей не достигнуты.",2,False,1,0,15000,0,1,0,0.000289093499745,0,True,0,True,False,False,1,0,False,0,0,0,0,1,1,0,15000,0,0.108225108225,1,peripheral,1,none,0.03,0.0625,0.113174633106,0.0287588967972,0,1
100000008687617100,peripheral,0.5,6,0.25439685,"Колено 3; входящих связей 1, исходящих 0; вход 43,350 KZT. Пороги значимых ролей не достигнуты.",3,False,1,0,43350,0,2,0,0.000290753797503,0,True,0,True,False,False,1,0,False,0,1,0,0,1,0.603229527105,0,21675,0,0.357414448669,1,peripheral,1,none,0.03,0.0625,0.125664647471,0.0362322064057,0,1
100000008687671100,peripheral,0.5,8,0.25662754,"Колено 1; входящих связей 1, исходящих 0; вход 37,500 KZT. Пороги значимых ролей не достигнуты.",1,False,1,0,37500,0,1,0,0.000291848952927,0,True,0,True,False,False,1,1,False,0,0,0,0,1,1,0,37500,0,0.289194915254,1,peripheral,1,none,0.03,0.0625,0.123958505755,0.0401690391459,0,1
100000008687733100,peripheral,0.5,6,0.21660674,"Колено 3; входящих связей 1, исходящих 0; вход 14,650 KZT. Пороги значимых ролей не достигнуты.",3,False,1,0,14650,0,1,0,0.000286307185787,0,True,0,True,False,False,1,0,False,0,0,0,0,1,1,0,14650,0,0.0988593155894,1,peripheral,1,none,0.03,0.0625,0.112896773999,0.0112099644128,0,1
100000008687990100,peripheral,0.5,6,0.22183523,"Колено 3; входящих связей 1, исходящих 0; вход 17,600 KZT. Пороги значимых ролей не достигнуты.",3,False,1,0,17600,0,1,0,0.000286764241695,0,True,0,True,False,False,1,0,False,0,0,0,0,1,1,0,17600,0,0.145754119138,1,peripheral,1,none,0.03,0.0625,0.115055866891,0.0142793594306,0,1
100000008688109100,peripheral,0.5,6,0.21388368,"Колено 3; входящих связей 1, исходящих 0; вход 12,800 KZT. Пороги значимых ролей не достигнуты.",3,False,1,0,12800,0,1,0,0.000286020557506,0,True,0,True,False,False,1,0,False,0,0,0,0,1,1,0,12800,0,0.084917617237,1,peripheral,1,none,0.03,0.0625,0.111308055729,0.0100756227758,0,1
100000008688155100,peripheral,0.5,6,0.23206032,"Колено 3; входящих связей 1, исходящих 0; вход 23,600 KZT. Пороги значимых ролей не достигнуты.",3,False,1,0,23600,0,1,0,0.000287693846932,0,True,0,True,False,False,1,0,False,0,0,0,0,1,1,0,23600,0,0.207224334601,1,peripheral,1,none,0.03,0.0625,0.118508273028,0.0210520462633,0,1
100000008688476100,peripheral,0.5,20,0.25257618,"Колено 2; входящих связей 1, исходящих 0; вход 24,000 KZT. Пороги значимых ролей не достигнуты.",2,False,1,0,24000,0,1,0,0.000292127159792,0,True,0,True,False,False,1,0,False,0,0,0,0,1,1,0,24000,0,0.198051948052,1,peripheral,1,none,0.03,0.0625,0.118706077189,0.0413701067616,0,1
100000008688881100,peripheral,0.5,20,0.27678134,"Колено 2; входящих связей 1, исходящих 0; вход 44,211 KZT. Пороги значимых ролей не достигнуты.",2,False,1,0,44211,0,1,0,0.000298939749037,0,True,0,True,False,False,1,0,False,0,0,0,0,1,1,0,44211,0,0.333333333333,1,peripheral,1,none,0.03,0.0625,0.125896113322,0.0583852313167,0,1
100000008690762100,peripheral,0.5,6,0.23670433,"Колено 3; входящих связей 1, исходящих 0; вход 26,750 KZT. Пороги значимых ролей не достигнуты.",3,False,1,0,26750,0,1,0,0.000288181889682,0,True,0,True,False,False,1,0,False,0,0,0,0,1,1,0,26750,0,0.256020278834,1,peripheral,1,none,0.03,0.0625,0.119982796765,0.0242215302491,0,1
100000008690932100,peripheral,0.5,8,0.23799612,"Колено 1; входящих связей 1, исходящих 0; вход 23,000 KZT. Пороги значимых ролей не достигнуты.",1,False,1,0,23000,0,1,0,0.000288828485666,0,True,0,True,False,False,1,1,False,0,0,0,0,1,1,0,23000,0,0.167372881356,1,peripheral,1,none,0.03,0.0625,0.118205190358,0.0272909252669,0,1
100000008691027100,peripheral,0.5,8,0.22836352,"Колено 1; входящих связей 1, исходящих 0; вход 17,534 KZT. Пороги значимых ролей не достигнуты.",1,False,1,0,17534,0,1,0,0.000287689873663,0,True,0,True,False,False,1,1,False,0,0,0,0,1,1,0,17534,0,0.111228813559,1,peripheral,1,none,0.03,0.0625,0.115011650576,0.0208518683274,0,1
100000008691168100,peripheral,0.5,20,0.25257618,"Колено 2; входящих связей 1, исходящих 0; вход 24,000 KZT. Пороги значимых ролей не достигнуты.",2,False,1,0,24000,0,1,0,0.000292127159792,0,True,0,True,False,False,1,0,False,0,0,0,0,1,1,0,24000,0,0.198051948052,1,peripheral,1,none,0.03,0.0625,0.118706077189,0.0413701067616,0,1
100000008691330100,peripheral,0.5,8,0.23583499,"Колено 1; входящих связей 1, исходящих 0; вход 21,440 KZT. Пороги значимых ролей не достигнуты.",1,False,1,0,21440,0,1,0,0.000288503525051,0,True,0,True,False,False,1,1,False,0,0,0,0,1,1,0,21440,0,0.161016949153,1,peripheral,1,none,0.03,0.0625,0.117378581832,0.025956405694,0,1
100000008691495100,peripheral,0.5,8,0.24402021,"Колено 1; входящих связей 1, исходящих 0; вход 27,000 KZT. Пороги значимых ролей не достигнуты.",1,False,1,0,27000,0,1,0,0.000289661718014,0,True,0,True,False,False,1,1,False,0,0,0,0,1,1,0,27000,0,0.220338983051,1,peripheral,1,none,0.03,0.0625,0.120092277808,0.0314279359431,0,1
100000008692291100,transit,0.751563,2,0.59602542,"Вход 160,000 KZT; выход/вход=0.97; сопоставлено за 1–2 дня 13%. Признаки транзита.",3,False,3,3,160000,156000,3,3,0.00030628654956,6.41995798494e-05,True,0.975,True,False,False,8,0,False,0,0,0.13125,1,2,0.474683544304,0,53333.3333333,52000,0.776932826362,2,transit,3,none,0.18,0.19812031259,0.149043895256,0.0688612099644,0,1
100000008693069100,peripheral,0.5,8,0.23348204,"Колено 1; входящих связей 1, исходящих 0; вход 20,000 KZT. Пороги значимых ролей не достигнуты.",1,False,1,0,20000,0,1,0,0.000288203561406,0,True,0,True,False,False,1,1,False,0,0,0,0,1,1,0,20000,0,0.143008474576,1,peripheral,1,none,0.03,0.0625,0.116560329835,0.0244217081851,0,1
100000008695133100,peripheral,0.5,6,0.24827101,"Колено 3; входящих связей 1, исходящих 0; вход 36,610 KZT. Пороги значимых ролей не достигнуты.",3,False,1,0,36610,0,1,0,0.000289709540954,0,True,0,True,False,False,1,0,False,0,0,0,0,1,1,0,36610,0,0.321926489227,1,peripheral,1,none,0.03,0.0625,0.123675814248,0.0320951957295,0,1
100000008695157100,peripheral,0.25,18,0.48615007,"4-е колено: исходящие не выгружены. Вход 1 плательщиков, 425,546 KZT. Роль за границей обхода не установлена.",4,False,1,0,425546,0,3,0,0.000494567231255,0,True,0,True,True,False,7,0,False,0,1,0,0,1,0.512283043431,0,141848.666667,0,0.934684684685,1,peripheral,0,truncated_depth4,0.03,0.1875,0.152546871173,0.116103202847,0,1
100000008695495100,peripheral,0.5,8,0.23495705,"Колено 1; входящих связей 1, исходящих 0; вход 21,000 KZT. Пороги значимых ролей не достигнуты.",1,False,1,0,21000,0,1,0,0.000288411869493,0,True,0,True,False,False,1,1,False,0,0,0,0,1,1,0,21000,0,0.157838983051,1,peripheral,1,none,0.03,0.0625,0.117134540826,0.0253225088968,0,1
100000008695566100,peripheral,0.5,6,0.24456047,"Колено 3; входящих связей 1, исходящих 0; вход 33,700 KZT. Пороги значимых ролей не достигнуты.",3,False,1,0,33700,0,1,0,0.000289258682414,0,True,0,True,False,False,1,0,False,0,0,0,0,1,1,0,33700,0,0.306717363752,1,peripheral,1,none,0.03,0.0625,0.122701044376,0.029359430605,0,1
100000008695689100,peripheral,0.5,6,0.23609283,"Колено 3; входящих связей 1, исходящих 0; вход 26,200 KZT. Пороги значимых ролей не достигнуты.",3,False,1,0,26200,0,1,0,0.000288096675868,0,True,0,True,False,False,1,0,False,0,0,0,0,1,1,0,26200,0,0.251584283904,1,peripheral,1,none,0.03,0.0625,0.11973829255,0.0238545373665,0,1
100000008696692100,peripheral,0.5,20,0.24315417,"Колено 2; входящих связей 1, исходящих 0; вход 19,000 KZT. Пороги значимых ролей не достигнуты.",2,False,1,0,19000,0,1,0,0.000290441793099,0,True,0,True,False,False,1,0,False,0,0,0,0,1,1,0,19000,0,0.145021645022,1,peripheral,1,none,0.03,0.0625,0.115956661039,0.0346975088968,0,1
100000008696919100,peripheral,0.5,8,0.2505369,"Колено 1; входящих связей 1, исходящих 0; вход 31,945 KZT. Пороги значимых ролей не достигнуты.",1,False,1,0,31945,0,1,0,0.000290691801504,0,True,0,True,False,False,1,1,False,0,0,0,0,1,1,0,31945,0,0.260593220339,1,peripheral,1,none,0.03,0.0625,0.12207160176,0.0359653024911,0,1
100000008697670100,peripheral,0.5,6,0.23453697,"Колено 3; входящих связей 1, исходящих 0; вход 25,350 KZT. Пороги значимых ролей не достигнуты.",3,False,1,0,25350,0,1,0,0.000287964981793,0,True,0,True,False,False,1,0,False,0,0,0,0,1,1,0,25350,0,0.238276299113,1,peripheral,1,none,0.03,0.0625,0.119350139344,0.0226868327402,0,1
100000008699083100,peripheral,0.25,2,0.44077874,"4-е колено: исходящие не выгружены. Вход 1 плательщиков, 238,500 KZT. Роль за границей обхода не установлена.",4,False,1,0,238500,0,1,0,0.000304734280092,0,True,0,True,True,False,8,0,False,0,0,0,0,1,1,0,238500,0,0.858108108108,1,peripheral,1,truncated_depth4,0.03,0.19812031259,0.145732270659,0.0669261565836,0,1
100000008701222100,peripheral,0.25,0,0.01886077,Seed; 0 связей и 0 KZT в выгрузке. Данных для поведенческой роли недостаточно.,0,True,0,0,0,0,0,0,0.000284037399667,0,False,0,False,False,False,0,0,False,0,0,0,0,0,0,0,0,0,0.123456790123,0,peripheral,0,seed;no_observed_edges,0.03,0,0,0.00143460854093,0,0.6
100000008701256100,terminal,0.509167,1,0.53076541,"Колено 2; вход 58,250 KZT; исходящих связей 0, выход/вход=0.00. Получатель в видимой выборке.",2,False,1,0,58250,0,1,0,0.000302089212382,0,True,0,True,False,False,7,0,False,0,0,0,0,1,1,0,58250,0,0.417748917749,1,terminal,1,none,0.15,0.1875,0.129141747607,0.0641236654804,0,1
100000008701944100,terminal,0.50236,16,0.48425621,"Колено 1; вход 52,124 KZT; исходящих связей 0, выход/вход=0.00. Получатель в видимой выборке.",1,False,1,0,52124,0,1,0,0.000409084399913,0,True,0,True,False,False,2,1,False,0,0,0,0,1,1,0,52124,0,0.389830508475,1,terminal,0,none,0.15,0.0990601562951,0.127833953791,0.107362099644,0,1
100000008703533100,peripheral,0.25,2,0.40687816,"4-е колено: исходящие не выгружены. Вход 1 плательщиков, 75,000 KZT. Роль за границей обхода не установлена.",4,False,1,0,75000,0,1,0,0.000293929703119,0,True,0,True,True,False,8,0,False,0,0,0,0,1,1,0,75000,0,0.673423423423,1,peripheral,1,truncated_depth4,0.03,0.19812031259,0.13211638969,0.0466414590747,0,1
100000008706846100,peripheral,0.5,6,0.21597267,"Колено 3; входящих связей 1, исходящих 0; вход 14,200 KZT. Пороги значимых ролей не достигнуты.",3,False,1,0,14200,0,1,0,0.000286237465394,0,True,0,True,False,False,1,0,False,0,0,0,0,1,1,0,14200,0,0.0944233206591,1,peripheral,1,none,0.03,0.0625,0.112529608201,0.0109430604982,0,1
100000008706947100,peripheral,0.5,6,0.22089741,"Колено 3; входящих связей 1, исходящих 0; вход 17,200 KZT. Пороги значимых ролей не достигнуты.",3,False,1,0,17200,0,1,0,0.000286702268013,0,True,0,True,False,False,1,0,False,0,0,0,0,1,1,0,17200,0,0.137515842839,1,peripheral,1,none,0.03,0.0625,0.11478530581,0.0136120996441,0,1
100000008707810100,peripheral,0.5,6,0.23609283,"Колено 3; входящих связей 1, исходящих 0; вход 26,200 KZT. Пороги значимых ролей не достигнуты.",3,False,1,0,26200,0,1,0,0.000288096675868,0,True,0,True,False,False,1,0,False,0,0,0,0,1,1,0,26200,0,0.251584283904,1,peripheral,1,none,0.03,0.0625,0.11973829255,0.0238545373665,0,1
100000008708025100,peripheral,0.5,24,0.39586507,"Колено 3; входящих связей 1, исходящих 0; вход 10,000 KZT. Пороги значимых ролей не достигнуты.",3,False,1,0,10000,0,1,0,0.000307529644753,0,True,0,True,False,False,7,0,False,0,0,0,0,1,1,0,10000,0,0.0551330798479,1,peripheral,0,none,0.03,0.1875,0.10840287741,0.0699621886121,0,1
100000008708061100,peripheral,0.5,6,0.20640258,"Колено 3; входящих связей 1, исходящих 0; вход 8,650 KZT. Пороги значимых ролей не достигнуты.",3,False,1,0,8650,0,1,0,0.00028537758055,0,True,0,True,False,False,1,0,False,0,0,0,0,1,1,1,8650,0,0.0380228136882,1,peripheral,1,none,0.03,0.0625,0.106696170813,0.00720640569395,0,1
100000008708207100,terminal,0.961111,2,0.60809704,"Колено 3; вход 465,000 KZT; исходящих связей 0, выход/вход=0.00. Получатель в видимой выборке.",3,False,2,0,465000,0,2,0,0.000357750567135,0,True,0,True,False,False,9,0,False,0,0,0,0,2,1,0,232500,0,0.850443599493,1,terminal,1,none,0.15,0.20762050593,0.153590409728,0.0968861209964,0,1
100000008708368100,peripheral,0.5,8,0.23930506,"Колено 1; входящих связей 1, исходящих 0; вход 23,677 KZT. Пороги значимых ролей не достигнуты.",1,False,1,0,23677,0,1,0,0.000288969510241,0,True,0,True,False,False,1,1,False,0,0,0,0,1,1,0,23677,0,0.181144067797,1,peripheral,1,none,0.03,0.0625,0.118546609597,0.0282584519573,0,1
100000008708595100,peripheral,0.5,6,0.22089741,"Колено 3; входящих связей 1, исходящих 0; вход 17,200 KZT. Пороги значимых ролей не достигнуты.",3,False,1,0,17200,0,1,0,0.000286702268013,0,True,0,True,False,False,1,0,False,0,0,0,0,1,1,0,17200,0,0.137515842839,1,peripheral,1,none,0.03,0.0625,0.11478530581,0.0136120996441,0,1
100000008708743100,peripheral,0.5,6,0.21770875,"Колено 3; входящих связей 1, исходящих 0; вход 15,550 KZT. Пороги значимых ролей не достигнуты.",3,False,1,0,15550,0,1,0,0.000286446626573,0,True,0,True,False,False,1,0,False,0,0,0,0,1,1,0,15550,0,0.111533586819,1,peripheral,1,none,0.03,0.0625,0.113598432543,0.0116103202847,0,1
100000008710791100,distributor,0.716667,2,0.75239235,"Переводы 23 получателям; 25 операций; 5,521,511 KZT. Признаки веерного распределения.",2,False,3,23,181510,5521511,3,25,0.00033241165815,0.00031460850776,True,30.4198721834,True,False,True,9,0,False,0,2,0.933887940058,1,1,0.222408439317,0,60503.3333333,220860.44,0.987012987013,2,distributor,5,unobserved_funding;fast_temporal_match,0.24,0.20762050593,0.183093318982,0.0883451957295,0.0333333333333,1
100000008710843100,distributor,0.55,2,0.68036192,"Переводы 13 получателям; 14 операций; 1,985,500 KZT. Признаки веерного распределения.",2,False,2,13,33944,1985500,3,14,0.000291294296756,0.00123575007912,True,58.4934008956,True,False,True,8,0,True,0,2,0,0,1,0.342668576103,0.0588235294118,11314.6666667,141821.428571,0.948051948052,3,distributor,5,unobserved_funding;directed_cycle,0.24,0.19812031259,0.170874468532,0.0380338078292,0.0333333333333,1
100000008710913100,peripheral,0.25,2,0.35322765,"4-е колено: исходящие не выгружены. Вход 1 плательщиков, 14,000 KZT. Роль за границей обхода не установлена.",4,False,1,0,14000,0,1,0,0.000286562914689,0,True,0,True,True,False,8,0,False,0,0,0,0,1,1,0,14000,0,0.262387387387,1,peripheral,1,truncated_depth4,0.03,0.19812031259,0.112362673055,0.0127446619217,0,1
100000008712036100,peripheral,0.5,6,0.22825109,"Колено 3; входящих связей 1, исходящих 0; вход 21,000 KZT. Пороги значимых ролей не достигнуты.",3,False,1,0,21000,0,1,0,0.000287291017996,0,True,0,True,False,False,1,0,False,0,0,0,0,1,1,0,21000,0,0.185044359949,1,peripheral,1,none,0.03,0.0625,0.117134540826,0.0186165480427,0,1
100000008712184100,peripheral,0.5,6,0.22283369,"Колено 3; входящих связей 1, исходящих 0; вход 18,000 KZT. Пороги значимых ролей не достигнуты.",3,False,1,0,18000,0,1,0,0.000286826215378,0,True,0,True,False,False,1,0,False,0,0,0,0,1,1,0,18000,0,0.151457541191,1,peripheral,1,none,0.03,0.0625,0.115320347771,0.0150133451957,0,1
100000008712827100,terminal,0.528889,6,0.39628473,"Колено 3; вход 76,000 KZT; исходящих связей 0, выход/вход=0.00. Получатель в видимой выборке.",3,False,1,0,76000,0,1,0,0.000295812399334,0,True,0,True,False,False,1,0,False,0,0,0,0,1,1,0,76000,0,0.481622306717,1,terminal,1,none,0.15,0.0625,0.132272278183,0.051512455516,0,1
100000008712991100,terminal,0.517889,6,0.39083876,"Колено 3; вход 66,100 KZT; исходящих связей 0, выход/вход=0.00. Получатель в видимой выборке.",3,False,1,0,66100,0,1,0,0.000294278550693,0,True,0,True,False,False,1,0,False,0,0,0,0,1,1,0,66100,0,0.458808618504,1,terminal,1,none,0.15,0.0625,0.130629686811,0.0477090747331,0,1
100000008713270100,peripheral,0.5,21,0.3024436,"Колено 2; входящих связей 1, исходящих 3; вход 30,000 KZT. Пороги значимых ролей не достигнуты.",2,False,1,3,30000,190000,1,3,0.00028968506026,1.18888110832e-06,True,6.33333333333,True,False,True,1,0,False,0,0,1,2,1,0.681818181818,0,30000,63333.3333333,0.699134199134,1,peripheral,1,unobserved_funding;fast_temporal_match,0.03,0.0625,0.144781979362,0.0318282918149,0.0333333333333,1
100000008713685100,peripheral,0.5,6,0.25954217,"Колено 3; входящих связей 1, исходящих 0; вход 49,700 KZT. Пороги значимых ролей не достигнуты.",3,False,1,0,49700,0,1,0,0.000291737629712,0,True,0,True,False,False,1,0,False,0,0,0,0,1,1,0,49700,0,0.395437262357,1,peripheral,1,none,0.03,0.0625,0.127273491497,0.039768683274,0,1
100000008714412100,terminal,0.632222,14,0.57209657,"Колено 3; вход 169,000 KZT; исходящих связей 0, выход/вход=0.00. Получатель в видимой выборке.",3,False,1,0,169000,0,1,0,0.000309958750684,0,True,0,True,False,False,9,0,False,0,0,0,0,1,1,0,169000,0,0.656527249683,1,terminal,0,none,0.15,0.20762050593,0.141678021859,0.0727980427046,0,1
100000008715513100,peripheral,0.25,10,0.27736329,"4-е колено: исходящие не выгружены. Вход 1 плательщиков, 32,500 KZT. Роль за границей обхода не установлена.",4,False,1,0,32500,0,1,0,0.000301315084,0,True,0,True,True,False,1,0,False,0,0,0,0,1,1,0,32500,0,0.496621621622,1,peripheral,1,truncated_depth4,0.03,0.0625,0.122274319346,0.0625889679715,0,1
100000008715887100,peripheral,0.5,6,0.22283369,"Колено 3; входящих связей 1, исходящих 0; вход 18,000 KZT. Пороги значимых ролей не достигнуты.",3,False,1,0,18000,0,1,0,0.000286826215378,0,True,0,True,False,False,1,0,False,0,0,0,0,1,1,0,18000,0,0.151457541191,1,peripheral,1,none,0.03,0.0625,0.115320347771,0.0150133451957,0,1
100000008716072100,peripheral,0.5,6,0.21255455,"Колено 3; входящих связей 1, исходящих 0; вход 12,100 KZT. Пороги значимых ролей не достигнуты.",3,False,1,0,12100,0,1,0,0.000285912103562,0,True,0,True,False,False,1,0,False,0,0,0,0,1,1,0,12100,0,0.0785804816223,1,peripheral,1,none,0.03,0.0625,0.110646191893,0.00940836298932,0,1
100000008716222100,peripheral,0.5,8,0.22963974,"Колено 1; входящих связей 1, исходящих 0; вход 18,000 KZT. Пороги значимых ролей не достигнуты.",1,False,1,0,18000,0,1,0,0.000287786945232,0,True,0,True,False,False,1,1,False,0,0,0,0,1,1,0,18000,0,0.120762711864,1,peripheral,1,none,0.03,0.0625,0.115320347771,0.0218193950178,0,1
100000008716439100,peripheral,0.5,8,0.21618562,"Колено 1; входящих связей 1, исходящих 0; вход 12,267 KZT. Пороги значимых ролей не достигнуты.",1,False,1,0,12267,0,1,0,0.000286592714969,0,True,0,True,False,False,1,1,False,0,0,0,0,1,1,0,12267,0,0.0402542372881,1,peripheral,1,none,0.03,0.0625,0.110807507347,0.012878113879,0,1
100000008716773100,peripheral,0.5,8,0.22504425,"Колено 1; входящих связей 1, исходящих 0; вход 15,677 KZT. Пороги значимых ролей не достигнуты.",1,False,1,0,15677,0,1,0,0.000287303045546,0,True,0,True,False,False,1,1,False,0,0,0,0,1,1,0,15677,0,0.0900423728814,1,peripheral,1,none,0.03,0.0625,0.113694160425,0.018850088968,0,1
100000008717340100,peripheral,0.5,8,0.26062288,"Колено 1; входящих связей 1, исходящих 0; вход 41,500 KZT. Пороги значимых ролей не достигнуты.",1,False,1,0,41500,0,1,0,0.000292682185274,0,True,0,True,False,False,1,1,False,0,0,0,0,1,1,0,41500,0,0.323093220339,1,peripheral,1,none,0.03,0.0625,0.125151350283,0.0429715302491,0,1
100000008717341100,peripheral,0.5,8,0.2218596,"Колено 1; входящих связей 1, исходящих 0; вход 14,627 KZT. Пороги значимых ролей не достигнуты.",1,False,1,0,14627,0,1,0,0.000287084322055,0,True,0,True,False,False,1,1,False,0,0,0,0,1,1,0,14627,0,0.0635593220339,1,peripheral,1,none,0.03,0.0625,0.112878282927,0.016481316726,0,1
100000008717375100,peripheral,0.5,4,0.41011127,"Колено 2; входящих связей 1, исходящих 0; вход 29,506 KZT. Пороги значимых ролей не достигнуты.",2,False,1,0,29506,0,1,0,0.000300134253529,0,True,0,True,False,False,8,0,False,0,0,0,0,1,1,0,29506,0,0.253246753247,1,peripheral,0,none,0.03,0.19812031259,0.121136869327,0.0608540925267,0,1
100000008717802100,peripheral,0.5,6,0.23570336,"Колено 3; входящих связей 1, исходящих 0; вход 26,150 KZT. Пороги значимых ролей не достигнуты.",3,False,1,0,26150,0,1,0,0.000288088929158,0,True,0,True,False,False,1,0,False,0,0,0,0,1,1,0,26150,0,0.245247148289,1,peripheral,1,none,0.03,0.0625,0.119715810947,0.023487544484,0,1
100000008718089100,peripheral,0.5,8,0.22433587,"Колено 1; входящих связей 1, исходящих 0; вход 15,534 KZT. Пороги значимых ролей не достигнуты.",1,False,1,0,15534,0,1,0,0.000287273257489,0,True,0,True,False,False,1,1,False,0,0,0,0,1,1,0,15534,0,0.0794491525424,1,peripheral,1,none,0.03,0.0625,0.113586316925,0.0182495551601,0,1
100000008718811100,terminal,0.525889,6,0.39472466,"Колено 3; вход 73,300 KZT; исходящих связей 0, выход/вход=0.00. Получатель в видимой выборке.",3,False,1,0,73300,0,1,0,0.000295394076977,0,True,0,True,False,False,1,0,False,0,0,0,0,1,1,0,73300,0,0.476552598226,1,terminal,1,none,0.15,0.0625,0.131846546571,0.050378113879,0,1
100000008720668100,peripheral,0.5,6,0.21867839,"Колено 3; входящих связей 1, исходящих 0; вход 16,000 KZT. Пороги значимых ролей не достигнуты.",3,False,1,0,16000,0,1,0,0.000286516346965,0,True,0,True,False,False,1,0,False,0,0,0,0,1,1,0,16000,0,0.122306717364,1,peripheral,1,none,0.03,0.0625,0.113934174394,0.0122442170819,0,1
100000008720798100,peripheral,0.5,8,0.22433587,"Колено 1; входящих связей 1, исходящих 0; вход 15,534 KZT. Пороги значимых ролей не достигнуты.",1,False,1,0,15534,0,1,0,0.000287273257489,0,True,0,True,False,False,1,1,False,0,0,0,0,1,1,0,15534,0,0.0794491525424,1,peripheral,1,none,0.03,0.0625,0.113586316925,0.0182495551601,0,1
100000008720856100,peripheral,0.5,1,0.42830725,"Колено 3; входящих связей 1, исходящих 1; вход 18,105 KZT. Пороги значимых ролей не достигнуты.",3,False,1,1,18105,46000,1,2,0.000317558956602,1.96165382873e-05,True,2.5407346037,True,False,True,7,0,False,0,1,0,0,1,0.389985180563,0,18105,23000,0.455006337136,1,peripheral,1,unobserved_funding,0.03,0.1875,0.130268997754,0.0805382562278,0,1
100000008721637100,peripheral,0.5,9,0.38568048,"Колено 3; входящих связей 1, исходящих 2; вход 24,041 KZT. Пороги значимых ролей не достигнуты.",3,False,1,2,24041,127000,1,2,0.000288890218804,7.33145040172e-05,True,5.28264215299,True,False,True,7,0,False,0,0,0,0,1,0.76138267093,0,24041,63500,0.631178707224,2,peripheral,3,unobserved_funding,0.03,0.1875,0.140355750199,0.0278247330961,0,1
100000008722328100,peripheral,0.5,8,0.23930506,"Колено 1; входящих связей 1, исходящих 0; вход 23,677 KZT. Пороги значимых ролей не достигнуты.",1,False,1,0,23677,0,1,0,0.000288969510241,0,True,0,True,False,False,1,1,False,0,0,0,0,1,1,0,23677,0,0.181144067797,1,peripheral,1,none,0.03,0.0625,0.118546609597,0.0282584519573,0,1
100000008722417100,peripheral,0.5,5,0.42940804,"Колено 3; входящих связей 1, исходящих 3; вход 331,900 KZT. Пороги значимых ролей не достигнуты.",3,False,1,3,331900,720000,1,6,0.000294704907089,5.76607337536e-05,True,2.16932811088,True,False,True,7,0,False,0,1,0,0,1,0.562696073771,0,331900,120000,0.945500633714,1,peripheral,1,unobserved_funding,0.03,0.1875,0.163198079033,0.0487099644128,0,1
100000008722541100,peripheral,0.25,5,0.46727781,"4-е колено: исходящие не выгружены. Вход 1 плательщиков, 280,000 KZT. Роль за границей обхода не установлена.",4,False,1,0,280000,0,4,0,0.000381453751754,0,True,0,True,True,False,7,0,False,0,1,0,0,1,0.357142857143,0,70000,0,0.886261261261,1,peripheral,0,truncated_depth4,0.03,0.1875,0.147620340423,0.10215747331,0,1
100000008723830100,transit,0.983846,3,0.65326841,"Вход 459,785 KZT; выход/вход=0.99; сопоставлено за 1–2 дня 99%. Признаки транзита.",1,False,2,1,459785,455000,2,1,0.000338335615393,1.96165382873e-05,True,0.989592961928,True,False,False,7,1,False,0,0,0.987418032341,1,1,0.497384631361,0.333333333333,229892.5,455000,0.915254237288,1,transit,1,fast_temporal_match,0.18,0.1875,0.161554293031,0.0908807829181,0.0333333333333,1
100000008724279100,peripheral,0.5,3,0.3343399,"Колено 1; входящих связей 1, исходящих 0; вход 11,750 KZT. Пороги значимых ролей не достигнуты.",1,False,1,0,11750,0,1,0,0.000285292427762,0,True,0,True,False,False,7,1,False,0,0,0,0,1,1,0,11750,0,0.0338983050847,1,peripheral,1,none,0.03,0.1875,0.110300758095,0.00653914590747,0,1
100000008724461100,peripheral,0.5,2,0.41189041,"Колено 3; входящих связей 1, исходящих 1; вход 100,111 KZT. Пороги значимых ролей не достигнуты.",3,False,1,1,100111,130000,1,1,0.000289160337263,2.23905942067e-05,True,1.29855859995,True,False,True,9,0,False,0,0,0,0,1,1,0,100111,130000,0.707224334601,1,peripheral,1,unobserved_funding,0.03,0.20762050593,0.145310833649,0.0289590747331,0,1
100000008727982100,peripheral,0.25,21,0.33167036,"4-е колено: исходящие не выгружены. Вход 1 плательщиков, 30,000 KZT. Роль за границей обхода не установлена.",4,False,1,0,30000,0,2,0,0.00051269996342,0,True,0,True,True,False,1,0,False,0,1,0,0,1,1,0,15000,0,0.470720720721,1,peripheral,0,truncated_depth4,0.03,0.0625,0.121332281665,0.117838078292,0,1
100000008728457100,peripheral,0.5,16,0.39072372,"Колено 1; входящих связей 1, исходящих 0; вход 45,000 KZT. Пороги значимых ролей не достигнуты.",1,False,1,0,45000,0,1,0,0.000290824441139,0,True,0,True,False,False,8,1,False,0,0,0,0,1,1,0,45000,0,0.347457627119,1,peripheral,1,none,0.03,0.19812031259,0.126104298878,0.0364991103203,0,1
100000008729597100,terminal,0.536767,7,0.53261026,"Колено 3; вход 83,090 KZT; исходящих связей 0, выход/вход=0.00. Получатель в видимой выборке.",3,False,1,0,83090,0,1,0,0.00030080961139,0,True,0,True,False,False,7,0,False,0,0,0,0,1,1,0,83090,0,0.491761723701,1,terminal,1,none,0.15,0.1875,0.133322004454,0.0617882562278,0,1
100000008729801100,peripheral,0.5,8,0.22836352,"Колено 1; входящих связей 1, исходящих 0; вход 17,534 KZT. Пороги значимых ролей не достигнуты.",1,False,1,0,17534,0,1,0,0.000287689873663,0,True,0,True,False,False,1,1,False,0,0,0,0,1,1,0,17534,0,0.111228813559,1,peripheral,1,none,0.03,0.0625,0.115011650576,0.0208518683274,0,1
100000008730021100,terminal,0.528394,16,0.4942304,"Колено 1; вход 75,555 KZT; исходящих связей 0, выход/вход=0.00. Получатель в видимой выборке.",1,False,1,0,75555,0,3,0,0.000465296054098,0,True,0,True,False,False,2,1,False,0,1,0,0,1,0.867646085633,0.333333333333,25185,0,0.483050847458,1,terminal,0,none,0.15,0.0990601562951,0.132203162649,0.112967081851,0,1
100000008730238100,peripheral,0.25,2,0.49470957,"4-е колено: исходящие не выгружены. Вход 1 плательщиков, 113,000 KZT. Роль за границей обхода не установлена.",4,False,1,0,113000,0,1,0,0.000559843657135,0,True,0,True,True,False,8,0,False,0,0,0,0,1,1,0,113000,0,0.768018018018,1,peripheral,0,truncated_depth4,0.03,0.19812031259,0.136940678179,0.129648576512,0,1
100000008730371100,terminal,1,11,0.63286433,"Колено 3; вход 520,000 KZT; исходящих связей 0, выход/вход=0.00. Получатель в видимой выборке.",3,False,2,0,520000,0,3,0,0.000852487702989,0,True,0,True,False,False,7,0,False,0,1,0,0,1,0.769230769231,0,173333.333333,0,0.871989860583,1,terminal,1,none,0.15,0.1875,0.15490614328,0.140458185053,0,1
100000008730846100,consolidator,0.6,1,0.81283328,"Вход от 7 плательщиков (seed: 0); 155,042 KZT; исходящих связей 3. Признаки консолидации.",2,False,7,3,155042,363370,11,4,0.000532845490293,0.000140912605142,True,2.34368751693,True,False,True,8,0,False,0,4,1,1.38210291405,4,0.464881214169,0.2,14094.7272727,90842.5,0.833333333333,3,consolidator,4,unobserved_funding;fast_temporal_match;sync_inflow,0.27,0.19812031259,0.154870145915,0.123176156584,0.0666666666667,1
100000008731444100,peripheral,0.5,7,0.51151012,"Колено 2; входящих связей 3, исходящих 9; вход 439,000 KZT. Пороги значимых ролей не достигнуты.",2,False,3,9,439000,879767.8,5,9,0.000351372278684,0.0001241168559,True,2.00402687927,True,False,True,7,0,False,0,1,0.808582687927,1.39721912804,1,0.242650753226,0,87800,97751.9777778,0.906926406926,4,peripheral,3,unobserved_funding;fast_temporal_match,0.03,0.1875,0.165859172646,0.0948176156584,0.0333333333333,1
100000008732098100,peripheral,0.5,8,0.22504425,"Колено 1; входящих связей 1, исходящих 0; вход 15,677 KZT. Пороги значимых ролей не достигнуты.",1,False,1,0,15677,0,1,0,0.000287303045546,0,True,0,True,False,False,1,1,False,0,0,0,0,1,1,0,15677,0,0.0900423728814,1,peripheral,1,none,0.03,0.0625,0.113694160425,0.018850088968,0,1
100000008732488100,peripheral,0.5,7,0.43253658,"Колено 3; входящих связей 1, исходящих 1; вход 137,000 KZT. Пороги значимых ролей не достигнуты.",3,False,1,1,137000,10000,1,1,0.000311691666198,1.92202445845e-05,True,0.0729927007299,True,False,False,7,0,False,0,0,0,0,1,1,0,137000,10000,0.615335868188,1,peripheral,1,none,0.03,0.1875,0.140036576608,0.075,0,1
100000008733049100,peripheral,0.5,3,0.34341845,"Колено 2; входящих связей 1, исходящих 0; вход 10,000 KZT. Пороги значимых ролей не достигнуты.",2,False,1,0,10000,0,1,0,0.000287194253594,0,True,0,True,False,False,7,0,False,0,0,0,0,1,1,0,10000,0,0.0530303030303,1,peripheral,1,none,0.03,0.1875,0.10840287741,0.017515569395,0,1
100000008733194100,peripheral,0.5,22,0.51640843,"Колено 2; входящих связей 4, исходящих 8; вход 251,424 KZT. Пороги значимых ролей не достигнуты.",2,False,4,8,251424,159695,4,8,0.000467906474193,0.000200453610982,True,0.635162116584,True,False,False,7,0,True,1,0,0.171025836833,2,2,0.430444713088,0.0833333333333,62856,19961.875,0.794372294372,3,peripheral,3,directed_cycle,0.03,0.1875,0.152140935842,0.113434163701,0.0333333333333,1
100000008734279100,peripheral,0.25,18,0.39951579,"4-е колено: исходящие не выгружены. Вход 1 плательщиков, 31,650 KZT. Роль за границей обхода не установлена.",4,False,1,0,31650,0,1,0,0.000299695563931,0,True,0,True,True,False,7,0,False,0,0,0,0,1,1,0,31650,0,0.493243243243,1,peripheral,0,truncated_depth4,0.03,0.1875,0.121962412754,0.0600533807829,0,1
100000008734364100,peripheral,0.5,20,0.25594381,"Колено 2; входящих связей 1, исходящих 0; вход 26,200 KZT. Пороги значимых ролей не достигнуты.",2,False,1,0,26200,0,1,0,0.000292868721137,0,True,0,True,False,False,1,0,False,0,0,0,0,1,1,0,26200,0,0.229437229437,1,peripheral,1,none,0.03,0.0625,0.11973829255,0.0437055160142,0,1
100000008735384100,peripheral,0.5,8,0.25875677,"Колено 1; входящих связей 1, исходящих 0; вход 39,220 KZT. Пороги значимых ролей не достигнуты.",1,False,1,0,39220,0,1,0,0.000292207242836,0,True,0,True,False,False,1,1,False,0,0,0,0,1,1,0,39220,0,0.305084745763,1,peripheral,1,none,0.03,0.0625,0.124486308587,0.0417704626335,0,1
100000008735802100,peripheral,0.25,1,0.46826031,"4-е колено: исходящие не выгружены. Вход 1 плательщиков, 85,000 KZT. Роль за границей обхода не установлена.",4,False,1,0,85000,0,2,0,0.000505713970752,0,True,0,True,True,False,7,0,False,0,1,0,0,1,0.529411764706,0,42500,0,0.693693693694,1,peripheral,0,truncated_depth4,0.03,0.1875,0.133589486986,0.117170818505,0,1
100000008735832100,peripheral,0.5,6,0.22183523,"Колено 3; входящих связей 1, исходящих 0; вход 17,600 KZT. Пороги значимых ролей не достигнуты.",3,False,1,0,17600,0,1,0,0.000286764241695,0,True,0,True,False,False,1,0,False,0,0,0,0,1,1,0,17600,0,0.145754119138,1,peripheral,1,none,0.03,0.0625,0.115055866891,0.0142793594306,0,1
100000008736173100,peripheral,0.5,8,0.24927209,"Колено 1; входящих связей 1, исходящих 0; вход 31,060 KZT. Пороги значимых ролей не достигнуты.",1,False,1,0,31060,0,1,0,0.000290507448847,0,True,0,True,False,False,1,1,False,0,0,0,0,1,1,0,31060,0,0.252118644068,1,peripheral,1,none,0.03,0.0625,0.121740948018,0.03503113879,0,1
100000008736394100,peripheral,0.5,20,0.23662768,"Колено 2; входящих связей 1, исходящих 0; вход 16,000 KZT. Пороги значимых ролей не достигнуты.",2,False,1,0,16000,0,1,0,0.000289430573084,0,True,0,True,False,False,1,0,False,0,0,0,0,1,1,0,16000,0,0.121212121212,1,peripheral,1,none,0.03,0.0625,0.113934174394,0.0301935053381,0,1
100000008736760100,terminal,0.505286,8,0.39162569,"Колено 1; вход 54,757 KZT; исходящих связей 0, выход/вход=0.00. Получатель в видимой выборке.",1,False,1,0,54757,0,1,0,0.000295443725583,0,True,0,True,False,False,1,1,False,0,0,0,0,1,1,0,54757,0,0.41313559322,1,terminal,1,none,0.15,0.0625,0.128413943795,0.0507117437722,0,1
100000008736940100,peripheral,0.5,36,0.43218995,"Колено 1; входящих связей 3, исходящих 3; вход 451,090 KZT. Пороги значимых ролей не достигнуты.",1,False,3,3,451090,182100,13,6,0.00253830913905,7.92587405548e-07,True,0.403688842581,True,False,False,1,1,True,3,6,0.205036688909,1.07016974808,2,0.285064514601,0.105263157895,34699.2307692,30350,0.879237288136,1,peripheral,0,directed_cycle,0.03,0.0625,0.157224057668,0.149132562278,0.0333333333333,1
100000008737422100,terminal,0.529892,8,0.40556521,"Колено 1; вход 76,903 KZT; исходящих связей 0, выход/вход=0.00. Получатель в видимой выборке.",1,False,1,0,76903,0,1,0,0.000300056916476,0,True,0,True,False,False,1,1,False,0,0,0,0,1,1,0,76903,0,0.487288135593,1,terminal,1,none,0.15,0.0625,0.132411293138,0.0606539145907,0,1
100000008737514100,terminal,0.538889,3,0.54495515,"Колено 2; вход 85,000 KZT; исходящих связей 0, выход/вход=0.00. Получатель в видимой выборке.",2,False,1,0,85000,0,1,0,0.000310870658044,0,True,0,True,False,False,7,0,False,0,0,0,0,1,1,0,85000,0,0.49025974026,1,terminal,1,none,0.15,0.1875,0.133589486986,0.073865658363,0,1
100000008737958100,terminal,0.503748,20,0.39672919,"Колено 1; вход 53,373 KZT; исходящих связей 0, выход/вход=0.00. Получатель в видимой выборке.",1,False,2,0,53373,0,2,0,0.000297988262726,0,True,0,True,False,False,1,1,False,0,0,0,0,1,0.587806568864,0,26686.5,0,0.404661016949,2,terminal,2,none,0.15,0.0625,0.128112645981,0.0561165480427,0,1
100000008738325100,peripheral,0.5,23,0.20732366,"Колено 0; входящих связей 1, исходящих 1; вход 36,550 KZT. Пороги значимых ролей не достигнуты.",0,True,1,1,36550,54000,1,1,0.000525469208382,1.98146851387e-07,True,1.47742818057,False,False,True,1,1,False,0,0,0,0,1,0.596355604638,0,36550,54000,0.493827160494,1,peripheral,0,seed;unobserved_funding,0.03,0.0625,0.134333914411,0.118705516014,0,0.6
100000008738526100,peripheral,0.5,2,0.37812222,"Колено 3; входящих связей 1, исходящих 1; вход 15,000 KZT. Пороги значимых ролей не достигнуты.",3,False,1,1,15000,140000,1,1,0.000285907962537,2.13998599498e-05,True,9.33333333333,True,False,True,8,0,False,0,0,0,0,1,0.903225806452,0,15000,140000,0.640050697085,1,peripheral,1,unobserved_funding,0.03,0.19812031259,0.140660271509,0.00934163701068,0,1
100000008738658100,peripheral,0.5,6,0.24049125,"Колено 3; входящих связей 1, исходящих 0; вход 29,920 KZT. Пороги значимых ролей не достигнуты.",3,False,1,0,29920,0,1,0,0.000288673031115,0,True,0,True,False,False,1,0,False,0,0,0,0,1,1,0,29920,0,0.277566539924,1,peripheral,1,none,0.03,0.0625,0.121300855285,0.0266903914591,0,1
100000008739887100,peripheral,0.5,7,0.46030687,"Колено 3; входящих связей 2, исходящих 2; вход 214,000 KZT. Пороги значимых ролей не достигнуты.",3,False,2,2,214000,307000,3,2,0.000331386624132,3.84404891691e-05,True,1.43457943925,True,False,True,7,0,False,0,1,0.341121495327,2,1,0.479846449136,0,71333.3333333,153500,0.873257287706,1,peripheral,2,unobserved_funding,0.03,0.1875,0.15492875528,0.087878113879,0,1
100000008740295100,peripheral,0.25,2,0.46076085,"4-е колено: исходящие не выгружены. Вход 1 плательщиков, 300,000 KZT. Роль за границей обхода не установлена.",4,False,1,0,300000,0,1,0,0.000323231810662,0,True,0,True,True,False,8,0,False,0,0,0,0,1,1,0,300000,0,0.896396396396,1,peripheral,1,truncated_depth4,0.03,0.19812031259,0.148432353713,0.0842081850534,0,1
100000008740793100,peripheral,0.5,6,0.22825109,"Колено 3; входящих связей 1, исходящих 0; вход 21,000 KZT. Пороги значимых ролей не достигнуты.",3,False,1,0,21000,0,1,0,0.000287291017996,0,True,0,True,False,False,1,0,False,0,0,0,0,1,1,0,21000,0,0.185044359949,1,peripheral,1,none,0.03,0.0625,0.117134540826,0.0186165480427,0,1
100000008741372100,peripheral,0.5,8,0.25480441,"Колено 1; входящих связей 1, исходящих 0; вход 35,975 KZT. Пороги значимых ролей не достигнуты.",1,False,1,0,35975,0,1,0,0.000291531283094,0,True,0,True,False,False,1,1,False,0,0,0,0,1,1,0,35975,0,0.281779661017,1,peripheral,1,none,0.03,0.0625,0.12346988579,0.038834519573,0,1
100000008742053100,distributor,0.533333,2,0.61697385,"Переводы 12 получателям; 12 операций; 2,789,000 KZT. Признаки веерного распределения.",3,False,1,12,10000,2789000,1,12,0.000284738413919,0.000121073033589,True,278.9,True,False,True,8,0,False,0,0,0,0,1,0.24687388353,0,10000,232416.666667,0.991128010139,1,distributor,3,unobserved_funding,0.24,0.19812031259,0.174716523555,0.00413701067616,0,1
100000008742266100,peripheral,0.5,20,0.24740144,"Колено 2; входящих связей 1, исходящих 0; вход 21,000 KZT. Пороги значимых ролей не достигнуты.",2,False,1,0,21000,0,1,0,0.000291115939776,0,True,0,True,False,False,1,0,False,0,0,0,0,1,1,0,21000,0,0.167748917749,1,peripheral,1,none,0.03,0.0625,0.117134540826,0.0377669039146,0,1
100000008743913100,distributor,0.55,2,0.73905815,"Переводы 13 получателям; 13 операций; 1,850,600 KZT. Признаки веерного распределения.",2,False,3,13,149300,1850600,3,13,0.000330269698038,0.000306065078038,True,12.395177495,True,False,True,9,0,False,0,0,0.663094440723,1,2,0.435171758588,0.3125,49766.6666667,142353.846154,0.945887445887,1,distributor,3,unobserved_funding;fast_temporal_match,0.24,0.20762050593,0.170760009019,0.0873443060498,0.0333333333333,1
100000008744364100,peripheral,0.5,6,0.23247708,"Колено 3; входящих связей 1, исходящих 0; вход 23,700 KZT. Пороги значимых ролей не достигнуты.",3,False,1,0,23700,0,1,0,0.000287709340353,0,True,0,True,False,False,1,0,False,0,0,0,0,1,1,0,23700,0,0.212927756654,1,peripheral,1,none,0.03,0.0625,0.118558036601,0.0214190391459,0,1
100000008744799100,peripheral,0.5,6,0.21329799,"Колено 3; входящих связей 1, исходящих 0; вход 12,600 KZT. Пороги значимых ролей не достигнуты.",3,False,1,0,12600,0,1,0,0.000285989570665,0,True,0,True,False,False,1,0,False,0,0,0,0,1,1,0,12600,0,0.0836501901141,1,peripheral,1,none,0.03,0.0625,0.111122719011,0.00967526690391,0,1
100000008744849100,peripheral,0.5,8,0.26349828,"Колено 1; входящих связей 1, исходящих 0; вход 44,445 KZT. Пороги значимых ролей не достигнуты.",1,False,1,0,44445,0,1,0,0.00029329565259,0,True,0,True,False,False,1,1,False,0,0,0,0,1,1,0,44445,0,0.341101694915,1,peripheral,1,none,0.03,0.0625,0.125958241604,0.0450400355872,0,1
100000008745474100,peripheral,0.5,8,0.25988586,"Колено 1; входящих связей 1, исходящих 0; вход 40,559 KZT. Пороги значимых ролей не достигнуты.",1,False,1,0,40559,0,1,0,0.000292486167365,0,True,0,True,False,False,1,1,False,0,0,0,0,1,1,0,40559,0,0.319915254237,1,peripheral,1,none,0.03,0.0625,0.124881413377,0.0425044483986,0,1
100000008745489100,terminal,0.506154,8,0.39212621,"Колено 1; вход 55,539 KZT; исходящих связей 0, выход/вход=0.00. Получатель в видимой выборке.",1,False,1,0,55539,0,1,0,0.000295606622507,0,True,0,True,False,False,1,1,False,0,0,0,0,1,1,0,55539,0,0.415254237288,1,terminal,1,none,0.15,0.0625,0.128580836289,0.0510453736655,0,1
100000008745643100,peripheral,0.5,8,0.23399843,"Колено 1; входящих связей 1, исходящих 0; вход 20,313 KZT. Пороги значимых ролей не достигнуты.",1,False,1,0,20313,0,1,0,0.000288268761837,0,True,0,True,False,False,1,1,False,0,0,0,0,1,1,0,20313,0,0.150423728814,1,peripheral,1,none,0.03,0.0625,0.116743088009,0.0247553380783,0,1
100000008745676100,peripheral,0.25,6,0.33526632,"4-е колено: исходящие не выгружены. Вход 1 плательщиков, 34,547 KZT. Роль за границей обхода не установлена.",4,False,1,0,34547,0,1,0,0.000527191108595,0,True,0,True,True,False,1,0,False,0,0,0,0,1,1,0,34547,0,0.506756756757,1,peripheral,0,truncated_depth4,0.03,0.0625,0.122993190297,0.119773131673,0,1
100000008745725100,peripheral,0.5,8,0.2654723,"Колено 1; входящих связей 1, исходящих 0; вход 47,060 KZT. Пороги значимых ролей не достигнуты.",1,False,1,0,47060,0,1,0,0.000293840378238,0,True,0,True,False,False,1,1,False,0,0,0,0,1,1,0,47060,0,0.354872881356,1,peripheral,1,none,0.03,0.0625,0.126631103679,0.0463411921708,0,1
100000008745863100,peripheral,0.5,6,0.2306717,"Колено 3; входящих связей 1, исходящих 0; вход 22,900 KZT. Пороги значимых ролей не достигнуты.",3,False,1,0,22900,0,1,0,0.000287585392988,0,True,0,True,False,False,1,0,False,0,0,0,0,1,1,0,22900,0,0.197718631179,1,peripheral,1,none,0.03,0.0625,0.118153909003,0.0200177935943,0,1
100000008745884100,peripheral,0.5,6,0.22617554,"Колено 3; входящих связей 1, исходящих 0; вход 20,000 KZT. Пороги значимых ролей не достигнуты.",3,False,1,0,20000,0,1,0,0.00028713608379,0,True,0,True,False,False,1,0,False,0,0,0,0,1,1,0,20000,0,0.17237008872,1,peripheral,1,none,0.03,0.0625,0.116560329835,0.0171152135231,0,1
100000008746025100,peripheral,0.5,8,0.23673898,"Колено 1; входящих связей 1, исходящих 0; вход 22,000 KZT. Пороги значимых ролей не достигнуты.",1,False,1,0,22000,0,1,0,0.000288620177579,0,True,0,True,False,False,1,1,False,0,0,0,0,1,1,0,22000,0,0.164194915254,1,peripheral,1,none,0.03,0.0625,0.117682035704,0.0265569395018,0,1
100000008746449100,distributor,0.5,2,0.60841771,"Переводы 10 получателям; 10 операций; 1,009,000 KZT. Признаки веерного распределения.",3,False,1,10,10000,1009000,1,10,0.000285462778858,0.000165982282684,True,100.9,True,False,True,8,0,False,0,0,0,0,1,0.415112855741,0.272727272727,10000,100900,0.942965779468,1,distributor,1,unobserved_funding,0.24,0.19812031259,0.16282408618,0.00747330960854,0,1
100000008746673100,terminal,0.503387,8,0.39031834,"Колено 1; вход 53,048 KZT; исходящих связей 0, выход/вход=0.00. Получатель в видимой выборке.",1,False,1,0,53048,0,1,0,0.000295087727062,0,True,0,True,False,False,1,1,False,0,0,0,0,1,1,0,53048,0,0.398305084746,1,terminal,1,none,0.15,0.0625,0.128040760758,0.0497775800712,0,1
100000008747113100,terminal,0.664223,4,0.57800526,"Колено 1; вход 197,801 KZT; исходящих связей 0, выход/вход=0.00. Получатель в видимой выборке.",1,False,2,0,197801,0,2,0,0.0003058089861,0,True,0,True,False,False,10,1,False,0,0,0,0,2,1,0,98900.5,0,0.667372881356,2,terminal,2,none,0.15,0.216214476165,0.143530102963,0.0682606761566,0,1
100000008748408100,distributor,0.683333,21,0.59388457,"Переводы 21 получателям; 22 операций; 1,499,960 KZT. Признаки веерного распределения.",1,False,1,21,360000,1499960,2,22,0.000332206443029,7.13328664994e-06,True,4.16655555556,True,False,True,1,1,False,0,2,1,1.26780555556,1,0.340082582421,0,180000,68180,0.959745762712,2,distributor,0,unobserved_funding;fast_temporal_match,0.24,0.0625,0.16990621935,0.0881450177936,0.0333333333333,1
100000008748795100,peripheral,0.5,1,0.35727537,"Колено 3; входящих связей 1, исходящих 0; вход 47,057 KZT. Пороги значимых ролей не достигнуты.",3,False,1,0,47057,0,1,0,0.000286669149758,0,True,0,True,False,False,7,0,False,0,0,0,0,1,1,0,47057,0,0.385297845374,1,peripheral,1,none,0.03,0.1875,0.12663035338,0.0131450177936,0,1
100000008748914100,distributor,0.55,4,0.68885237,"Переводы 13 получателям; 21 операций; 4,471,847 KZT. Признаки веерного распределения.",1,False,2,13,180000,4471847,9,21,0.000785948444103,0.000640608770534,True,24.8435944444,True,False,True,1,1,True,1,3,1,1.36111111111,1,0.299912486374,0.1,20000,212945.095238,0.995762711864,6,distributor,6,unobserved_funding;fast_temporal_match;directed_cycle,0.24,0.0625,0.180695486068,0.138990213523,0.0666666666667,1
100000008749063100,peripheral,0.5,8,0.23124358,"Колено 1; входящих связей 1, исходящих 0; вход 19,000 KZT. Пороги значимых ролей не достигнуты.",1,False,1,0,19000,0,1,0,0.000287995253319,0,True,0,True,False,False,1,1,False,0,0,0,0,1,1,0,19000,0,0.130296610169,1,peripheral,1,none,0.03,0.0625,0.115956661039,0.0227869217082,0,1
100000008749405100,peripheral,0.5,6,0.24867688,"Колено 3; входящих связей 1, исходящих 0; вход 37,150 KZT. Пороги значимых ролей не достигнуты.",3,False,1,0,37150,0,1,0,0.000289793205425,0,True,0,True,False,False,1,0,False,0,0,0,0,1,1,0,37150,0,0.326362484157,1,peripheral,1,none,0.03,0.0625,0.123848143596,0.0323287366548,0,1
100000008749406100,peripheral,0.5,8,0.22749826,"Колено 1; входящих связей 1, исходящих 0; вход 17,144 KZT. Пороги значимых ролей не достигнуты.",1,False,1,0,17144,0,1,0,0.000287608633509,0,True,0,True,False,False,1,1,False,0,0,0,0,1,1,0,17144,0,0.102754237288,1,peripheral,1,none,0.03,0.0625,0.114746926015,0.0202513345196,0,1
100000008749618100,peripheral,0.5,8,0.26562728,"Колено 1; входящих связей 1, исходящих 0; вход 47,280 KZT. Пороги значимых ролей не достигнуты.",1,False,1,0,47280,0,1,0,0.000293886206017,0,True,0,True,False,False,1,1,False,0,0,0,0,1,1,0,47280,0,0.358050847458,1,peripheral,1,none,0.03,0.0625,0.126685995647,0.0464412811388,0,1
100000008749900100,peripheral,0.5,6,0.22059624,"Колено 3; входящих связей 1, исходящих 0; вход 17,150 KZT. Пороги значимых ролей не достигнуты.",3,False,1,0,17150,0,1,0,0.000286694521303,0,True,0,True,False,False,1,0,False,0,0,0,0,1,1,0,17150,0,0.133079847909,1,peripheral,1,none,0.03,0.0625,0.114751044127,0.0133451957295,0,1
100000008749989100,peripheral,0.5,20,0.23662768,"Колено 2; входящих связей 1, исходящих 0; вход 16,000 KZT. Пороги значимых ролей не достигнуты.",2,False,1,0,16000,0,1,0,0.000289430573084,0,True,0,True,False,False,1,0,False,0,0,0,0,1,1,0,16000,0,0.121212121212,1,peripheral,1,none,0.03,0.0625,0.113934174394,0.0301935053381,0,1
100000008750464100,peripheral,0.5,6,0.20606326,"Колено 3; входящих связей 1, исходящих 0; вход 8,500 KZT. Пороги значимых ролей не достигнуты.",3,False,1,0,8500,0,1,0,0.000285354340419,0,True,0,True,False,False,1,0,False,0,0,0,0,1,1,1,8500,0,0.0361216730038,1,peripheral,1,none,0.03,0.0625,0.106490307966,0.00707295373665,0,1
100000008751349100,peripheral,0.5,27,0.34309365,"Колено 3; входящих связей 1, исходящих 0; вход 11,630 KZT. Пороги значимых ролей не достигнуты.",3,False,1,0,11630,0,1,0,0.000286927915384,0,True,0,True,False,False,7,0,False,0,0,0,0,1,1,0,11630,0,0.0735107731305,1,peripheral,0,none,0.03,0.1875,0.110179950618,0.0154137010676,0,1
100000008751380100,terminal,0.828644,2,0.58192366,"Колено 3; вход 345,780 KZT; исходящих связей 0, выход/вход=0.00. Получатель в видимой выборке.",3,False,2,0,345780,0,2,0,0.000311180530009,0,True,0,True,False,False,9,0,False,0,0,0,0,1,0.977500144601,0.5,172890,0,0.789607097592,1,terminal,1,none,0.15,0.20762050593,0.150103865213,0.0741992882562,0,1
100000008751429100,terminal,0.873556,36,0.54546238,"Колено 1; вход 386,200 KZT; исходящих связей 1, выход/вход=0.19. Получатель в видимой выборке.",1,False,3,1,386200,72600,6,2,0.00157711669948,0,True,0.187985499741,True,False,False,1,1,True,1,3,0.187985499741,1.31129476584,2,0.292502179599,0,64366.6666667,36300,0.824152542373,1,terminal,0,directed_cycle,0.15,0.0625,0.153432426958,0.146196619217,0.0333333333333,1
100000008752616100,peripheral,0.5,2,0.51144141,"Колено 2; входящих связей 2, исходящих 7; вход 64,510 KZT. Пороги значимых ролей не достигнуты.",2,False,2,7,64510,1265000,2,7,0.00031134562166,0.000138759819196,True,19.6093628895,True,False,True,9,0,False,0,0,0.844985273601,1,1,0.447164744906,0,32255,180714.285714,0.909090909091,1,peripheral,1,unobserved_funding;fast_temporal_match,0.03,0.20762050593,0.165954654789,0.0745329181495,0.0333333333333,1
100000008753061100,peripheral,0.5,6,0.23881001,"Колено 3; входящих связей 1, исходящих 0; вход 28,400 KZT. Пороги значимых ролей не достигнуты.",3,False,1,0,28400,0,2,0,0.000288437531122,0,True,0,True,False,False,1,0,False,0,1,0,0,1,0.517605633803,0,14200,0,0.268694550063,1,peripheral,1,none,0.03,0.0625,0.12068723466,0.0256227758007,0,1
100000008753193100,peripheral,0.5,8,0.25395592,"Колено 1; входящих связей 1, исходящих 0; вход 35,225 KZT. Пороги значимых ролей не достигнуты.",1,False,1,0,35225,0,1,0,0.000291375052029,0,True,0,True,False,False,1,1,False,0,0,0,0,1,1,0,35225,0,0.277542372881,1,peripheral,1,none,0.03,0.0625,0.123221929263,0.0382339857651,0,1
100000008753897100,peripheral,0.5,6,0.23284979,"Колено 3; входящих связей 1, исходящих 0; вход 24,050 KZT. Пороги значимых ролей не достигнуты.",3,False,1,0,24050,0,1,0,0.000287763567325,0,True,0,True,False,False,1,0,False,0,0,0,0,1,1,0,24050,0,0.217363751584,1,peripheral,1,none,0.03,0.0625,0.118730570591,0.0216192170819,0,1
100000008754608100,peripheral,0.5,6,0.21288094,"Колено 3; входящих связей 1, исходящих 0; вход 12,300 KZT. Пороги значимых ролей не достигнуты.",3,False,1,0,12300,0,1,0,0.000285943090403,0,True,0,True,False,False,1,0,False,0,0,0,0,1,1,0,12300,0,0.0811153358682,1,peripheral,1,none,0.03,0.0625,0.11083912409,0.00954181494662,0,1
100000008754747100,peripheral,0.5,6,0.25630107,"Колено 3; входящих связей 1, исходящих 0; вход 45,500 KZT. Пороги значимых ролей не достигнуты.",3,False,1,0,45500,0,1,0,0.000291086906047,0,True,0,True,False,False,1,0,False,0,0,0,0,1,1,0,45500,0,0.371356147022,1,peripheral,1,none,0.03,0.0625,0.12623434777,0.0375667259786,0,1
100000008754997100,peripheral,0.5,6,0.22283369,"Колено 3; входящих связей 1, исходящих 0; вход 18,000 KZT. Пороги значимых ролей не достигнуты.",3,False,1,0,18000,0,1,0,0.000286826215378,0,True,0,True,False,False,1,0,False,0,0,0,0,1,1,0,18000,0,0.151457541191,1,peripheral,1,none,0.03,0.0625,0.115320347771,0.0150133451957,0,1
100000008755168100,peripheral,0.5,6,0.22183523,"Колено 3; входящих связей 1, исходящих 0; вход 17,600 KZT. Пороги значимых ролей не достигнуты.",3,False,1,0,17600,0,1,0,0.000286764241695,0,True,0,True,False,False,1,0,False,0,0,0,0,1,1,0,17600,0,0.145754119138,1,peripheral,1,none,0.03,0.0625,0.115055866891,0.0142793594306,0,1
100000008755361100,peripheral,0.5,8,0.2218596,"Колено 1; входящих связей 1, исходящих 0; вход 14,627 KZT. Пороги значимых ролей не достигнуты.",1,False,1,0,14627,0,1,0,0.000287084322055,0,True,0,True,False,False,1,1,False,0,0,0,0,1,1,0,14627,0,0.0635593220339,1,peripheral,1,none,0.03,0.0625,0.112878282927,0.016481316726,0,1
100000008755580100,peripheral,0.5,6,0.21867839,"Колено 3; входящих связей 1, исходящих 0; вход 16,000 KZT. Пороги значимых ролей не достигнуты.",3,False,1,0,16000,0,1,0,0.000286516346965,0,True,0,True,False,False,1,0,False,0,0,0,0,1,1,0,16000,0,0.122306717364,1,peripheral,1,none,0.03,0.0625,0.113934174394,0.0122442170819,0,1
100000008755754100,peripheral,0.5,10,0.24448127,"Колено 3; входящих связей 1, исходящих 0; вход 7,000 KZT. Пороги значимых ролей не достигнуты.",3,False,1,0,7000,0,1,0,0.000294297510577,0,True,0,True,False,False,1,0,False,0,0,0,0,1,1,1,7000,0,0.0272496831432,1,peripheral,0,none,0.03,0.0625,0.10420547279,0.0477758007117,0,1
100000008757301100,peripheral,0.25,11,0.46664492,"4-е колено: исходящие не выгружены. Вход 1 плательщиков, 58,398 KZT. Роль за границей обхода не установлена.",4,False,1,0,58398,0,3,0,0.000527411260225,0,True,0,True,True,False,7,0,False,0,1,0,0,1,0.454433371006,0.333333333333,19466,0,0.626126126126,1,peripheral,0,truncated_depth4,0.03,0.1875,0.129171612957,0.119973309609,0,1
100000008757369100,peripheral,0.5,11,0.39567715,"Колено 3; входящих связей 1, исходящих 1; вход 25,961 KZT. Пороги значимых ролей не достигнуты.",3,False,1,1,25961,58398,1,3,0.000286322166295,1.92202445845e-05,True,2.24945109973,True,False,True,7,0,False,0,1,1,1,1,0.615476712621,0.25,25961,19466,0.496831432193,1,peripheral,1,unobserved_funding;fast_temporal_match,0.03,0.1875,0.133500395315,0.0113434163701,0.0333333333333,1
100000008758106100,peripheral,0.25,2,0.34346269,"4-е колено: исходящие не выгружены. Вход 1 плательщиков, 10,000 KZT. Роль за границей обхода не установлена.",4,False,1,0,10000,0,1,0,0.000285343880034,0,True,0,True,True,False,8,0,False,0,0,0,0,1,1,0,10000,0,0.184684684685,1,peripheral,1,truncated_depth4,0.03,0.19812031259,0.10840287741,0.00693950177936,0,1
100000008758168100,peripheral,0.5,2,0.48542499,"Колено 2; входящих связей 2, исходящих 5; вход 75,410 KZT. Пороги значимых ролей не достигнуты.",2,False,2,5,75410,1533600,2,5,0.000316616339931,5.60200095786e-05,True,20.3368253547,True,False,True,9,0,False,0,0,0,0,1,0.483527137805,0,37705,306720,0.928571428571,1,peripheral,2,unobserved_funding,0.03,0.20762050593,0.168200387839,0.0796040925267,0,1
100000008758607100,peripheral,0.25,2,0.33230316,"4-е колено: исходящие не выгружены. Вход 1 плательщиков, 5,000 KZT. Роль за границей обхода не установлена.",4,False,1,0,5000,0,1,0,0.00028469063985,0,True,0,True,True,False,8,0,False,0,0,0,0,1,1,1,5000,0,0.0236486486486,1,peripheral,1,truncated_depth4,0.03,0.19812031259,0.100246013331,0.00393683274021,0,1
100000008759795100,peripheral,0.25,10,0.25152043,"4-е колено: исходящие не выгружены. Вход 1 плательщиков, 17,000 KZT. Роль за границей обхода не установлена.",4,False,1,0,17000,0,1,0,0.000293074957626,0,True,0,True,True,False,1,0,False,0,0,0,0,1,1,0,17000,0,0.323198198198,1,peripheral,1,truncated_depth4,0.03,0.0625,0.114647656559,0.0443727758007,0,1
100000008759857100,peripheral,0.5,2,0.40448176,"Колено 3; входящих связей 1, исходящих 2; вход 5,000 KZT. Пороги значимых ролей не достигнуты.",3,False,1,2,5000,994000,1,3,0.000284795881419,7.29998162015e-06,True,198.8,True,False,True,9,0,False,0,1,0,0,1,0.696696696697,0.25,5000,331333.333333,0.939163498099,1,peripheral,2,unobserved_funding,0.03,0.20762050593,0.162590787096,0.00427046263345,0,1
100000008760098100,peripheral,0.5,2,0.39508857,"Колено 3; входящих связей 1, исходящих 1; вход 7,000 KZT. Пороги значимых ролей не достигнуты.",3,False,1,1,7000,390000,1,1,0.00028509927412,7.29998162015e-06,True,55.7142857143,True,False,True,9,0,False,0,0,0,0,1,0.982367758186,0.5,7000,390000,0.820025348542,1,peripheral,1,unobserved_funding,0.03,0.20762050593,0.151729632583,0.0057384341637,0,1
100000008761132100,peripheral,0.25,2,0.34346269,"4-е колено: исходящие не выгружены. Вход 1 плательщиков, 10,000 KZT. Роль за границей обхода не установлена.",4,False,1,0,10000,0,1,0,0.000285343880034,0,True,0,True,True,False,8,0,False,0,0,0,0,1,1,0,10000,0,0.184684684685,1,peripheral,1,truncated_depth4,0.03,0.19812031259,0.10840287741,0.00693950177936,0,1
100000008761219100,peripheral,0.5,2,0.46138596,"Колено 3; входящих связей 2, исходящих 2; вход 50,000 KZT. Пороги значимых ролей не достигнуты.",3,False,2,2,50000,375000,2,2,0.000291260245073,4.17264244546e-05,True,7.5,True,False,True,9,0,False,0,0,0.7,1.85714285714,1,0.870588235294,0.25,25000,187500,0.832699619772,1,peripheral,2,unobserved_funding;fast_temporal_match,0.03,0.20762050593,0.152531760484,0.0379003558719,0.0333333333333,1
100000008761220100,peripheral,0.25,2,0.34346269,"4-е колено: исходящие не выгружены. Вход 1 плательщиков, 10,000 KZT. Роль за границей обхода не установлена.",4,False,1,0,10000,0,1,0,0.000285343880034,0,True,0,True,True,False,8,0,False,0,0,0,0,1,1,0,10000,0,0.184684684685,1,peripheral,1,truncated_depth4,0.03,0.19812031259,0.10840287741,0.00693950177936,0,1
100000008762005100,peripheral,0.25,2,0.33457184,"4-е колено: исходящие не выгружены. Вход 1 плательщиков, 5,000 KZT. Роль за границей обхода не установлена.",4,False,1,0,5000,0,1,0,0.000285239795015,0,True,0,True,True,False,8,0,False,0,0,0,0,1,1,1,5000,0,0.0236486486486,1,peripheral,1,truncated_depth4,0.03,0.19812031259,0.100246013331,0.00620551601423,0,1
100000008762728100,peripheral,0.5,3,0.41136938,"Колено 2; входящих связей 1, исходящих 0; вход 17,026 KZT. Пороги значимых ролей не достигнуты.",2,False,1,0,17026,0,1,0,0.000315957887988,0,True,0,True,False,False,7,0,False,0,0,0,0,1,1,0,17026,0,0.132034632035,1,peripheral,0,none,0.03,0.1875,0.114665642262,0.0792037366548,0,1
100000008762832100,peripheral,0.5,4,0.34045299,"Колено 2; входящих связей 1, исходящих 1; вход 150,000 KZT. Пороги значимых ролей не достигнуты.",2,False,1,1,150000,85000,1,4,0.00030644613493,0,True,0.566666666667,True,False,False,1,0,True,1,1,0,0,1,0.63829787234,0.2,150000,21250,0.714285714286,1,peripheral,1,directed_cycle,0.03,0.0625,0.145558272542,0.0690613879004,0.0333333333333,1
100000008762843100,peripheral,0.25,2,0.34076662,"4-е колено: исходящие не выгружены. Вход 1 плательщиков, 7,000 KZT. Роль за границей обхода не установлена.",4,False,1,0,7000,0,1,0,0.000285720753154,0,True,0,True,True,False,8,0,False,0,0,0,0,1,1,1,7000,0,0.112612612613,1,peripheral,1,truncated_depth4,0.03,0.19812031259,0.10420547279,0.00844083629893,0,1
100000008762885100,peripheral,0.25,2,0.34076662,"4-е колено: исходящие не выгружены. Вход 1 плательщиков, 7,000 KZT. Роль за границей обхода не установлена.",4,False,1,0,7000,0,1,0,0.000285720753154,0,True,0,True,True,False,8,0,False,0,0,0,0,1,1,1,7000,0,0.112612612613,1,peripheral,1,truncated_depth4,0.03,0.19812031259,0.10420547279,0.00844083629893,0,1
100000008763688100,peripheral,0.5,6,0.22825109,"Колено 3; входящих связей 1, исходящих 0; вход 21,000 KZT. Пороги значимых ролей не достигнуты.",3,False,1,0,21000,0,1,0,0.000287291017996,0,True,0,True,False,False,1,0,False,0,0,0,0,1,1,0,21000,0,0.185044359949,1,peripheral,1,none,0.03,0.0625,0.117134540826,0.0186165480427,0,1
100000008764436100,peripheral,0.5,20,0.22990365,"Колено 2; входящих связей 1, исходящих 0; вход 13,100 KZT. Пороги значимых ролей не достигнуты.",2,False,1,0,13100,0,1,0,0.000288453060402,0,True,0,True,False,False,1,0,False,0,0,0,0,1,1,0,13100,0,0.0974025974026,1,peripheral,1,none,0.03,0.0625,0.111580700886,0.0258229537367,0,1
100000008764654100,peripheral,0.5,6,0.23570336,"Колено 3; входящих связей 1, исходящих 0; вход 26,150 KZT. Пороги значимых ролей не достигнуты.",3,False,1,0,26150,0,1,0,0.000288088929158,0,True,0,True,False,False,1,0,False,0,0,0,0,1,1,0,26150,0,0.245247148289,1,peripheral,1,none,0.03,0.0625,0.119715810947,0.023487544484,0,1
100000008765494100,peripheral,0.5,20,0.25257618,"Колено 2; входящих связей 1, исходящих 0; вход 24,000 KZT. Пороги значимых ролей не достигнуты.",2,False,1,0,24000,0,1,0,0.000292127159792,0,True,0,True,False,False,1,0,False,0,0,0,0,1,1,0,24000,0,0.198051948052,1,peripheral,1,none,0.03,0.0625,0.118706077189,0.0413701067616,0,1
100000008765627100,terminal,0.511111,21,0.39216806,"Колено 2; вход 60,000 KZT; исходящих связей 0, выход/вход=0.00. Получатель в видимой выборке.",2,False,1,0,60000,0,1,0,0.000295332720852,0,True,0,True,False,False,1,0,False,0,0,0,0,1,1,0,60000,0,0.426406926407,1,terminal,1,none,0.15,0.0625,0.129490126369,0.0501779359431,0,1
100000008766031100,peripheral,0.25,2,0.33350423,"4-е колено: исходящие не выгружены. Вход 1 плательщиков, 5,000 KZT. Роль за границей обхода не установлена.",4,False,1,0,5000,0,1,0,0.000284939369318,0,True,0,True,True,False,8,0,False,0,0,0,0,1,1,1,5000,0,0.0236486486486,1,peripheral,1,truncated_depth4,0.03,0.19812031259,0.100246013331,0.00513790035587,0,1
100000008766764100,peripheral,0.25,2,0.33230316,"4-е колено: исходящие не выгружены. Вход 1 плательщиков, 5,000 KZT. Роль за границей обхода не установлена.",4,False,1,0,5000,0,1,0,0.00028469063985,0,True,0,True,True,False,8,0,False,0,0,0,0,1,1,1,5000,0,0.0236486486486,1,peripheral,1,truncated_depth4,0.03,0.19812031259,0.100246013331,0.00393683274021,0,1
100000008767027100,peripheral,0.5,2,0.34213698,"Колено 3; входящих связей 1, исходящих 0; вход 5,000 KZT. Пороги значимых ролей не достигнуты.",3,False,1,0,5000,0,1,0,0.000284795881419,0,True,0,True,False,False,9,0,False,0,0,0,0,1,1,1,5000,0,0.00506970849176,1,peripheral,1,none,0.03,0.20762050593,0.100246013331,0.00427046263345,0,1
100000008767065100,peripheral,0.5,2,0.35369687,"Колено 3; входящих связей 1, исходящих 0; вход 10,000 KZT. Пороги значимых ролей не достигнуты.",3,False,1,0,10000,0,1,0,0.000285554363172,0,True,0,True,False,False,9,0,False,0,0,0,0,1,1,0,10000,0,0.0551330798479,1,peripheral,1,none,0.03,0.20762050593,0.10840287741,0.00767348754448,0,1
100000008767925100,peripheral,0.5,8,0.22749826,"Колено 1; входящих связей 1, исходящих 0; вход 17,144 KZT. Пороги значимых ролей не достигнуты.",1,False,1,0,17144,0,1,0,0.000287608633509,0,True,0,True,False,False,1,1,False,0,0,0,0,1,1,0,17144,0,0.102754237288,1,peripheral,1,none,0.03,0.0625,0.114746926015,0.0202513345196,0,1
100000008767950100,peripheral,0.5,6,0.22139995,"Колено 3; входящих связей 1, исходящих 0; вход 17,350 KZT. Пороги значимых ролей не достигнуты.",3,False,1,0,17350,0,1,0,0.000286725508144,0,True,0,True,False,False,1,0,False,0,0,0,0,1,1,0,17350,0,0.141951837769,1,peripheral,1,none,0.03,0.0625,0.114887496471,0.014012455516,0,1
100000008768896100,peripheral,0.5,8,0.2654723,"Колено 1; входящих связей 1, исходящих 0; вход 47,060 KZT. Пороги значимых ролей не достигнуты.",1,False,1,0,47060,0,1,0,0.000293840378238,0,True,0,True,False,False,1,1,False,0,0,0,0,1,1,0,47060,0,0.354872881356,1,peripheral,1,none,0.03,0.0625,0.126631103679,0.0463411921708,0,1
100000008769097100,peripheral,0.5,6,0.24171384,"Колено 3; входящих связей 1, исходящих 0; вход 31,100 KZT. Пороги значимых ролей не достигнуты.",3,False,1,0,31100,0,1,0,0.000288855853478,0,True,0,True,False,False,1,0,False,0,0,0,0,1,1,0,31100,0,0.293409378961,1,peripheral,1,none,0.03,0.0625,0.121756094978,0.0274577402135,0,1
100000008769636100,peripheral,0.5,8,0.23812307,"Колено 1; входящих связей 1, исходящих 0; вход 23,118 KZT. Пороги значимых ролей не достигнуты.",1,False,1,0,23118,0,1,0,0.000288853066021,0,True,0,True,False,False,1,1,False,0,0,0,0,1,1,0,23118,0,0.171610169492,1,peripheral,1,none,0.03,0.0625,0.118265416365,0.0273576512456,0,1
100000008770483100,peripheral,0.25,2,0.35688342,"4-е колено: исходящие не выгружены. Вход 1 плательщиков, 5,000 KZT. Роль за границей обхода не установлена.",4,False,1,0,5000,0,1,0,0.000287338349373,0,True,0,True,True,False,9,0,False,0,0,0,0,1,1,1,5000,0,0.0236486486486,1,peripheral,0,truncated_depth4,0.03,0.20762050593,0.100246013331,0.0190169039146,0,1
100000008771627100,peripheral,0.5,20,0.23789063,"Колено 2; входящих связей 1, исходящих 0; вход 16,500 KZT. Пороги значимых ролей не достигнуты.",2,False,1,0,16500,0,1,0,0.000289599109753,0,True,0,True,False,False,1,0,False,0,0,0,0,1,1,0,16500,0,0.125541125541,1,peripheral,1,none,0.03,0.0625,0.114296321144,0.0310943060498,0,1
100000008771814100,peripheral,0.5,20,0.25196106,"Колено 2; входящих связей 1, исходящих 0; вход 23,700 KZT. Пороги значимых ролей не достигнуты.",2,False,1,0,23700,0,1,0,0.00029202603779,0,True,0,True,False,False,1,0,False,0,0,0,0,1,1,0,23700,0,0.192640692641,1,peripheral,1,none,0.03,0.0625,0.118558036601,0.040903024911,0,1
100000008771819100,peripheral,0.5,8,0.2585269,"Колено 1; входящих связей 1, исходящих 0; вход 38,900 KZT. Пороги значимых ролей не достигнуты.",1,False,1,0,38900,0,1,0,0.000292140584248,0,True,0,True,False,False,1,1,False,0,0,0,0,1,1,0,38900,0,0.300847457627,1,peripheral,1,none,0.03,0.0625,0.124389888068,0.0416370106762,0,1
100000008772058100,terminal,0.5,20,0.40183275,"Колено 2; вход 50,000 KZT; исходящих связей 0, выход/вход=0.00. Получатель в видимой выборке.",2,False,1,0,50000,0,1,0,0.000300891066594,0,True,0,True,False,False,1,0,False,0,0,0,0,1,1,0,50000,0,0.373376623377,1,terminal,1,none,0.15,0.0625,0.127344320171,0.0619884341637,0,1
100000008772246100,peripheral,0.5,6,0.2553389,"Колено 3; входящих связей 1, исходящих 0; вход 44,500 KZT. Пороги значимых ролей не достигнуты.",3,False,1,0,44500,0,1,0,0.000290931971841,0,True,0,True,False,False,1,0,False,0,0,0,0,1,1,0,44500,0,0.360583016477,1,peripheral,1,none,0.03,0.0625,0.125972796928,0.0368661032028,0,1
100000008773876100,peripheral,0.5,8,0.24256262,"Колено 1; входящих связей 1, исходящих 0; вход 26,120 KZT. Пороги значимых ролей не достигнуты.",1,False,1,0,26120,0,1,0,0.000289478406898,0,True,0,True,False,False,1,1,False,0,0,0,0,1,1,0,26120,0,0.207627118644,1,peripheral,1,none,0.03,0.0625,0.119702301344,0.0303603202847,0,1
100000008774237100,peripheral,0.5,25,0.29318675,"Колено 2; входящих связей 1, исходящих 1; вход 50,000 KZT. Пороги значимых ролей не достигнуты.",2,False,1,1,50000,10000,1,1,0.000308630766952,0,True,0.2,True,False,False,1,0,False,0,0,0.2,1,1,0.833333333333,0,50000,10000,0.426406926407,1,peripheral,0,none,0.03,0.0625,0.129490126369,0.0711966192171,0,1
100000008775471100,terminal,1,2,0.60073072,"Колено 3; вход 580,000 KZT; исходящих связей 0, выход/вход=0.00. Получатель в видимой выборке.",3,False,1,0,580000,0,2,0,0.000356365830632,0,True,0,True,False,False,8,0,False,0,1,0,0,1,1,0,290000,0,0.882129277567,1,terminal,1,none,0.15,0.19812031259,0.156191369113,0.0964190391459,0,1
100000008775747100,peripheral,0.25,2,0.33230316,"4-е колено: исходящие не выгружены. Вход 1 плательщиков, 5,000 KZT. Роль за границей обхода не установлена.",4,False,1,0,5000,0,1,0,0.00028469063985,0,True,0,True,True,False,8,0,False,0,0,0,0,1,1,1,5000,0,0.0236486486486,1,peripheral,1,truncated_depth4,0.03,0.19812031259,0.100246013331,0.00393683274021,0,1
100000008776298100,peripheral,0.5,8,0.26192006,"Колено 1; входящих связей 1, исходящих 0; вход 42,800 KZT. Пороги значимых ролей не достигнуты.",1,False,1,0,42800,0,1,0,0.000292952985787,0,True,0,True,False,False,1,1,False,0,0,0,0,1,1,0,42800,0,0.330508474576,1,peripheral,1,none,0.03,0.0625,0.125514370084,0.0439056939502,0,1
100000008776310100,peripheral,0.5,6,0.22452741,"Колено 3; входящих связей 1, исходящих 0; вход 19,200 KZT. Пороги значимых ролей не достигнуты.",3,False,1,0,19200,0,1,0,0.000287012136425,0,True,0,True,False,False,1,0,False,0,0,0,0,1,1,0,19200,0,0.160963244613,1,peripheral,1,none,0.03,0.0625,0.116079897232,0.0159475088968,0,1
100000008776420100,terminal,0.521667,6,0.39289706,"Колено 3; вход 69,500 KZT; исходящих связей 0, выход/вход=0.00. Получатель в видимой выборке.",3,False,1,0,69500,0,1,0,0.000294805326994,0,True,0,True,False,False,1,0,False,0,0,0,0,1,1,0,69500,0,0.466413181242,1,terminal,1,none,0.15,0.0625,0.131220016013,0.0491770462633,0,1
100000008776576100,peripheral,0.5,8,0.22243719,"Колено 1; входящих связей 1, исходящих 0; вход 14,765 KZT. Пороги значимых ролей не достигнуты.",1,False,1,0,14765,0,1,0,0.000287113068571,0,True,0,True,False,False,1,1,False,0,0,0,0,1,1,0,14765,0,0.0677966101695,1,peripheral,1,none,0.03,0.0625,0.112988796087,0.0169483985765,0,1
100000008776720100,peripheral,0.5,6,0.23570336,"Колено 3; входящих связей 1, исходящих 0; вход 26,150 KZT. Пороги значимых ролей не достигнуты.",3,False,1,0,26150,0,1,0,0.000288088929158,0,True,0,True,False,False,1,0,False,0,0,0,0,1,1,0,26150,0,0.245247148289,1,peripheral,1,none,0.03,0.0625,0.119715810947,0.023487544484,0,1
100000008777088100,peripheral,0.5,8,0.22963974,"Колено 1; входящих связей 1, исходящих 0; вход 18,000 KZT. Пороги значимых ролей не достигнуты.",1,False,1,0,18000,0,1,0,0.000287786945232,0,True,0,True,False,False,1,1,False,0,0,0,0,1,1,0,18000,0,0.120762711864,1,peripheral,1,none,0.03,0.0625,0.115320347771,0.0218193950178,0,1
100000008778010100,peripheral,0.25,6,0.34415781,"4-е колено: исходящие не выгружены. Вход 1 плательщиков, 76,950 KZT. Роль за границей обхода не установлена.",4,False,1,0,76950,0,2,0,0.000526516176389,0,True,0,True,True,False,1,0,False,0,1,0,0,1,1,0.5,38475,0,0.68018018018,1,peripheral,0,truncated_depth4,0.03,0.0625,0.132418483929,0.119239323843,0,1
100000008778753100,peripheral,0.25,26,0.36874096,"4-е колено: исходящие не выгружены. Вход 1 плательщиков, 10,000 KZT. Роль за границей обхода не установлена.",4,False,1,0,10000,0,1,0,0.000292567311204,0,True,0,True,True,False,7,0,False,0,0,0,0,1,1,0,10000,0,0.184684684685,1,peripheral,0,truncated_depth4,0.03,0.1875,0.10840287741,0.0428380782918,0,1
100000008779584100,peripheral,0.5,8,0.24993403,"Колено 1; входящих связей 1, исходящих 0; вход 31,400 KZT. Пороги значимых ролей не достигнуты.",1,False,1,0,31400,0,1,0,0.000290578273597,0,True,0,True,False,False,1,1,False,0,0,0,0,1,1,0,31400,0,0.256355932203,1,peripheral,1,none,0.03,0.0625,0.121869080055,0.0355649466192,0,1
100000008782056100,peripheral,0.5,8,0.24696296,"Колено 1; входящих связей 1, исходящих 0; вход 29,082 KZT. Пороги значимых ролей не достигнуты.",1,False,1,0,29082,0,1,0,0.000290095415451,0,True,0,True,False,False,1,1,False,0,0,0,0,1,1,0,29082,0,0.233050847458,1,peripheral,1,none,0.03,0.0625,0.120966520028,0.0334964412811,0,1
100000008782421100,peripheral,0.5,8,0.26774473,"Колено 1; входящих связей 1, исходящих 0; вход 49,680 KZT. Пороги значимых ролей не достигнуты.",1,False,1,0,49680,0,1,0,0.000294386145425,0,True,0,True,False,False,1,1,False,0,0,0,0,1,1,0,49680,0,0.368644067797,1,peripheral,1,none,0.03,0.0625,0.127268754396,0.0479759786477,0,1
100000008782800100,peripheral,0.5,8,0.26247911,"Колено 1; входящих связей 1, исходящих 0; вход 43,381 KZT. Пороги значимых ролей не достигнуты.",1,False,1,0,43381,0,1,0,0.000293074012786,0,True,0,True,False,False,1,1,False,0,0,0,0,1,1,0,43381,0,0.334745762712,1,peripheral,1,none,0.03,0.0625,0.125673060798,0.0443060498221,0,1
