gid,cluster_stability,cluster_stability_min,cluster_stability_scope,priority_baseline_rank,priority_top20_frequency,priority_min_rank,priority_max_rank
100000000011452100,0.264403024809,0.0257731958763,observed_community,661,0,601,699
100000000018102100,0.294347214806,0.0964467005076,observed_community,1408,0,1368,1451
100000000031787100,0.616247047908,0.115789473684,observed_community,559,0,424,670
100000000041368100,0.479735674847,0.286713286713,observed_community,271,0,249,294
100000000076451100,0.864015906223,0.739726027397,observed_community,514,0,426,576
100000000089154100,0.181966421878,0.0470588235294,observed_community,155,0,119,204
100000000190228100,0.617173893324,0.119496855346,observed_community,787,0,746,828
100000000201868100,0.864015906223,0.739726027397,observed_community,65,0,59,71
100000000254336100,0.0128669546915,0.0117647058824,observed_community,1260,0,1163,1304
100000000267734100,0.616247047908,0.115789473684,observed_community,1413,0,1278,1547
100000000274067100,0.61686957196,0.118279569892,observed_community,1351,0,1207,1484
100000000287768100,0.385677396105,0.215,observed_community,1686,0,1663,1718
100000000288317100,0.294347214806,0.0964467005076,observed_community,1200,0,1180,1237
100000000291906100,0.409626392506,0.260623229462,observed_community,84,0,76,87
100000000291908100,0.409626392506,0.260623229462,observed_community,154,0,151,166
100000000297649100,0.784415584416,0.228571428571,observed_community,510,0,418,572
100000000299820100,0.571063623894,0.384615384615,observed_community,1158,0,1119,1206
100000000307908100,1,1,observed_community,1998,0,1986,2024
100000000331309100,0.827253471006,0.622222222222,observed_community,1,1,1,1
100000000332284100,0.22348040452,0.0923913043478,observed_community,43,0,39,45
100000000343175100,0.545124761212,0.143497757848,observed_community,770,0,677,948
100000000369781100,0.827253471006,0.622222222222,observed_community,1139,0,1094,1209
100000000375150100,0.319496768156,0.212435233161,observed_community,532,0,442,589
100000000404740100,1,1,observed_community,913,0,872,955
100000000408846100,1,1,observed_community,1513,0,1457,1536
100000000413678100,0.148282959219,0.0227272727273,observed_community,1167,0,1103,1212
100000000424935100,0.90625,0.875,observed_community,1502,0,1448,1529
100000000425407100,0.364984156553,0.0700636942675,observed_community,1432,0,1391,1473
100000000437046100,0.385677396105,0.215,observed_community,3,1,3,3
100000000440392100,0.864015906223,0.739726027397,observed_community,578,0,532,634
100000000456947100,1,1,isolate_not_assessed,2230,0,2230,2230
100000000470237100,0.260008890418,0.0152284263959,observed_community,867,0,817,907
100000000481716100,0.643937748262,0.0197368421053,observed_community,1271,0,1226,1313
100000000489417100,0.058964491814,0.0187969924812,observed_community,135,0,128,142
100000000490383100,0.864015906223,0.739726027397,observed_community,688,0,635,722
100000000500040100,0.364984156553,0.0700636942675,observed_community,1424,0,1384,1465
100000000507799100,0.758578431373,0.0343137254902,observed_community,1816,0,1787,1838
100000000533217100,0.409626392506,0.260623229462,observed_community,210,0,193,235
100000000534581100,0.352853546994,0.0061919504644,observed_community,1400,0,1360,1442
100000000542087100,0.827253471006,0.622222222222,observed_community,1829,0,1799,1853
100000000552584100,0.787987012987,0.242857142857,observed_community,206,0,165,288
100000000555721100,0.409626392506,0.260623229462,observed_community,466,0,435,516
100000000557536100,0.827253471006,0.622222222222,observed_community,1316,0,1287,1365
100000000560751100,0.281855604206,0.13963963964,observed_community,921,0,881,966
100000000561160100,0.267449965875,0.0347826086957,observed_community,838,0,803,872
100000000569479100,0.294347214806,0.0964467005076,observed_community,250,0,243,254
100000000572276100,1,1,observed_community,2081,0,2073,2105
100000000580561100,1,1,observed_community,2006,0,1955,2080
100000000581662100,0.519283121597,0.431578947368,observed_community,1854,0,1851,1860
100000000581682100,0.90625,0.875,observed_community,1742,0,1718,1767
100000000583220100,0.220169696224,0.0581395348837,observed_community,939,0,848,1021
100000000594783100,0.787987012987,0.242857142857,observed_community,202,0,161,281
100000000596954100,0.294727801268,0.046511627907,observed_community,653,0,594,697
100000000600707100,0.360217488846,0.0597014925373,observed_community,1698,0,1587,1796
100000000607731100,1,1,observed_community,1859,0,1850,1863
100000000607941100,0.864015906223,0.739726027397,observed_community,597,0,518,647
100000000608031100,0.441196858286,0.237410071942,observed_community,940,0,905,977
100000000611474100,0.314749428479,0.0223048327138,observed_community,864,0,813,903
100000000625169100,1,1,observed_community,2151,0,2139,2155
100000000627521100,0.827253471006,0.622222222222,observed_community,1837,0,1810,1864
100000000629812100,0.96,0.84,observed_community,1321,0,1258,1398
100000000634341100,0.385677396105,0.215,observed_community,923,0,882,968
100000000640800100,0.838746438746,0.766666666667,observed_community,1159,0,1107,1193
100000000646541100,0.310535262458,0.0470588235294,observed_community,1011,0,979,1047
100000000655469100,0.96,0.84,observed_community,1256,0,1228,1291
100000000656682100,0.334516352306,0.236933797909,observed_community,547,0,468,628
100000000661131100,1,1,observed_community,2162,0,2158,2167
100000000661912100,0.571063623894,0.384615384615,observed_community,32,0,30,37
100000000667713100,0.864015906223,0.739726027397,observed_community,821,0,786,876
100000000673868100,0.416145018258,0.183098591549,observed_community,91,0,85,96
100000000673915100,0.827253471006,0.622222222222,observed_community,1757,0,1734,1783
100000000703894100,1,1,observed_community,1743,0,1641,1813
100000000703902100,1,1,observed_community,2009,0,2002,2010
100000000704700100,1,1,observed_community,1840,0,1765,1849
100000000706545100,0.864015906223,0.739726027397,observed_community,93,0,87,97
100000000718427100,1,1,observed_community,2202,0,2199,2203
100000000723383100,0.96,0.84,observed_community,1012,0,980,1035
100000000724540100,0.869866286338,0.714285714286,observed_community,1143,0,1104,1195
100000000733373100,0.494172801513,0.0105540897098,observed_community,1483,0,1436,1515
100000000733451100,0.319496768156,0.212435233161,observed_community,582,0,497,634
100000000733940100,1,1,observed_community,778,0,733,809
100000000737152100,0.127555218566,0.0103806228374,observed_community,1195,0,1173,1234
100000000749118100,0.334516352306,0.236933797909,observed_community,1778,0,1747,1806
100000000764836100,0.571063623894,0.384615384615,observed_community,326,0,318,347
100000000765628100,0.864015906223,0.739726027397,observed_community,1464,0,1422,1501
100000000769919100,1,1,observed_community,698,0,592,851
100000000782285100,0.272100804756,0.0820189274448,observed_community,1416,0,1377,1457
100000000783406100,0.419979933521,0.152542372881,observed_community,1748,0,1722,1771
100000000785800100,1,1,observed_community,1745,0,1646,1814
100000000790311100,0.864015906223,0.739726027397,observed_community,1420,0,1379,1459
100000000791285100,1,1,observed_community,438,0,355,520
100000000795033100,0.334516352306,0.236933797909,observed_community,997,0,961,1046
100000000795129100,0.864015906223,0.739726027397,observed_community,252,0,245,255
100000000795374100,0.571063623894,0.384615384615,observed_community,626,0,577,694
100000000802149100,0.385677396105,0.215,observed_community,598,0,547,660
100000000803368100,0.826503537736,0.75,observed_community,780,0,736,814
100000000806727100,0.179442508711,0.0457142857143,observed_community,835,0,781,917
100000000810551100,0.479735674847,0.286713286713,observed_community,1067,0,992,1137
100000000817146100,0.864015906223,0.739726027397,observed_community,161,0,153,173
100000000821507100,0.416145018258,0.183098591549,observed_community,310,0,302,326
100000000831684100,0.775145067698,0.191489361702,observed_community,1160,0,966,1313
100000000838385100,0.260008890418,0.0152284263959,observed_community,409,0,322,501
100000000850297100,0.0766464032421,0.0714285714286,observed_community,1873,0,1868,1881
100000000860514100,1,1,observed_community,1331,0,1305,1383
100000000861294100,0.713768796992,0.45,observed_community,1237,0,1040,1376
100000000870121100,0.220169696224,0.0581395348837,observed_community,1398,0,1359,1441
100000000878006100,0.827253471006,0.622222222222,observed_community,1726,0,1697,1752
100000000896111100,0.787987012987,0.242857142857,observed_community,935,0,759,1127
100000000907277100,1,1,observed_community,2089,0,2088,2093
100000000910216100,0.281855604206,0.13963963964,observed_community,1149,0,1125,1171
100000000912487100,0.364984156553,0.0700636942675,observed_community,1576,0,1502,1624
100000000913911100,0.156316536865,0.00826446280992,observed_community,715,0,666,757
100000000917179100,0.826503537736,0.75,observed_community,294,0,284,314
100000000922570100,0.775145067698,0.191489361702,observed_community,1909,0,1904,1916
100000000926078100,0.571063623894,0.384615384615,observed_community,791,0,750,823
100000000926766100,1,1,observed_community,1058,0,993,1109
100000000933075100,0.784415584416,0.228571428571,observed_community,518,0,428,579
100000000941942100,0.479735674847,0.286713286713,observed_community,313,0,293,333
100000000942301100,0.571063623894,0.384615384615,observed_community,572,0,527,626
100000000943371100,0.319496768156,0.212435233161,observed_community,1259,0,1184,1333
100000000945428100,0.409626392506,0.260623229462,observed_community,528,0,489,576
100000000954884100,0.419979933521,0.152542372881,observed_community,1337,0,1312,1389
100000000955444100,1,1,observed_community,1872,0,1867,1879
100000000955529100,0.479735674847,0.286713286713,observed_community,1437,0,1397,1479
100000000957746100,0.441196858286,0.237410071942,observed_community,1343,0,1310,1392
100000000961900100,0.409626392506,0.260623229462,observed_community,1547,0,1499,1573
100000000967918100,0.334516352306,0.236933797909,observed_community,1060,0,1030,1091
100000000968253100,1,1,observed_community,2125,0,2122,2127
100000000971908100,0.713768796992,0.45,observed_community,1374,0,1224,1508
100000000976943100,0.22348040452,0.0923913043478,observed_community,165,0,158,177
100000000978041100,1,1,observed_community,1919,0,1917,1923
100000000979567100,1,1,observed_community,1844,0,1776,1850
100000000979923100,0.545124761212,0.143497757848,observed_community,485,0,449,530
100000000981693100,0.334516352306,0.236933797909,observed_community,1039,0,1006,1087
100000000993112100,0.0962915601023,0.0653594771242,observed_community,215,0,207,227
100000000998559100,0.479735674847,0.286713286713,observed_community,353,0,331,387
100000001009583100,0.827253471006,0.622222222222,observed_community,477,0,436,524
100000001046057100,1,1,observed_community,431,0,410,480
100000001046626100,0.827253471006,0.622222222222,observed_community,657,0,607,754
100000001049200100,0.864015906223,0.739726027397,observed_community,1130,0,1053,1182
100000001052789100,0.431169974014,0.29,observed_community,589,0,539,646
100000001052945100,0.826503537736,0.75,observed_community,1085,0,1007,1145
100000001053894100,0.827253471006,0.622222222222,observed_community,685,0,633,720
100000001056414100,0.519283121597,0.431578947368,observed_community,1081,0,894,1262
100000001063678100,0.916666666667,0.666666666667,observed_community,832,0,796,884
100000001065234100,0.261255934963,0.015503875969,observed_community,706,0,656,751
100000001065481100,0.220169696224,0.0581395348837,observed_community,1119,0,1096,1160
100000001066017100,0.0445057805726,0.0257731958763,observed_community,1283,0,1259,1325
100000001072022100,0.348021766097,0.0299625468165,observed_community,115,0,109,119
100000001073568100,0.826503537736,0.75,observed_community,711,0,659,754
100000001074553100,0.617173893324,0.119496855346,observed_community,1902,0,1889,1914
100000001083990100,0.775145067698,0.191489361702,observed_community,861,0,820,895
100000001089055100,0.441196858286,0.237410071942,observed_community,1326,0,1299,1377
100000001102676100,0.31693170642,0.0955414012739,observed_community,259,0,236,301
100000001103905100,1,1,observed_community,2082,0,2080,2086
100000001110358100,0.571063623894,0.384615384615,observed_community,1588,0,1544,1610
100000001111763100,1,1,observed_community,2096,0,2095,2102
100000001114385100,0.272100804756,0.0820189274448,observed_community,1654,0,1626,1683
100000001126374100,0.334516352306,0.236933797909,observed_community,1165,0,1136,1193
100000001130176100,0.407381885779,0.0149253731343,observed_community,912,0,871,954
100000001130553100,0.266300348244,0.0467532467532,observed_community,981,0,940,1027
100000001131403100,0.826503537736,0.75,observed_community,636,0,575,683
100000001138283100,0.571063623894,0.384615384615,observed_community,1037,0,970,1101
100000001138376100,0.864015906223,0.739726027397,observed_community,1681,0,1657,1711
100000001140785100,0.869866286338,0.714285714286,observed_community,340,0,331,372
100000001141268100,0.869866286338,0.714285714286,observed_community,184,0,176,196
100000001145749100,0.479735674847,0.286713286713,observed_community,890,0,827,960
100000001149815100,1,1,observed_community,2185,0,2181,2188
100000001155773100,1,1,observed_community,2087,0,2084,2091
100000001160401100,0.409626392506,0.260623229462,observed_community,1364,0,1329,1406
100000001162560100,0.284198161914,0.0565217391304,observed_community,232,0,162,341
100000001164648100,0.480322916206,0.353658536585,observed_community,1701,0,1681,1732
100000001166289100,1,1,observed_community,418,0,303,551
100000001169666100,0.778000894034,0.602272727273,observed_community,280,0,260,293
100000001184915100,0.864015906223,0.739726027397,observed_community,325,0,316,346
100000001194266100,0.479735674847,0.286713286713,observed_community,491,0,440,537
100000001202637100,0.778000894034,0.602272727273,observed_community,848,0,804,903
100000001202787100,0.306165398562,0.00306748466258,observed_community,1269,0,1237,1309
100000001220124100,0.352853546994,0.0061919504644,observed_community,901,0,864,937
100000001222245100,0.827253471006,0.622222222222,observed_community,697,0,645,737
100000001222263100,0.827253471006,0.622222222222,observed_community,1026,0,965,1091
100000001223977100,0.290851832276,0.0387596899225,observed_community,1220,0,1154,1314
100000001227106100,0.827253471006,0.622222222222,observed_community,640,0,590,720
100000001229743100,0.409626392506,0.260623229462,observed_community,1747,0,1721,1770
100000001232297100,0.319496768156,0.212435233161,observed_community,1116,0,1000,1198
100000001236706100,0.058964491814,0.0187969924812,observed_community,689,0,636,738
100000001241318100,0.409626392506,0.260623229462,observed_community,272,0,253,300
100000001246806100,0.869866286338,0.714285714286,observed_community,692,0,639,728
100000001248999100,0.441196858286,0.237410071942,observed_community,1694,0,1672,1726
100000001249054100,0.778000894034,0.602272727273,observed_community,1639,0,1607,1668
100000001250022100,0.713768796992,0.45,observed_community,1539,0,1400,1662
100000001251686100,0.364984156553,0.0700636942675,observed_community,1417,0,1356,1483
100000001252290100,0.827253471006,0.622222222222,observed_community,1549,0,1501,1583
100000001253557100,0.0392490542245,0.005,observed_community,66,0,64,73
100000001256409100,0.838746438746,0.766666666667,observed_community,1835,0,1760,1845
100000001262647100,0.864015906223,0.739726027397,observed_community,1430,0,1389,1471
100000001270349100,0.632198743776,0.0158102766798,observed_community,1033,0,840,1231
100000001270470100,0.571063623894,0.384615384615,observed_community,1077,0,1051,1097
100000001273783100,0.0766464032421,0.0714285714286,observed_community,1928,0,1928,1935
100000001275557100,0.916666666667,0.666666666667,observed_community,1247,0,1217,1281
100000001275752100,0.869866286338,0.714285714286,observed_community,505,0,446,559
100000001276409100,0.778000894034,0.602272727273,observed_community,1179,0,1160,1214
100000001279272100,0.385677396105,0.215,observed_community,662,0,603,725
100000001279875100,0.388760386187,0.0884353741497,observed_community,1884,0,1882,1888
100000001280798100,0.778000894034,0.602272727273,observed_community,1577,0,1532,1598
100000001282143100,0.869866286338,0.714285714286,observed_community,34,0,30,36
100000001285440100,0.869866286338,0.714285714286,observed_community,276,0,257,291
100000001286703100,0.827253471006,0.622222222222,observed_community,1770,0,1744,1793
100000001287955100,0.519283121597,0.431578947368,observed_community,1849,0,1795,1853
100000001290243100,0.864015906223,0.739726027397,observed_community,1384,0,1349,1426
100000001297206100,0.385677396105,0.215,observed_community,1601,0,1560,1627
100000001298099100,0.778000894034,0.602272727273,observed_community,1627,0,1586,1650
100000001299323100,0.869866286338,0.714285714286,observed_community,1289,0,1253,1344
100000001299443100,0.480322916206,0.353658536585,observed_community,2124,0,2112,2139
100000001299828100,0.385677396105,0.215,observed_community,805,0,767,836
100000001303311100,0.869866286338,0.714285714286,observed_community,35,0,33,37
100000001307612100,1,1,observed_community,1941,0,1938,1943
100000001308856100,1,1,observed_community,1943,0,1941,1944
100000001311175100,0.519283121597,0.431578947368,observed_community,1441,0,1362,1550
100000001317336100,1,1,observed_community,806,0,759,859
100000001325618100,0.480322916206,0.353658536585,observed_community,2088,0,2083,2100
100000001329153100,0.334516352306,0.236933797909,observed_community,593,0,541,648
100000001330595100,1,1,observed_community,1603,0,1474,1717
100000001330685100,0.827253471006,0.622222222222,observed_community,158,0,150,169
100000001339466100,0.364984156553,0.0700636942675,observed_community,1277,0,1221,1345
100000001346560100,0.179442508711,0.0457142857143,observed_community,488,0,398,556
100000001362940100,0.479735674847,0.286713286713,observed_community,388,0,360,427
100000001363952100,0.157149335368,0.0373831775701,observed_community,1193,0,1158,1231
100000001373265100,0.571063623894,0.384615384615,observed_community,1184,0,1163,1218
100000001378288100,0.838746438746,0.766666666667,observed_community,783,0,740,815
100000001379511100,1,1,observed_community,522,0,483,570
100000001380054100,1,1,observed_community,1315,0,1141,1440
100000001380107100,0.96,0.84,observed_community,1584,0,1496,1636
100000001380986100,0.284198161914,0.0565217391304,observed_community,1578,0,1443,1699
100000001382002100,0.409626392506,0.260623229462,observed_community,97,0,95,102
100000001384826100,0.827253471006,0.622222222222,observed_community,495,0,453,541
100000001386612100,0.842319749216,0.472727272727,observed_community,314,0,296,331
100000001389255100,1,1,observed_community,2107,0,2103,2109
100000001411870100,0.53017968904,0.11797752809,observed_community,573,0,476,648
100000001415126100,0.842319749216,0.472727272727,observed_community,1911,0,1896,1945
100000001418900100,1,1,observed_community,1905,0,1897,1906
100000001420847100,0.431169974014,0.29,observed_community,1455,0,1413,1494
100000001427082100,0.96,0.84,observed_community,899,0,862,922
100000001429930100,0.220169696224,0.0581395348837,observed_community,1937,0,1910,1980
100000001439416100,0.272100804756,0.0820189274448,observed_community,768,0,722,805
100000001445848100,0.419979933521,0.152542372881,observed_community,442,0,361,528
100000001463701100,0.5142008168,0.019801980198,observed_community,136,0,129,141
100000001471706100,0.842319749216,0.472727272727,observed_community,663,0,604,701
100000001477796100,0.31693170642,0.0955414012739,observed_community,1118,0,919,1288
100000001484381100,0.778000894034,0.602272727273,observed_community,407,0,391,452
100000001490461100,0.632062341845,0.0185185185185,observed_community,1142,0,1091,1211
100000001498732100,1,1,observed_community,1779,0,1755,1805
100000001524952100,0.409626392506,0.260623229462,observed_community,498,0,458,544
100000001526235100,1,1,observed_community,450,0,368,534
100000001527186100,0.479735674847,0.286713286713,observed_community,143,0,136,148
100000001530709100,0.334516352306,0.236933797909,observed_community,788,0,691,949
100000001530740100,0.864015906223,0.739726027397,observed_community,1047,0,1014,1093
100000001530983100,0.96,0.84,observed_community,88,0,82,91
100000001533161100,0.277549407115,0.0266666666667,observed_community,1166,0,1146,1194
100000001534244100,0.869866286338,0.714285714286,observed_community,249,0,237,254
100000001537524100,0.869866286338,0.714285714286,observed_community,1286,0,1244,1339
100000001538095100,0.869866286338,0.714285714286,observed_community,248,0,229,262
100000001541418100,0.284198161914,0.0565217391304,observed_community,513,0,473,559
100000001549194100,0.826503537736,0.75,observed_community,1447,0,1406,1488
100000001550388100,0.409626392506,0.260623229462,observed_community,632,0,582,707
100000001550419100,0.826503537736,0.75,observed_community,1626,0,1585,1649
100000001554432100,0.479735674847,0.286713286713,observed_community,467,0,426,517
100000001557930100,0.713768796992,0.45,observed_community,1969,0,1964,1972
100000001567366100,0.864015906223,0.739726027397,observed_community,217,0,212,223
100000001578517100,0.96,0.84,observed_community,1641,0,1609,1670
100000001584286100,0.519283121597,0.431578947368,observed_community,243,0,225,253
100000001590795100,0.480322916206,0.353658536585,observed_community,2199,0,2195,2199
100000001597424100,0.826503537736,0.75,observed_community,1433,0,1392,1475
100000001597505100,0.0962915601023,0.0653594771242,observed_community,1232,0,1188,1285
100000001598625100,0.571063623894,0.384615384615,observed_community,1086,0,1058,1113
100000001600934100,0.0768740423959,0.0102301790281,observed_community,469,0,387,545
100000001601320100,0.616247047908,0.115789473684,observed_community,1647,0,1523,1758
100000001609499100,0.376509095715,0.236933797909,observed_community,209,0,195,230
100000001611488100,0.250850051477,0.00303951367781,observed_community,126,0,122,138
100000001616816100,0.53017968904,0.11797752809,observed_community,726,0,651,886
100000001632325100,1,1,observed_community,1427,0,1304,1563
100000001633685100,0.191958902868,0.0170648464164,observed_community,1355,0,1324,1402
100000001637376100,0.827253471006,0.622222222222,observed_community,1511,0,1453,1544
100000001639766100,0.713768796992,0.45,observed_community,1762,0,1661,1822
100000001641789100,0.53017968904,0.11797752809,observed_community,769,0,715,834
100000001641951100,0.179442508711,0.0457142857143,observed_community,1017,0,940,1105
100000001648936100,0.713768796992,0.45,observed_community,1358,0,1209,1497
100000001650895100,0.778000894034,0.602272727273,observed_community,1061,0,1004,1117
100000001660397100,0.264403024809,0.0257731958763,observed_community,1208,0,1130,1265
100000001669260100,0.838746438746,0.766666666667,observed_community,1595,0,1461,1703
100000001674850100,0.869866286338,0.714285714286,observed_community,342,0,332,375
100000001677389100,0.441196858286,0.237410071942,observed_community,1741,0,1715,1764
100000001677929100,0.61686957196,0.118279569892,observed_community,1243,0,1048,1374
100000001680944100,0.869866286338,0.714285714286,observed_community,205,0,197,223
100000001684867100,0.864015906223,0.739726027397,observed_community,1685,0,1661,1717
100000001686328100,0.869866286338,0.714285714286,observed_community,329,0,313,352
100000001688676100,0.431169974014,0.29,observed_community,456,0,422,502
100000001689968100,0.269648037528,0.0467532467532,observed_community,311,0,305,327
100000001690439100,0.310535262458,0.0470588235294,observed_community,1106,0,1067,1140
100000001690558100,0.431169974014,0.29,observed_community,199,0,197,206
100000001696818100,0.31693170642,0.0955414012739,observed_community,1473,0,1337,1605
100000001697501100,1,1,observed_community,133,0,104,189
100000001703168100,0.272100804756,0.0820189274448,observed_community,1248,0,1154,1293
100000001714173100,0.284198161914,0.0565217391304,observed_community,119,0,116,124
100000001714413100,0.827253471006,0.622222222222,observed_community,571,0,518,625
100000001714883100,0.480322916206,0.353658536585,observed_community,2164,0,2155,2166
100000001716579100,1,1,observed_community,2153,0,2148,2154
100000001724740100,0.869866286338,0.714285714286,observed_community,668,0,608,707
100000001726614100,0.385677396105,0.215,observed_community,555,0,506,598
100000001732159100,0.1268262859,0.021472392638,observed_community,1703,0,1655,1757
100000001733216100,0.334516352306,0.236933797909,observed_community,1009,0,977,1032
100000001733687100,0.869866286338,0.714285714286,observed_community,369,0,351,407
100000001737722100,0.31693170642,0.0955414012739,observed_community,395,0,379,433
100000001740277100,0.61686957196,0.118279569892,observed_community,1615,0,1491,1717
100000001745217100,0.385677396105,0.215,observed_community,732,0,661,870
100000001746925100,0.479735674847,0.286713286713,observed_community,1217,0,1146,1305
100000001782980100,1,1,observed_community,1736,0,1626,1808
100000001784279100,0.385677396105,0.215,observed_community,1683,0,1659,1715
100000001785161100,0.416145018258,0.183098591549,observed_community,1265,0,1235,1301
100000001788284100,1,1,observed_community,1002,0,919,1077
100000001805543100,0.864015906223,0.739726027397,observed_community,681,0,625,779
100000001808684100,0.713768796992,0.45,observed_community,1405,0,1271,1545
100000001816678100,0.364984156553,0.0700636942675,observed_community,1305,0,1277,1354
100000001818442100,0.778000894034,0.602272727273,observed_community,1414,0,1375,1455
100000001819396100,1,1,observed_community,368,0,360,406
100000001822623100,0.314749428479,0.0223048327138,observed_community,363,0,354,399
100000001822650100,0.869866286338,0.714285714286,observed_community,1211,0,1171,1268
100000001825934100,0.360217488846,0.0597014925373,observed_community,1754,0,1652,1817
100000001831496100,0.5142008168,0.019801980198,observed_community,1390,0,1336,1432
100000001835625100,0.827253471006,0.622222222222,observed_community,795,0,689,950
100000001837130100,0.385677396105,0.215,observed_community,500,0,460,546
100000001845505100,0.571063623894,0.384615384615,observed_community,911,0,858,960
100000001848426100,0.713768796992,0.45,observed_community,1348,0,1196,1488
100000001851289100,0.864015906223,0.739726027397,observed_community,569,0,525,622
100000001852140100,1,1,observed_community,1717,0,1612,1808
100000001853812100,0.571063623894,0.384615384615,observed_community,567,0,522,619
100000001857829100,0.838746438746,0.766666666667,observed_community,7,1,7,7
100000001860090100,0.713768796992,0.45,observed_community,1869,0,1865,1877
100000001870116100,1,1,observed_community,2019,0,2013,2019
100000001872484100,1,1,observed_community,1123,0,930,1291
100000001875167100,0.827253471006,0.622222222222,observed_community,304,0,288,321
100000001875239100,0.869866286338,0.714285714286,observed_community,128,0,123,140
100000001884825100,0.869866286338,0.714285714286,observed_community,240,0,227,250
100000001887715100,0.869866286338,0.714285714286,observed_community,301,0,204,387
100000001893287100,0.713768796992,0.45,observed_community,1180,0,986,1328
100000001899164100,0.784415584416,0.228571428571,observed_community,402,0,313,494
100000001904863100,0.826503537736,0.75,observed_community,121,0,119,127
100000001924185100,0.545124761212,0.143497757848,observed_community,275,0,243,304
100000001927599100,0.778000894034,0.602272727273,observed_community,273,0,256,285
100000001929088100,0.61686957196,0.118279569892,observed_community,803,0,705,957
100000001934935100,0.334516352306,0.236933797909,observed_community,630,0,581,704
100000001937767100,0.826503537736,0.75,observed_community,213,0,152,316
100000001952325100,1,1,observed_community,1396,0,1252,1524
100000001953577100,1,1,observed_community,2114,0,2111,2116
100000001954534100,0.188733980419,0.0194552529183,observed_community,1099,0,1076,1121
100000001954903100,0.0766464032421,0.0714285714286,observed_community,1914,0,1909,1917
100000001957974100,0.826503537736,0.75,observed_community,1021,0,979,1068
100000001960517100,0.53017968904,0.11797752809,observed_community,737,0,660,881
100000001961048100,0.416145018258,0.183098591549,observed_community,474,0,443,523
100000001965374100,0.787987012987,0.242857142857,observed_community,1031,0,837,1224
100000001969496100,0.826503537736,0.75,observed_community,1630,0,1590,1654
100000001985793100,0.53017968904,0.11797752809,observed_community,920,0,752,1114
100000001987030100,0.864015906223,0.739726027397,observed_community,1532,0,1477,1557
100000001991973100,0.480322916206,0.353658536585,observed_community,1933,0,1930,1940
100000002015633100,0.827253471006,0.622222222222,observed_community,738,0,657,885
100000002028158100,0.864015906223,0.739726027397,observed_community,1507,0,1452,1532
100000002032323100,1,1,observed_community,735,0,686,771
100000002087788100,0.827253471006,0.622222222222,observed_community,187,0,177,206
100000002095257100,0.784415584416,0.228571428571,observed_community,1134,0,1099,1183
100000002103448100,1,1,observed_community,2037,0,2029,2040
100000002109656100,0.519283121597,0.431578947368,observed_community,839,0,729,1018
100000002116705100,1,1,observed_community,2135,0,2127,2136
100000002119762100,0.827253471006,0.622222222222,observed_community,886,0,844,909
100000002121357100,0.869866286338,0.714285714286,observed_community,931,0,887,972
100000002126791100,0.869866286338,0.714285714286,observed_community,525,0,435,584
100000002130400100,0.360217488846,0.0597014925373,observed_community,1888,0,1884,1897
100000002132479100,0.826503537736,0.75,observed_community,588,0,505,640
100000002152857100,0.53017968904,0.11797752809,observed_community,1740,0,1634,1812
100000002156381100,0.573214285714,0.2,observed_community,502,0,415,570
100000002158488100,1,1,observed_community,1971,0,1966,1974
100000002170580100,0.0766464032421,0.0714285714286,observed_community,1063,0,864,1254
100000002173070100,0.96,0.84,observed_community,1642,0,1610,1671
100000002173161100,0.451031712901,0.00261096605744,observed_community,138,0,128,143
100000002175422100,1,1,observed_community,241,0,169,340
100000002182176100,0.409626392506,0.260623229462,observed_community,1550,0,1504,1575
100000002184107100,0.419979933521,0.152542372881,observed_community,1749,0,1723,1772
100000002185328100,0.96,0.84,observed_community,1110,0,1087,1132
100000002188586100,0.778000894034,0.602272727273,observed_community,1439,0,1400,1481
100000002188829100,0.479735674847,0.286713286713,observed_community,171,0,158,184
100000002193259100,0.784415584416,0.228571428571,observed_community,496,0,411,562
100000002194320100,0.261255934963,0.015503875969,observed_community,801,0,762,831
100000002194329100,0.334516352306,0.236933797909,observed_community,1758,0,1731,1784
100000002199091100,1,1,observed_community,1350,0,1197,1491
100000002205022100,0.96,0.84,observed_community,385,0,289,472
100000002208836100,0.63988490039,0.00869565217391,observed_community,1155,0,1130,1179
100000002211413100,1,1,observed_community,1946,0,1943,1949
100000002212494100,1,1,observed_community,330,0,321,353
100000002214207100,0.360217488846,0.0597014925373,observed_community,1663,0,1539,1765
100000002214301100,0.409626392506,0.260623229462,observed_community,1671,0,1645,1699
100000002214383100,1,1,observed_community,1691,0,1579,1789
100000002214570100,1,1,observed_community,1999,0,1994,2002
100000002214664100,1,1,observed_community,2070,0,2042,2090
100000002216999100,1,1,observed_community,2071,0,2067,2073
100000002217161100,0.419979933521,0.152542372881,observed_community,392,0,296,481
100000002217806100,0.758578431373,0.0343137254902,observed_community,977,0,942,998
100000002224132100,0.787987012987,0.242857142857,observed_community,57,0,49,65
100000002227960100,0.96,0.84,observed_community,1566,0,1518,1588
100000002227989100,0.96,0.84,observed_community,1145,0,1122,1181
100000002229615100,0.96,0.84,observed_community,836,0,789,888
100000002231144100,0.96,0.84,observed_community,1224,0,1186,1259
100000002232266100,0.571063623894,0.384615384615,observed_community,1521,0,1463,1545
100000002236528100,0.300651828714,0.0340557275542,observed_community,517,0,477,563
100000002241986100,0.827253471006,0.622222222222,observed_community,1151,0,1054,1231
100000002242066100,0.419979933521,0.152542372881,observed_community,885,0,843,908
100000002242455100,0.827253471006,0.622222222222,observed_community,820,0,785,855
100000002243354100,1,1,observed_community,2059,0,2055,2062
100000002255058100,0.96,0.84,observed_community,823,0,694,1026
100000002257794100,1,1,observed_community,714,0,604,879
100000002258492100,0.842319749216,0.472727272727,observed_community,964,0,925,1004
100000002267998100,0.916666666667,0.666666666667,observed_community,218,0,155,325
100000002284426100,0.827253471006,0.622222222222,observed_community,750,0,665,900
100000002289937100,1,1,observed_community,2064,0,2060,2066
100000002293421100,0.96,0.84,observed_community,562,0,477,619
100000002299948100,0.0962915601023,0.0653594771242,observed_community,1629,0,1573,1664
100000002301828100,0.441196858286,0.237410071942,observed_community,1554,0,1510,1578
100000002304943100,0.96,0.84,observed_community,1448,0,1407,1489
100000002305007100,1,1,observed_community,1545,0,1405,1665
100000002305477100,0.96,0.84,observed_community,1369,0,1336,1412
100000002306369100,0.364984156553,0.0700636942675,observed_community,990,0,914,1074
100000002308091100,0.388760386187,0.0884353741497,observed_community,766,0,644,950
100000002320495100,0.269648037528,0.0467532467532,observed_community,1027,0,983,1078
100000002324543100,0.617173893324,0.119496855346,observed_community,2074,0,2068,2078
100000002335358100,0.864015906223,0.739726027397,observed_community,185,0,174,196
100000002340562100,0.61686957196,0.118279569892,observed_community,1795,0,1702,1828
100000002343825100,0.869866286338,0.714285714286,observed_community,887,0,845,929
100000002346166100,1,1,observed_community,2205,0,2203,2206
100000002356167100,0.827253471006,0.622222222222,observed_community,530,0,480,578
100000002369443100,1,1,observed_community,1575,0,1440,1698
100000002369454100,0.571063623894,0.384615384615,observed_community,1087,0,1059,1114
100000002369510100,1,1,observed_community,1976,0,1972,1981
100000002369874100,0.869866286338,0.714285714286,observed_community,130,0,125,144
100000002371751100,1,1,observed_community,1446,0,1322,1570
100000002371892100,0.864015906223,0.739726027397,observed_community,1354,0,1323,1400
100000002373144100,0.385677396105,0.215,observed_community,1628,0,1589,1653
100000002373386100,1,1,observed_community,2068,0,2064,2070
100000002380341100,0.409626392506,0.260623229462,observed_community,515,0,474,561
100000002391278100,0.373597560976,0.02,observed_community,1444,0,1321,1569
100000002394199100,0.61686957196,0.118279569892,observed_community,1261,0,1063,1382
100000002398779100,0.3520492451,0.186602870813,observed_community,24,0,21,27
100000002404112100,1,1,observed_community,1190,0,1170,1226
100000002432143100,0.364984156553,0.0700636942675,observed_community,307,0,294,320
100000002433697100,0.827253471006,0.622222222222,observed_community,507,0,430,587
100000002435265100,0.334516352306,0.236933797909,observed_community,609,0,563,676
100000002443664100,0.869866286338,0.714285714286,observed_community,129,0,124,142
100000002445750100,0.334516352306,0.236933797909,observed_community,837,0,802,870
100000002448088100,0.96,0.84,observed_community,958,0,925,984
100000002454724100,0.416145018258,0.183098591549,observed_community,520,0,479,567
100000002457464100,0.31693170642,0.0955414012739,observed_community,377,0,367,417
100000002459093100,0.53017968904,0.11797752809,observed_community,865,0,715,1066
100000002459163100,1,1,observed_community,1855,0,1836,1861
100000002459164100,0.441196858286,0.237410071942,observed_community,970,0,933,1008
100000002459240100,0.827253471006,0.622222222222,observed_community,658,0,608,755
100000002459832100,0.838746438746,0.766666666667,observed_community,204,0,201,209
100000002462183100,1,1,observed_community,1041,0,847,1238
100000002469065100,0.96,0.84,observed_community,380,0,370,421
100000002472632100,1,1,observed_community,137,0,127,148
100000002474570100,0.480322916206,0.353658536585,observed_community,2166,0,2159,2171
100000002475601100,0.838746438746,0.766666666667,observed_community,1298,0,1128,1431
100000002478829100,0.96,0.84,observed_community,1112,0,1089,1133
100000002479804100,0.31693170642,0.0955414012739,observed_community,1853,0,1832,1864
100000002480800100,0.0768740423959,0.0102301790281,observed_community,110,0,104,114
100000002481735100,0.864015906223,0.739726027397,observed_community,1192,0,1165,1230
100000002481974100,0.838746438746,0.766666666667,observed_community,734,0,685,774
100000002487222100,0.827253471006,0.622222222222,observed_community,1278,0,1254,1320
100000002488629100,0.713768796992,0.45,observed_community,1429,0,1309,1564
100000002489253100,0.864015906223,0.739726027397,observed_community,565,0,519,617
100000002492277100,0.272100804756,0.0820189274448,observed_community,460,0,426,507
100000002505277100,0.334516352306,0.236933797909,observed_community,1010,0,978,1033
100000002506987100,0.778000894034,0.602272727273,observed_community,1533,0,1480,1559
100000002508637100,0.838746438746,0.766666666667,observed_community,1229,0,1025,1370
100000002509598100,0.519283121597,0.431578947368,observed_community,995,0,840,1198
100000002511581100,1,1,observed_community,2136,0,2128,2137
100000002511825100,0.409626392506,0.260623229462,observed_community,595,0,542,650
100000002512742100,0.480322916206,0.353658536585,observed_community,2183,0,2174,2185
100000002513028100,0.22348040452,0.0923913043478,observed_community,1189,0,1147,1227
100000002514975100,1,1,observed_community,1020,0,977,1062
100000002516862100,0.22348040452,0.0923913043478,observed_community,1103,0,1080,1125
100000002521039100,0.334516352306,0.236933797909,observed_community,419,0,400,469
100000002527114100,1,1,observed_community,1605,0,1394,1770
100000002528544100,0.838746438746,0.766666666667,observed_community,1352,0,1201,1492
100000002528978100,0.778000894034,0.602272727273,observed_community,1661,0,1633,1689
100000002529877100,0.869866286338,0.714285714286,observed_community,1135,0,1090,1185
100000002529880100,0.869866286338,0.714285714286,observed_community,410,0,391,454
100000002530224100,0.869866286338,0.714285714286,observed_community,561,0,503,612
100000002531406100,0.838746438746,0.766666666667,observed_community,741,0,623,945
100000002534091100,0.249659854335,0.03003003003,observed_community,1546,0,1498,1571
100000002537811100,0.176155862294,0.0335195530726,observed_community,551,0,461,608
100000002539625100,0.126234348342,0.0286885245902,observed_community,279,0,259,292
100000002540033100,0.869866286338,0.714285714286,observed_community,810,0,773,861
100000002540623100,0.0766464032421,0.0714285714286,observed_community,1175,0,974,1321
100000002546921100,0.826503537736,0.75,observed_community,1650,0,1621,1678
100000002547110100,0.869866286338,0.714285714286,observed_community,33,0,31,33
100000002548759100,0.869866286338,0.714285714286,observed_community,308,0,286,331
100000002550141100,0.838746438746,0.766666666667,observed_community,481,0,446,526
100000002554175100,0.778000894034,0.602272727273,observed_community,1569,0,1522,1591
100000002556775100,0.827253471006,0.622222222222,observed_community,538,0,488,586
100000002558173100,0.0962915601023,0.0653594771242,observed_community,1551,0,1489,1590
100000002559089100,0.869866286338,0.714285714286,observed_community,162,0,155,174
100000002565277100,0.479735674847,0.286713286713,observed_community,157,0,152,175
100000002566204100,0.0766464032421,0.0714285714286,observed_community,1234,0,1029,1372
100000002567887100,0.827253471006,0.622222222222,observed_community,846,0,729,1029
100000002570206100,0.205309223626,0.00326797385621,observed_community,393,0,378,431
100000002575080100,0.864015906223,0.739726027397,observed_community,927,0,889,971
100000002578405100,1,1,observed_community,95,0,82,115
100000002578653100,0.3520492451,0.186602870813,observed_community,1395,0,1357,1436
100000002580377100,0.864015906223,0.739726027397,observed_community,1648,0,1618,1676
100000002581346100,0.827253471006,0.622222222222,observed_community,638,0,587,716
100000002589019100,0.775145067698,0.191489361702,observed_community,1981,0,1977,1987
100000002591469100,0.61686957196,0.118279569892,observed_community,1338,0,1185,1476
100000002592567100,0.864015906223,0.739726027397,observed_community,1737,0,1709,1766
100000002593038100,0.784415584416,0.228571428571,observed_community,775,0,724,823
100000002593344100,0.869866286338,0.714285714286,observed_community,195,0,188,203
100000002594214100,0.827253471006,0.622222222222,observed_community,807,0,770,849
100000002596035100,0.545124761212,0.143497757848,observed_community,324,0,316,345
100000002596039100,0.157149335368,0.0373831775701,observed_community,1226,0,1193,1261
100000002597003100,0.409626392506,0.260623229462,observed_community,1692,0,1670,1724
100000002597074100,0.0445057805726,0.0257731958763,observed_community,1470,0,1425,1505
100000002597623100,0.334516352306,0.236933797909,observed_community,1792,0,1764,1821
100000002599729100,0.334516352306,0.236933797909,observed_community,942,0,906,965
100000002600345100,0.864015906223,0.739726027397,observed_community,622,0,575,692
100000002603371100,0.409626392506,0.260623229462,observed_community,1744,0,1719,1768
100000002603478100,0.775145067698,0.191489361702,observed_community,2066,0,2062,2068
100000002603769100,0.370554334762,0.213114754098,observed_community,150,0,146,153
100000002605184100,0.864015906223,0.739726027397,observed_community,295,0,290,310
100000002605308100,0.826503537736,0.75,observed_community,89,0,84,95
100000002605548100,0.545124761212,0.143497757848,observed_community,302,0,280,324
100000002606567100,0.409626392506,0.260623229462,observed_community,1675,0,1646,1703
100000002609774100,0.643937748262,0.0197368421053,observed_community,1583,0,1521,1623
100000002611334100,0.409626392506,0.260623229462,observed_community,1333,0,1310,1387
100000002612809100,0.360217488846,0.0597014925373,observed_community,1380,0,1232,1507
100000002613776100,0.281855604206,0.13963963964,observed_community,1434,0,1393,1476
100000002613929100,0.617173893324,0.119496855346,observed_community,745,0,698,790
100000002614095100,1,1,observed_community,2208,0,2206,2209
100000002615479100,0.617173893324,0.119496855346,observed_community,1252,0,1052,1383
100000002618492100,0.545124761212,0.143497757848,observed_community,229,0,218,236
100000002621434100,0.869866286338,0.714285714286,observed_community,610,0,555,681
100000002621915100,0.864015906223,0.739726027397,observed_community,1141,0,1099,1210
100000002621949100,0.479735674847,0.286713286713,observed_community,265,0,242,285
100000002622822100,0.869866286338,0.714285714286,observed_community,497,0,413,566
100000002628146100,0.0962915601023,0.0653594771242,observed_community,1222,0,1178,1276
100000002628576100,0.63988490039,0.00869565217391,observed_community,991,0,945,1072
100000002632742100,0.869866286338,0.714285714286,observed_community,336,0,322,362
100000002633108100,0.826503537736,0.75,observed_community,263,0,257,268
100000002633701100,0.284198161914,0.0565217391304,observed_community,1210,0,1010,1358
100000002635746100,0.480322916206,0.353658536585,observed_community,2192,0,2191,2195
100000002635780100,0.61686957196,0.118279569892,observed_community,151,0,145,155
100000002644285100,0.519283121597,0.431578947368,observed_community,840,0,730,1019
100000002645046100,0.480322916206,0.353658536585,observed_community,2034,0,2022,2048
100000002645609100,0.334516352306,0.236933797909,observed_community,258,0,252,271
100000002645993100,0.3520492451,0.186602870813,observed_community,1227,0,1137,1284
100000002646745100,1,1,observed_community,2179,0,2177,2183
100000002646887100,1,1,observed_community,1557,0,1511,1580
100000002648315100,0.61686957196,0.118279569892,observed_community,1897,0,1888,1908
100000002653187100,0.784415584416,0.228571428571,observed_community,996,0,964,1050
100000002653948100,0.827253471006,0.622222222222,observed_community,757,0,673,912
100000002659103100,0.277549407115,0.0266666666667,observed_community,1025,0,991,1049
100000002659265100,0.869866286338,0.714285714286,observed_community,1064,0,1022,1103
100000002660298100,0.778000894034,0.602272727273,observed_community,1510,0,1454,1534
100000002662768100,0.31693170642,0.0955414012739,observed_community,1336,0,1177,1472
100000002663511100,0.385677396105,0.215,observed_community,406,0,390,451
100000002666248100,0.479735674847,0.286713286713,observed_community,414,0,386,463
100000002670463100,0.480322916206,0.353658536585,observed_community,1896,0,1895,1901
100000002670860100,0.519283121597,0.431578947368,observed_community,694,0,638,804
100000002670960100,0.519283121597,0.431578947368,observed_community,856,0,739,1038
100000002671326100,1,1,observed_community,612,0,543,664
100000002671806100,0.775145067698,0.191489361702,observed_community,2175,0,2174,2179
100000002677201100,0.869866286338,0.714285714286,observed_community,1109,0,1060,1147
100000002679516100,0.784415584416,0.228571428571,observed_community,267,0,247,289
100000002680477100,0.388760386187,0.0884353741497,observed_community,1950,0,1947,1956
100000002681449100,0.255395126479,0.021472392638,observed_community,1379,0,1337,1417
100000002681544100,0.300651828714,0.0340557275542,observed_community,351,0,346,383
100000002686226100,0.181929780793,0.0156739811912,observed_community,655,0,596,696
100000002689717100,0.778000894034,0.602272727273,observed_community,1382,0,1345,1421
100000002691583100,1,1,observed_community,292,0,286,307
100000002691858100,0.0962915601023,0.0653594771242,observed_community,355,0,339,386
100000002692044100,0.775145067698,0.191489361702,observed_community,1377,0,1225,1510
100000002692750100,0.713768796992,0.45,observed_community,475,0,392,548
100000002695812100,0.778000894034,0.602272727273,observed_community,1178,0,1159,1213
100000002696152100,0.573214285714,0.2,observed_community,332,0,225,414
100000002697752100,0.571063623894,0.384615384615,observed_community,358,0,351,389
100000002700161100,0.290851832276,0.0387596899225,observed_community,624,0,558,672
100000002702968100,0.778000894034,0.602272727273,observed_community,1500,0,1447,1528
100000002703376100,0.441196858286,0.237410071942,observed_community,1564,0,1515,1586
100000002704875100,0.571063623894,0.384615384615,observed_community,384,0,373,424
100000002705460100,0.864015906223,0.739726027397,observed_community,207,0,196,226
100000002706810100,0.480322916206,0.353658536585,observed_community,1876,0,1873,1880
100000002707106100,0.826503537736,0.75,observed_community,1796,0,1770,1824
100000002708624100,1,1,observed_community,1281,0,1257,1324
100000002710570100,0.409626392506,0.260623229462,observed_community,196,0,184,203
100000002712416100,0.869866286338,0.714285714286,observed_community,400,0,381,441
100000002713074100,0.181929780793,0.0156739811912,observed_community,725,0,672,762
100000002713974100,0.838746438746,0.766666666667,observed_community,1212,0,1190,1248
100000002718366100,0.869866286338,0.714285714286,observed_community,20,0.727272727273,19,22
100000002720627100,0.545124761212,0.143497757848,observed_community,343,0,336,376
100000002721825100,0.409626392506,0.260623229462,observed_community,1075,0,1029,1122
100000002722108100,0.519283121597,0.431578947368,observed_community,719,0,637,852
100000002723439100,0.573214285714,0.2,observed_community,866,0,820,899
100000002723538100,0.249659854335,0.03003003003,observed_community,63,0,62,65
100000002723674100,0.96,0.84,observed_community,1275,0,1250,1319
100000002726055100,0.96,0.84,observed_community,1317,0,1289,1366
100000002727288100,0.682797270661,0.0148514851485,observed_community,1221,0,1185,1257
100000002728246100,0.827253471006,0.622222222222,observed_community,1051,0,1010,1100
100000002729875100,0.778000894034,0.602272727273,observed_community,1266,0,1237,1303
100000002731501100,1,1,observed_community,1129,0,935,1295
100000002733083100,0.778000894034,0.602272727273,observed_community,1666,0,1640,1694
100000002733905100,1,1,observed_community,1176,0,979,1321
100000002734815100,0.869866286338,0.714285714286,observed_community,1153,0,1112,1204
100000002736033100,0.441196858286,0.237410071942,observed_community,1514,0,1458,1537
100000002736316100,0.409626392506,0.260623229462,observed_community,268,0,263,273
100000002737980100,0.864015906223,0.739726027397,observed_community,1534,0,1483,1560
100000002738256100,1,1,observed_community,321,0,211,434
100000002741024100,0.272100804756,0.0820189274448,observed_community,28,0,27,30
100000002742067100,0.864015906223,0.739726027397,observed_community,1724,0,1697,1747
100000002744581100,0.61686957196,0.118279569892,observed_community,1883,0,1875,1884
100000002748040100,0.778000894034,0.602272727273,observed_community,1634,0,1598,1660
100000002748180100,0.388760386187,0.0884353741497,observed_community,1936,0,1911,1968
100000002748511100,0.864015906223,0.739726027397,observed_community,929,0,884,979
100000002748532100,0.284198161914,0.0565217391304,observed_community,730,0,679,770
100000002748581100,0.826503537736,0.75,observed_community,1476,0,1430,1508
100000002748761100,0.519283121597,0.431578947368,observed_community,720,0,640,854
100000002750332100,0.617173893324,0.119496855346,observed_community,2190,0,2188,2196
100000002750956100,0.409626392506,0.260623229462,observed_community,1524,0,1467,1548
100000002752565100,0.571063623894,0.384615384615,observed_community,1169,0,1150,1200
100000002753146100,0.519283121597,0.431578947368,observed_community,718,0,636,850
100000002755292100,0.827253471006,0.622222222222,observed_community,603,0,556,668
100000002757240100,0.364984156553,0.0700636942675,observed_community,371,0,352,408
100000002757791100,0.632198743776,0.0158102766798,observed_community,1320,0,1146,1448
100000002757797100,0.775145067698,0.191489361702,observed_community,1363,0,1214,1501
100000002760175100,0.545124761212,0.143497757848,observed_community,357,0,344,388
100000002762076100,0.61686957196,0.118279569892,observed_community,1831,0,1790,1845
100000002769809100,0.431169974014,0.29,observed_community,322,0,310,342
100000002773323100,0.869866286338,0.714285714286,observed_community,804,0,765,854
100000002774456100,0.545124761212,0.143497757848,observed_community,611,0,565,678
100000002778085100,0.864015906223,0.739726027397,observed_community,652,0,606,747
100000002779485100,0.157149335368,0.0373831775701,observed_community,219,0,206,242
100000002781227100,0.869866286338,0.714285714286,observed_community,317,0,208,429
100000002784085100,0.617173893324,0.119496855346,observed_community,1276,0,1087,1398
100000002791494100,0.778000894034,0.602272727273,observed_community,1218,0,1195,1255
100000002793851100,0.864015906223,0.739726027397,observed_community,1814,0,1786,1835
100000002793881100,0.869866286338,0.714285714286,observed_community,114,0,109,119
100000002794197100,0.61686957196,0.118279569892,observed_community,2130,0,2112,2143
100000002794374100,0.869866286338,0.714285714286,observed_community,855,0,807,906
100000002796853100,0.869866286338,0.714285714286,observed_community,1293,0,1115,1421
100000002799941100,0.431169974014,0.29,observed_community,222,0,216,228
100000002807334100,0.827253471006,0.622222222222,observed_community,830,0,716,1008
100000002809568100,0.409626392506,0.260623229462,observed_community,1800,0,1774,1826
100000002809896100,0.778000894034,0.602272727273,observed_community,1442,0,1403,1484
100000002810870100,1,1,observed_community,1963,0,1957,1966
100000002812641100,0.617173893324,0.119496855346,observed_community,394,0,304,486
100000002815005100,0.869866286338,0.714285714286,observed_community,289,0,275,302
100000002818726100,0.281855604206,0.13963963964,observed_community,1735,0,1709,1758
100000002820010100,0.713768796992,0.45,observed_community,1987,0,1984,1994
100000002821425100,0.519283121597,0.431578947368,observed_community,1049,0,871,1243
100000002822472100,0.519283121597,0.431578947368,observed_community,347,0,335,380
100000002824176100,0.53017968904,0.11797752809,observed_community,809,0,711,964
100000002826669100,0.330159180636,0.0135593220339,observed_community,246,0,234,257
100000002830055100,1,1,observed_community,2149,0,2144,2150
100000002831727100,0.431169974014,0.29,observed_community,1332,0,1274,1386
100000002832753100,0.864015906223,0.739726027397,observed_community,902,0,839,963
100000002835874100,0.869866286338,0.714285714286,observed_community,1452,0,1395,1504
100000002836052100,0.179442508711,0.0457142857143,observed_community,1191,0,1108,1297
100000002836736100,0.53017968904,0.11797752809,observed_community,482,0,418,548
100000002838519100,0.826503537736,0.75,observed_community,1443,0,1404,1485
100000002838861100,0.617173893324,0.119496855346,observed_community,27,0,26,28
100000002842321100,0.827253471006,0.622222222222,observed_community,647,0,594,735
100000002842337100,0.616247047908,0.115789473684,observed_community,1146,0,954,1309
100000002844652100,0.61686957196,0.118279569892,observed_community,1667,0,1550,1787
100000002844897100,0.617173893324,0.119496855346,observed_community,2195,0,2191,2199
100000002845605100,0.409626392506,0.260623229462,observed_community,608,0,561,673
100000002847207100,0.479735674847,0.286713286713,observed_community,1311,0,1255,1393
100000002849158100,0.869866286338,0.714285714286,observed_community,544,0,455,601
100000002852402100,0.864015906223,0.739726027397,observed_community,430,0,409,478
100000002858835100,1,1,observed_community,2018,0,2011,2018
100000002860934100,0.90625,0.875,observed_community,701,0,649,740
100000002861485100,0.864015906223,0.739726027397,observed_community,1699,0,1679,1730
100000002862113100,0.826503537736,0.75,observed_community,1440,0,1402,1482
100000002863356100,1,1,observed_community,1885,0,1884,1890
100000002864256100,0.479735674847,0.286713286713,observed_community,306,0,282,327
100000002864680100,0.775145067698,0.191489361702,observed_community,1535,0,1394,1653
100000002870463100,0.713768796992,0.45,observed_community,104,0,98,109
100000002870937100,0.61686957196,0.118279569892,observed_community,1611,0,1482,1735
100000002871199100,0.826503537736,0.75,observed_community,1625,0,1584,1648
100000002872399100,0.61686957196,0.118279569892,observed_community,621,0,502,736
100000002876914100,0.480322916206,0.353658536585,observed_community,2035,0,2023,2049
100000002877262100,0.869866286338,0.714285714286,observed_community,489,0,453,535
100000002878467100,0.869866286338,0.714285714286,observed_community,349,0,339,381
100000002878483100,0.480322916206,0.353658536585,observed_community,2184,0,2175,2186
100000002881669100,0.775145067698,0.191489361702,observed_community,2109,0,2104,2113
100000002883402100,0.15546671193,0.00335570469799,observed_community,333,0,304,362
100000002884708100,0.869866286338,0.714285714286,observed_community,581,0,496,633
100000002886166100,1,1,observed_community,1140,0,948,1305
100000002890167100,0.864015906223,0.739726027397,observed_community,560,0,513,611
100000002891765100,0.826503537736,0.75,observed_community,564,0,517,616
100000002893020100,0.778000894034,0.602272727273,observed_community,1633,0,1596,1657
100000002894076100,0.61686957196,0.118279569892,observed_community,102,0,97,107
100000002896506100,0.838746438746,0.766666666667,observed_community,1300,0,1272,1347
100000002901457100,0.571063623894,0.384615384615,observed_community,868,0,825,906
100000002904919100,0.385677396105,0.215,observed_community,1589,0,1545,1611
100000002906470100,0.431169974014,0.29,observed_community,462,0,428,509
100000002908521100,1,1,observed_community,1951,0,1944,1954
100000002911170100,0.416145018258,0.183098591549,observed_community,346,0,341,379
100000002913340100,1,1,observed_community,2072,0,2068,2074
100000002914245100,0.838746438746,0.766666666667,observed_community,1435,0,1312,1570
100000002916006100,0.842319749216,0.472727272727,observed_community,2226,0,2226,2226
100000002921047100,0.61686957196,0.118279569892,observed_community,874,0,828,923
100000002922000100,0.277549407115,0.0266666666667,observed_community,784,0,741,816
100000002926970100,0.778000894034,0.602272727273,observed_community,439,0,415,484
100000002933386100,0.181966421878,0.0470588235294,observed_community,772,0,722,822
100000002934441100,0.409626392506,0.260623229462,observed_community,554,0,505,597
100000002936322100,0.838746438746,0.766666666667,observed_community,226,0,220,235
100000002938501100,0.864015906223,0.739726027397,observed_community,1806,0,1777,1829
100000002939838100,0.96,0.84,observed_community,147,0,142,156
100000002941114100,0.545124761212,0.143497757848,observed_community,444,0,363,530
100000002943472100,0.869866286338,0.714285714286,observed_community,382,0,371,422
100000002945031100,0.281855604206,0.13963963964,observed_community,1673,0,1647,1701
100000002945626100,0.869866286338,0.714285714286,observed_community,201,0,193,216
100000002947299100,0.364984156553,0.0700636942675,observed_community,296,0,285,311
100000002948492100,0.826503537736,0.75,observed_community,1619,0,1577,1643
100000002951898100,0.826503537736,0.75,observed_community,1488,0,1439,1518
100000002952631100,0.864015906223,0.739726027397,observed_community,1608,0,1565,1632
100000002952756100,0.388760386187,0.0884353741497,observed_community,1847,0,1786,1849
100000002954780100,0.869866286338,0.714285714286,observed_community,529,0,470,581
100000002956769100,0.869866286338,0.714285714286,observed_community,112,0,108,115
100000002956779100,0.96,0.84,observed_community,872,0,719,1072
100000002956898100,0.864015906223,0.739726027397,observed_community,269,0,262,274
100000002957306100,0.545124761212,0.143497757848,observed_community,160,0,150,180
100000002957787100,0.409626392506,0.260623229462,observed_community,9,1,8,10
100000002958139100,0.869866286338,0.714285714286,observed_community,435,0,404,482
100000002958286100,0.617173893324,0.119496855346,observed_community,1188,0,995,1338
100000002958343100,0.61686957196,0.118279569892,observed_community,1136,0,943,1301
100000002958345100,0.519283121597,0.431578947368,observed_community,992,0,839,1192
100000002963189100,0.826503537736,0.75,observed_community,472,0,391,546
100000002964966100,0.31693170642,0.0955414012739,observed_community,224,0,212,232
100000002968096100,0.148282959219,0.0227272727273,observed_community,1228,0,1204,1263
100000002969048100,0.713768796992,0.45,observed_community,1324,0,1154,1457
100000002970466100,0.334516352306,0.236933797909,observed_community,1469,0,1388,1529
100000002971593100,0.827253471006,0.622222222222,observed_community,922,0,888,949
100000002973903100,0.775145067698,0.191489361702,observed_community,379,0,369,420
100000002974256100,0.775145067698,0.191489361702,observed_community,1848,0,1789,1854
100000002975287100,0.269648037528,0.0467532467532,observed_community,1729,0,1701,1751
100000002975437100,1,1,observed_community,120,0,116,126
100000002981489100,0.827253471006,0.622222222222,observed_community,1782,0,1756,1807
100000002981527100,0.617173893324,0.119496855346,observed_community,1303,0,1135,1438
100000002982252100,1,1,observed_community,2062,0,2058,2064
100000002983426100,0.778000894034,0.602272727273,observed_community,429,0,408,476
100000002983879100,0.364984156553,0.0700636942675,observed_community,220,0,205,240
100000002984403100,1,1,observed_community,1270,0,1241,1311
100000002986245100,0.480322916206,0.353658536585,observed_community,2187,0,2182,2189
100000002988894100,0.479735674847,0.286713286713,observed_community,731,0,680,784
100000002989353100,0.519283121597,0.431578947368,observed_community,1679,0,1615,1749
100000002990675100,0.827253471006,0.622222222222,observed_community,844,0,726,1025
100000002991079100,0.864015906223,0.739726027397,observed_community,932,0,897,956
100000002992171100,1,1,observed_community,2132,0,2130,2135
100000002994441100,0.571063623894,0.384615384615,observed_community,1089,0,1033,1148
100000002999140100,0.784415584416,0.228571428571,observed_community,1739,0,1714,1763
100000003001138100,0.90625,0.875,observed_community,1307,0,1278,1355
100000003001564100,0.864015906223,0.739726027397,observed_community,1606,0,1563,1646
100000003001661100,0.90625,0.875,observed_community,535,0,445,595
100000003003821100,0.479735674847,0.286713286713,observed_community,792,0,738,842
100000003004487100,0.409626392506,0.260623229462,observed_community,690,0,637,726
100000003005167100,0.480322916206,0.353658536585,observed_community,2159,0,2154,2165
100000003006633100,0.419979933521,0.152542372881,observed_community,1655,0,1627,1684
100000003009900100,0.778000894034,0.602272727273,observed_community,1660,0,1632,1688
100000003010908100,0.778000894034,0.602272727273,observed_community,1154,0,1128,1192
100000003014659100,0.545124761212,0.143497757848,observed_community,293,0,287,308
100000003016438100,0.869866286338,0.714285714286,observed_community,954,0,900,994
100000003016635100,0.864015906223,0.739726027397,observed_community,455,0,377,546
100000003016773100,0.126234348342,0.0286885245902,observed_community,1122,0,1079,1190
100000003022835100,0.479735674847,0.286713286713,observed_community,320,0,301,343
100000003024542100,0.479735674847,0.286713286713,observed_community,1202,0,1132,1295
100000003025903100,0.838746438746,0.766666666667,observed_community,747,0,700,781
100000003031003100,0.869866286338,0.714285714286,observed_community,312,0,292,328
100000003031633100,0.869866286338,0.714285714286,observed_community,315,0,299,333
100000003031761100,0.838746438746,0.766666666667,observed_community,1090,0,890,1272
100000003031890100,1,1,observed_community,953,0,774,1153
100000003034546100,0.284198161914,0.0565217391304,observed_community,1018,0,827,1213
100000003035737100,0.838746438746,0.766666666667,observed_community,214,0,207,219
100000003036198100,0.272100804756,0.0820189274448,observed_community,1772,0,1746,1796
100000003037476100,0.869866286338,0.714285714286,observed_community,798,0,760,829
100000003037660100,0.479735674847,0.286713286713,observed_community,470,0,429,520
100000003039473100,0.864015906223,0.739726027397,observed_community,1366,0,1333,1409
100000003040087100,0.778000894034,0.602272727273,observed_community,1525,0,1468,1549
100000003042994100,0.864015906223,0.739726027397,observed_community,372,0,364,409
100000003044431100,0.281855604206,0.13963963964,observed_community,556,0,507,600
100000003044518100,0.61686957196,0.118279569892,observed_community,2108,0,2099,2123
100000003047800100,0.519283121597,0.431578947368,observed_community,1861,0,1854,1867
100000003050771100,0.281855604206,0.13963963964,observed_community,288,0,281,299
100000003054328100,0.388760386187,0.0884353741497,observed_community,1823,0,1729,1839
100000003057225100,0.864015906223,0.739726027397,observed_community,408,0,392,453
100000003060187100,0.431169974014,0.29,observed_community,536,0,495,582
100000003060517100,0.269648037528,0.0467532467532,observed_community,282,0,275,291
100000003061115100,0.571063623894,0.384615384615,observed_community,908,0,873,939
100000003062895100,0.126234348342,0.0286885245902,observed_community,175,0,167,187
100000003066385100,0.409626392506,0.260623229462,observed_community,1643,0,1611,1672
100000003068941100,0.407381885779,0.0149253731343,observed_community,1168,0,1149,1199
100000003069463100,1,1,observed_community,1709,0,1689,1738
100000003071649100,0.869866286338,0.714285714286,observed_community,449,0,409,499
100000003071930100,0.617173893324,0.119496855346,observed_community,230,0,215,239
100000003072205100,0.869866286338,0.714285714286,observed_community,1053,0,1016,1100
100000003072676100,0.269648037528,0.0467532467532,observed_community,1582,0,1537,1604
100000003073398100,0.713768796992,0.45,observed_community,1356,0,1205,1496
100000003073635100,0.571063623894,0.384615384615,observed_community,441,0,416,486
100000003074515100,0.869866286338,0.714285714286,observed_community,1296,0,1261,1359
100000003078839100,0.571063623894,0.384615384615,observed_community,1387,0,1351,1430
100000003083865100,0.778000894034,0.602272727273,observed_community,1668,0,1642,1696
100000003084870100,0.519283121597,0.431578947368,observed_community,1834,0,1794,1841
100000003086040100,0.409626392506,0.260623229462,observed_community,1024,0,967,1079
100000003087877100,0.838746438746,0.766666666667,observed_community,1559,0,1425,1676
100000003089018100,0.284198161914,0.0565217391304,observed_community,1264,0,1068,1389
100000003089553100,0.869866286338,0.714285714286,observed_community,403,0,385,446
100000003091142100,0.0445057805726,0.0257731958763,observed_community,1054,0,1023,1078
100000003093299100,0.334516352306,0.236933797909,observed_community,1797,0,1773,1825
100000003095610100,0.778000894034,0.602272727273,observed_community,1579,0,1533,1600
100000003096787100,0.778000894034,0.602272727273,observed_community,1653,0,1624,1682
100000003097324100,0.869866286338,0.714285714286,observed_community,254,0,235,269
100000003097947100,0.571063623894,0.384615384615,observed_community,1255,0,1227,1290
100000003102157100,0.409626392506,0.260623229462,observed_community,511,0,470,555
100000003104347100,0.314749428479,0.0223048327138,observed_community,255,0,249,262
100000003105089100,0.96,0.84,observed_community,1567,0,1519,1589
100000003105929100,0.827253471006,0.622222222222,observed_community,1230,0,1172,1269
100000003109805100,0.441196858286,0.237410071942,observed_community,1607,0,1564,1630
100000003111305100,0.632198743776,0.0158102766798,observed_community,186,0,183,192
100000003112436100,0.96,0.84,observed_community,521,0,482,569
100000003112578100,0.519283121597,0.431578947368,observed_community,1342,0,1194,1482
100000003115284100,0.176155862294,0.0335195530726,observed_community,5,1,4,6
100000003116106100,0.827253471006,0.622222222222,observed_community,425,0,399,473
100000003119550100,1,1,observed_community,2057,0,2053,2060
100000003122817100,1,1,observed_community,228,0,223,233
100000003123296100,0.775145067698,0.191489361702,observed_community,1412,0,1277,1546
100000003125997100,0.869866286338,0.714285714286,observed_community,740,0,691,774
100000003128638100,0.869866286338,0.714285714286,observed_community,849,0,809,885
100000003131016100,0.571063623894,0.384615384615,observed_community,420,0,335,508
100000003131693100,0.479735674847,0.286713286713,observed_community,181,0,169,194
100000003132484100,0.284198161914,0.0565217391304,observed_community,871,0,718,1070
100000003133045100,1,1,observed_community,1170,0,1151,1202
100000003134474100,0.827253471006,0.622222222222,observed_community,699,0,641,816
100000003134550100,0.869866286338,0.714285714286,observed_community,1310,0,1270,1375
100000003134934100,0.294347214806,0.0964467005076,observed_community,169,0,161,181
100000003134937100,0.864015906223,0.739726027397,observed_community,1821,0,1790,1841
100000003146511100,0.281855604206,0.13963963964,observed_community,1436,0,1396,1478
100000003147719100,0.869866286338,0.714285714286,observed_community,585,0,523,638
100000003148220100,1,1,observed_community,1238,0,1044,1369
100000003149149100,0.827253471006,0.622222222222,observed_community,577,0,526,632
100000003152964100,0.571063623894,0.384615384615,observed_community,1187,0,1167,1221
100000003154105100,0.96,0.84,observed_community,550,0,460,607
100000003157333100,0.713768796992,0.45,observed_community,1988,0,1985,1995
100000003157679100,0.869866286338,0.714285714286,observed_community,176,0,171,188
100000003158727100,0.181340204774,0.0036231884058,observed_community,281,0,259,295
100000003159641100,0.261255934963,0.015503875969,observed_community,1225,0,1194,1260
100000003163256100,0.864015906223,0.739726027397,observed_community,1751,0,1723,1778
100000003163886100,0.96,0.84,observed_community,108,0,103,113
100000003164661100,1,1,observed_community,678,0,567,808
100000003166017100,0.778000894034,0.602272727273,observed_community,1669,0,1643,1697
100000003166755100,0.272100804756,0.0820189274448,observed_community,1684,0,1660,1716
100000003171006100,0.869866286338,0.714285714286,observed_community,211,0,199,229
100000003171587100,0.838746438746,0.766666666667,observed_community,971,0,911,1027
100000003173783100,0.416145018258,0.183098591549,observed_community,1235,0,1206,1269
100000003177533100,0.838746438746,0.766666666667,observed_community,1274,0,1249,1318
100000003178549100,0.441196858286,0.237410071942,observed_community,704,0,654,747
100000003180305100,0.127555218566,0.0103806228374,observed_community,818,0,783,852
100000003180820100,0.869866286338,0.714285714286,observed_community,1306,0,1269,1373
100000003186579100,0.571063623894,0.384615384615,observed_community,862,0,821,887
100000003187359100,1,1,observed_community,2075,0,2071,2077
100000003188607100,0.616247047908,0.115789473684,observed_community,1882,0,1878,1883
100000003190207100,0.842319749216,0.472727272727,observed_community,896,0,826,971
100000003191430100,0.864015906223,0.739726027397,observed_community,212,0,204,222
100000003192220100,0.864015906223,0.739726027397,observed_community,283,0,266,307
100000003192309100,1,1,observed_community,1968,0,1942,1991
100000003194831100,0.388760386187,0.0884353741497,observed_community,2113,0,2106,2132
100000003199390100,0.827253471006,0.622222222222,observed_community,917,0,882,945
100000003200071100,1,1,observed_community,2227,0,2227,2227
100000003204491100,0.385677396105,0.215,observed_community,1323,0,1293,1372
100000003205210100,0.479735674847,0.286713286713,observed_community,299,0,278,320
100000003207060100,0.571063623894,0.384615384615,observed_community,1003,0,972,1031
100000003213473100,0.364984156553,0.0700636942675,observed_community,107,0,96,125
100000003214786100,0.571063623894,0.384615384615,observed_community,1262,0,1202,1304
100000003215448100,0.571063623894,0.384615384615,observed_community,1258,0,1223,1293
100000003216073100,0.838746438746,0.766666666667,observed_community,2010,0,1989,2033
100000003218308100,0.334516352306,0.236933797909,observed_community,1824,0,1793,1845
100000003219438100,0.90625,0.875,observed_community,1034,0,1000,1067
100000003220685100,0.827253471006,0.622222222222,observed_community,649,0,591,691
100000003221384100,0.864015906223,0.739726027397,observed_community,200,0,198,207
100000003221510100,0.334516352306,0.236933797909,observed_community,1659,0,1622,1695
100000003230328100,0.181966421878,0.0470588235294,observed_community,1206,0,1178,1241
100000003230329100,0.869866286338,0.714285714286,observed_community,1285,0,1245,1338
100000003232675100,0.281855604206,0.13963963964,observed_community,1055,0,1024,1079
100000003235780100,0.334516352306,0.236933797909,observed_community,687,0,631,793
100000003237045100,0.864015906223,0.739726027397,observed_community,635,0,574,682
100000003239379100,0.775145067698,0.191489361702,observed_community,1394,0,1247,1521
100000003239859100,0.775145067698,0.191489361702,observed_community,2110,0,2105,2114
100000003241965100,0.778000894034,0.602272727273,observed_community,1670,0,1644,1698
100000003242289100,0.441196858286,0.237410071942,observed_community,42,0,39,45
100000003242795100,0.827253471006,0.622222222222,observed_community,709,0,645,834
100000003246024100,0.571063623894,0.384615384615,observed_community,851,0,811,904
100000003247600100,0.181966421878,0.0470588235294,observed_community,752,0,705,808
100000003249054100,0.181966421878,0.0470588235294,observed_community,80,0,74,90
100000003252446100,0.869866286338,0.714285714286,observed_community,1287,0,1252,1342
100000003254277100,0.334516352306,0.236933797909,observed_community,1644,0,1614,1676
100000003254723100,0.220169696224,0.0581395348837,observed_community,141,0,133,147
100000003265158100,0.736706689537,0.0377358490566,observed_community,124,0,122,137
100000003265658100,1,1,isolate_not_assessed,2231,0,2231,2231
100000003270419100,0.319496768156,0.212435233161,observed_community,117,0,112,127
100000003271151100,0.571063623894,0.384615384615,observed_community,445,0,418,489
100000003275398100,1,1,observed_community,860,0,711,1061
100000003278020100,0.370554334762,0.213114754098,observed_community,367,0,359,403
100000003284932100,0.479735674847,0.286713286713,observed_community,417,0,387,467
100000003286537100,0.869866286338,0.714285714286,observed_community,446,0,412,491
100000003289281100,0.188733980419,0.0194552529183,observed_community,833,0,794,876
100000003289405100,0.286517863023,0.0299625468165,observed_community,1023,0,829,1216
100000003292191100,0.869866286338,0.714285714286,observed_community,486,0,447,532
100000003292979100,0.486876854101,0.020942408377,observed_community,967,0,900,1031
100000003293377100,0.827253471006,0.622222222222,observed_community,852,0,733,1035
100000003299365100,0.479735674847,0.286713286713,observed_community,101,0,96,106
100000003321423100,0.573214285714,0.2,observed_community,164,0,157,177
100000003321895100,0.864015906223,0.739726027397,observed_community,1088,0,1038,1130
100000003336565100,1,1,observed_community,2029,0,2023,2034
100000003338583100,1,1,observed_community,2045,0,2039,2046
100000003345947100,0.838746438746,0.766666666667,observed_community,907,0,872,930
100000003349739100,1,1,isolate_not_assessed,2232,0,2232,2232
100000003360542100,0.176155862294,0.0335195530726,observed_community,81,0,71,89
100000003366154100,0.486876854101,0.020942408377,observed_community,879,0,810,947
100000003366471100,0.571063623894,0.384615384615,observed_community,278,0,268,286
100000003370425100,0.058964491814,0.0187969924812,observed_community,891,0,831,938
100000003377795100,0.61686957196,0.118279569892,observed_community,2206,0,2204,2207
100000003390036100,0.176155862294,0.0335195530726,observed_community,297,0,201,384
100000003404627100,0.1268262859,0.021472392638,observed_community,71,0,64,81
100000003406094100,0.864015906223,0.739726027397,observed_community,563,0,479,621
100000003447411100,0.157149335368,0.0373831775701,observed_community,1201,0,1165,1238
100000003448713100,0.157149335368,0.0373831775701,observed_community,1240,0,1205,1275
100000003449074100,0.409626392506,0.260623229462,observed_community,1801,0,1775,1827
100000003457710100,0.827253471006,0.622222222222,observed_community,1181,0,1108,1248
100000003470579100,1,1,observed_community,693,0,640,728
100000003476560100,0.479735674847,0.286713286713,observed_community,492,0,441,538
100000003481025100,0.409626392506,0.260623229462,observed_community,1094,0,1053,1141
100000003484058100,0.826503537736,0.75,observed_community,1194,0,1174,1233
100000003486846100,0.864015906223,0.739726027397,observed_community,980,0,943,1015
100000003486970100,0.827253471006,0.622222222222,observed_community,659,0,609,756
100000003497735100,0.431169974014,0.29,observed_community,468,0,438,519
100000003500764100,0.441196858286,0.237410071942,observed_community,1006,0,972,1050
100000003509750100,0.713768796992,0.45,observed_community,370,0,257,496
100000003528285100,0.267449965875,0.0347826086957,observed_community,790,0,749,822
100000003557488100,1,1,observed_community,479,0,395,551
100000003561031100,0.571063623894,0.384615384615,observed_community,1746,0,1720,1769
100000003567087100,1,1,observed_community,1461,0,1330,1594
100000003568904100,0.281855604206,0.13963963964,observed_community,914,0,879,941
100000003574895100,0.334516352306,0.236933797909,observed_community,1721,0,1694,1751
100000003581109100,0.334516352306,0.236933797909,observed_community,1705,0,1684,1734
100000003582677100,0.364984156553,0.0700636942675,observed_community,1272,0,1199,1315
100000003589877100,0.126234348342,0.0286885245902,observed_community,949,0,875,1006
100000003594472100,1,1,observed_community,1590,0,1549,1614
100000003603979100,1,1,observed_community,762,0,639,948
100000003610172100,0.827253471006,0.622222222222,observed_community,800,0,695,956
100000003616818100,1,1,observed_community,1486,0,1357,1605
100000003617552100,1,1,observed_community,1788,0,1692,1826
100000003622955100,0.176155862294,0.0335195530726,observed_community,623,0,557,671
100000003626268100,0.571063623894,0.384615384615,observed_community,1152,0,1109,1216
100000003631015100,0.0688447971781,0.0311111111111,observed_community,1080,0,1041,1111
100000003632533100,0.266300348244,0.0467532467532,observed_community,1177,0,1137,1225
100000003635170100,0.573214285714,0.2,observed_community,77,0,70,81
100000003635660100,0.571063623894,0.384615384615,observed_community,1672,0,1646,1700
100000003636627100,0.713768796992,0.45,observed_community,533,0,443,590
100000003646145100,0.0962915601023,0.0653594771242,observed_community,933,0,875,989
100000003647799100,0.827253471006,0.622222222222,observed_community,729,0,653,865
100000003650146100,0.864015906223,0.739726027397,observed_community,1527,0,1470,1551
100000003664994100,0.684260729521,0.0502512562814,observed_community,869,0,826,896
100000003671721100,0.632062341845,0.0185185185185,observed_community,900,0,847,962
100000003677936100,0.300651828714,0.0340557275542,observed_community,1291,0,1265,1331
100000003684369100,0.479735674847,0.286713286713,observed_community,348,0,287,414
100000003692843100,0.864015906223,0.739726027397,observed_community,727,0,674,763
100000003696422100,1,1,observed_community,724,0,671,761
100000003701161100,0.916666666667,0.666666666667,observed_community,354,0,252,434
100000003711830100,0.571063623894,0.384615384615,observed_community,627,0,578,695
100000003713616100,0.864015906223,0.739726027397,observed_community,1786,0,1759,1812
100000003718221100,0.916666666667,0.666666666667,observed_community,415,0,330,504
100000003718715100,0.220169696224,0.0581395348837,observed_community,634,0,573,681
100000003724440100,0.281855604206,0.13963963964,observed_community,524,0,487,572
100000003736419100,0.571063623894,0.384615384615,observed_community,1609,0,1566,1633
100000003739818100,0.479735674847,0.286713286713,observed_community,457,0,416,503
100000003741418100,0.310535262458,0.0470588235294,observed_community,48,0,46,49
100000003747133100,0.3520492451,0.186602870813,observed_community,72,0,68,82
100000003760160100,0.827253471006,0.622222222222,observed_community,717,0,648,847
100000003770083100,1,1,isolate_not_assessed,2233,0,2233,2233
100000003781406100,0.736706689537,0.0377358490566,observed_community,679,0,623,715
100000003782913100,0.826503537736,0.75,observed_community,1318,0,1290,1368
100000003786516100,0.22348040452,0.0923913043478,observed_community,1697,0,1675,1727
100000003792647100,0.266300348244,0.0467532467532,observed_community,1233,0,1177,1271
100000003795588100,0.385677396105,0.215,observed_community,338,0,329,365
100000003796063100,0.0265561930669,0.0170648464164,observed_community,52,0,50,53
100000003798151100,0.864015906223,0.739726027397,observed_community,166,0,160,176
100000003809101100,0.545124761212,0.143497757848,observed_community,665,0,606,703
100000003814002100,0.827253471006,0.622222222222,observed_community,1756,0,1728,1782
100000003819173100,0.157149335368,0.0373831775701,observed_community,1410,0,1371,1453
100000003823811100,0.842319749216,0.472727272727,observed_community,1066,0,1039,1089
100000003824464100,0.314749428479,0.0223048327138,observed_community,365,0,357,401
100000003831201100,0.334516352306,0.236933797909,observed_community,918,0,883,947
100000003831324100,0.61686957196,0.118279569892,observed_community,284,0,267,300
100000003832231100,0.479735674847,0.286713286713,observed_community,1393,0,1315,1464
100000003834495100,0.385677396105,0.215,observed_community,148,0,143,156
100000003835149100,0.787987012987,0.242857142857,observed_community,1517,0,1384,1637
100000003838587100,0.826503537736,0.75,observed_community,1070,0,1018,1131
100000003843844100,0.281855604206,0.13963963964,observed_community,1445,0,1405,1487
100000003854444100,0.431169974014,0.29,observed_community,41,0,38,44
100000003865939100,1,1,observed_community,924,0,754,1118
100000003873332100,0.431169974014,0.29,observed_community,1268,0,1155,1319
100000003877908100,0.479735674847,0.286713286713,observed_community,1345,0,1283,1438
100000003880331100,0.157149335368,0.0373831775701,observed_community,59,0,55,62
100000003886323100,0.864015906223,0.739726027397,observed_community,541,0,449,599
100000003888197100,0.827253471006,0.622222222222,observed_community,767,0,678,924
100000003888271100,1,1,observed_community,1850,0,1806,1863
100000003888527100,0.684260729521,0.0502512562814,observed_community,1157,0,1135,1182
100000003896956100,0.864015906223,0.739726027397,observed_community,1504,0,1435,1548
100000003899325100,0.838746438746,0.766666666667,observed_community,614,0,567,682
100000003899899100,0.864015906223,0.739726027397,observed_community,167,0,159,178
100000003900547100,0.864015906223,0.739726027397,observed_community,1738,0,1713,1762
100000003904497100,0.869866286338,0.714285714286,observed_community,1161,0,1103,1229
100000003917461100,0.736706689537,0.0377358490566,observed_community,602,0,533,653
100000003920950100,0.300651828714,0.0340557275542,observed_community,253,0,245,256
100000003922499100,0.775145067698,0.191489361702,observed_community,941,0,762,1134
100000003923946100,0.53017968904,0.11797752809,observed_community,1244,0,1111,1325
100000003927792100,0.864015906223,0.739726027397,observed_community,1716,0,1693,1742
100000003934614100,0.90625,0.875,observed_community,1084,0,1032,1125
100000003942602100,1,1,observed_community,1875,0,1869,1884
100000003943247100,0.334516352306,0.236933797909,observed_community,1714,0,1689,1741
100000003943483100,0.775145067698,0.191489361702,observed_community,1282,0,1243,1335
100000003946524100,0.294727801268,0.046511627907,observed_community,106,0,101,108
100000003950749100,0.864015906223,0.739726027397,observed_community,1273,0,1232,1316
100000003951827100,0.310535262458,0.0470588235294,observed_community,1785,0,1754,1811
100000003962994100,0.758578431373,0.0343137254902,observed_community,1131,0,1100,1185
100000003964910100,0.441196858286,0.237410071942,observed_community,168,0,164,172
100000003968044100,0.571063623894,0.384615384615,observed_community,1059,0,959,1133
100000003970394100,0.775145067698,0.191489361702,observed_community,1415,0,1283,1550
100000003971049100,0.441196858286,0.237410071942,observed_community,639,0,588,717
100000003975102100,0.864015906223,0.739726027397,observed_community,1879,0,1867,1889
100000003977183100,0.53017968904,0.11797752809,observed_community,2117,0,2080,2162
100000003980083100,1,1,observed_community,1815,0,1719,1835
100000003985389100,0.148282959219,0.0227272727273,observed_community,759,0,712,793
100000003986141100,0.269648037528,0.0467532467532,observed_community,1832,0,1806,1860
100000003988112100,0.842319749216,0.472727272727,observed_community,645,0,585,688
100000003989033100,0.388760386187,0.0884353741497,observed_community,1597,0,1463,1706
100000003996562100,0.272100804756,0.0820189274448,observed_community,1365,0,1330,1408
100000004004621100,0.281855604206,0.13963963964,observed_community,399,0,374,440
100000004005964100,1,1,observed_community,1604,0,1477,1712
100000004006327100,0.869866286338,0.714285714286,observed_community,660,0,599,698
100000004007116100,1,1,observed_community,2172,0,2099,2202
100000004007197100,1,1,observed_community,2186,0,2182,2189
100000004013952100,0.385677396105,0.215,observed_community,1124,0,1081,1196
100000004015047100,0.53017968904,0.11797752809,observed_community,16,1,11,16
100000004017410100,0.90625,0.875,observed_community,375,0,276,461
100000004019056100,0.281855604206,0.13963963964,observed_community,880,0,837,909
100000004019124100,0.864015906223,0.739726027397,observed_community,1451,0,1395,1511
100000004021459100,1,1,isolate_not_assessed,2234,0,2234,2234
100000004030553100,0.838746438746,0.766666666667,observed_community,1761,0,1659,1820
100000004035925100,0.864015906223,0.739726027397,observed_community,713,0,662,756
100000004041163100,0.842319749216,0.472727272727,observed_community,1631,0,1584,1682
100000004041294100,1,1,observed_community,1493,0,1442,1521
100000004047887100,0.827253471006,0.622222222222,observed_community,1733,0,1707,1756
100000004049912100,0.431169974014,0.29,observed_community,1359,0,1326,1403
100000004058740100,1,1,observed_community,1980,0,1978,1984
100000004064431100,1,1,observed_community,1986,0,1982,1993
100000004066370100,0.360217488846,0.0597014925373,observed_community,1706,0,1599,1802
100000004066647100,0.431169974014,0.29,observed_community,646,0,596,730
100000004070318100,0.391121302844,0.186602870813,observed_community,36,0,30,41
100000004070530100,0.827253471006,0.622222222222,observed_community,1774,0,1746,1798
100000004071070100,0.409626392506,0.260623229462,observed_community,586,0,500,638
100000004071080100,0.409626392506,0.260623229462,observed_community,40,0,38,42
100000004071444100,0.385677396105,0.215,observed_community,1172,0,1134,1205
100000004076740100,0.90625,0.875,observed_community,527,0,439,586
100000004077081100,0.364984156553,0.0700636942675,observed_community,1171,0,1044,1260
100000004094958100,1,1,observed_community,1827,0,1735,1838
100000004096559100,0.616247047908,0.115789473684,observed_community,1674,0,1558,1783
100000004097972100,0.571063623894,0.384615384615,observed_community,1182,0,1162,1217
100000004099450100,0.294347214806,0.0964467005076,observed_community,1526,0,1469,1550
100000004105288100,0.486876854101,0.020942408377,observed_community,144,0,134,152
100000004107228100,0.267449965875,0.0347826086957,observed_community,1802,0,1776,1828
100000004114962100,0.827253471006,0.622222222222,observed_community,174,0,163,186
100000004130144100,0.61686957196,0.118279569892,observed_community,1388,0,1243,1517
100000004134060100,0.869866286338,0.714285714286,observed_community,352,0,343,384
100000004135268100,1,1,observed_community,233,0,163,342
100000004140487100,0.181966421878,0.0470588235294,observed_community,103,0,93,118
100000004140994100,1,1,observed_community,2123,0,2118,2125
100000004144536100,1,1,observed_community,700,0,593,853
100000004150593100,0.864015906223,0.739726027397,observed_community,67,0,64,71
100000004156082100,0.864015906223,0.739726027397,observed_community,15,1,14,16
100000004158362100,0.391121302844,0.186602870813,observed_community,1677,0,1651,1704
100000004159526100,0.826503537736,0.75,observed_community,428,0,344,512
100000004160650100,1,1,observed_community,132,0,103,185
100000004167082100,0.281855604206,0.13963963964,observed_community,1207,0,1166,1243
100000004174835100,1,1,isolate_not_assessed,2235,0,2235,2235
100000004177936100,0.571063623894,0.384615384615,observed_community,1325,0,1298,1376
100000004180097100,0.96,0.84,observed_community,539,0,447,597
100000004183610100,0.220169696224,0.0581395348837,observed_community,667,0,607,706
100000004184158100,0.385677396105,0.215,observed_community,459,0,425,506
100000004185681100,0.272100804756,0.0820189274448,observed_community,1062,0,1020,1112
100000004186824100,0.864015906223,0.739726027397,observed_community,244,0,237,247
100000004188160100,0.494172801513,0.0105540897098,observed_community,70,0,66,86
100000004192107100,0.31693170642,0.0955414012739,observed_community,1418,0,1364,1469
100000004192865100,1,1,observed_community,863,0,713,1063
100000004193835100,0.864015906223,0.739726027397,observed_community,1898,0,1885,1915
100000004200745100,0.736706689537,0.0377358490566,observed_community,642,0,580,687
100000004206046100,0.864015906223,0.739726027397,observed_community,1813,0,1785,1834
100000004209339100,0.573214285714,0.2,observed_community,424,0,338,510
100000004213658100,1,1,observed_community,2013,0,2006,2013
100000004217419100,0.571063623894,0.384615384615,observed_community,751,0,703,785
100000004218576100,1,1,observed_community,2003,0,1998,2005
100000004221668100,0.373597560976,0.02,observed_community,1091,0,891,1264
100000004222274100,0.409626392506,0.260623229462,observed_community,983,0,947,1040
100000004225615100,0.284198161914,0.0565217391304,observed_community,1516,0,1376,1640
100000004226848100,0.479735674847,0.286713286713,observed_community,194,0,179,207
100000004232712100,0.827253471006,0.622222222222,observed_community,1078,0,1035,1121
100000004235471100,0.827253471006,0.622222222222,observed_community,1015,0,983,1043
100000004241142100,0.334516352306,0.236933797909,observed_community,982,0,951,1023
100000004254434100,1,1,observed_community,1920,0,1918,1924
100000004257714100,1,1,observed_community,1561,0,1429,1678
100000004260869100,0.864015906223,0.739726027397,observed_community,910,0,845,978
100000004261340100,0.272100804756,0.0820189274448,observed_community,1156,0,1133,1181
100000004263867100,0.480322916206,0.353658536585,observed_community,2103,0,2091,2106
100000004265639100,0.571063623894,0.384615384615,observed_community,1014,0,962,1076
100000004268036100,0.480322916206,0.353658536585,observed_community,2189,0,2188,2192
100000004269433100,0.545124761212,0.143497757848,observed_community,2212,0,2212,2212
100000004272302100,0.3520492451,0.186602870813,observed_community,1793,0,1767,1822
100000004278574100,0.827253471006,0.622222222222,observed_community,1750,0,1721,1777
100000004285800100,0.385677396105,0.215,observed_community,1001,0,945,1086
100000004286573100,0.775145067698,0.191489361702,observed_community,2140,0,2137,2143
100000004291560100,0.334516352306,0.236933797909,observed_community,1688,0,1667,1721
100000004291663100,0.364984156553,0.0700636942675,observed_community,1371,0,1337,1413
100000004292885100,1,1,observed_community,1339,0,1187,1477
100000004299488100,0.169959467988,0.0240384615385,observed_community,12,1,12,14
100000004315838100,0.827253471006,0.622222222222,observed_community,1360,0,1296,1448
100000004318918100,0.545124761212,0.143497757848,observed_community,543,0,500,589
100000004321983100,0.373597560976,0.02,observed_community,1791,0,1695,1824
100000004325327100,0.334516352306,0.236933797909,observed_community,261,0,208,306
100000004326224100,0.827253471006,0.622222222222,observed_community,881,0,838,903
100000004330371100,0.864015906223,0.739726027397,observed_community,453,0,371,536
100000004331458100,1,1,observed_community,666,0,555,796
100000004336228100,0.571063623894,0.384615384615,observed_community,619,0,573,688
100000004336312100,0.90625,0.875,observed_community,74,0,67,80
100000004340038100,0.281855604206,0.13963963964,observed_community,1636,0,1601,1665
100000004350094100,0.428852683461,0.284848484848,observed_community,819,0,777,880
100000004351795100,0.441196858286,0.237410071942,observed_community,31,0,25,37
100000004356593100,0.272100804756,0.0820189274448,observed_community,1531,0,1476,1555
100000004358004100,0.31693170642,0.0955414012739,observed_community,2008,0,1921,2154
100000004360785100,0.864015906223,0.739726027397,observed_community,596,0,543,651
100000004368189100,0.519283121597,0.431578947368,observed_community,915,0,771,1095
100000004377043100,0.90625,0.875,observed_community,1313,0,1281,1361
100000004379306100,0.571063623894,0.384615384615,observed_community,1030,0,994,1080
100000004386258100,0.736706689537,0.0377358490566,observed_community,557,0,470,615
100000004386286100,0.736706689537,0.0377358490566,observed_community,797,0,756,838
100000004386331100,0.736706689537,0.0377358490566,observed_community,625,0,560,673
100000004388209100,1,1,observed_community,2173,0,2171,2175
100000004388353100,0.545124761212,0.143497757848,observed_community,344,0,337,377
100000004388983100,1,1,observed_community,2213,0,2213,2213
100000004390333100,0.211367437296,0.00514138817481,observed_community,755,0,691,841
100000004394765100,0.864015906223,0.739726027397,observed_community,221,0,214,227
100000004398811100,0.96,0.84,observed_community,1711,0,1606,1800
100000004399686100,0.787987012987,0.242857142857,observed_community,675,0,560,801
100000004400305100,0.334516352306,0.236933797909,observed_community,13,1,11,16
100000004400361100,0.96,0.84,observed_community,1809,0,1784,1833
100000004400480100,0.519283121597,0.431578947368,observed_community,1676,0,1602,1759
100000004403548100,0.571063623894,0.384615384615,observed_community,1314,0,1278,1363
100000004403641100,0.869866286338,0.714285714286,observed_community,1241,0,1195,1296
100000004403675100,0.842319749216,0.472727272727,observed_community,25,0,21,27
100000004407753100,0.90625,0.875,observed_community,476,0,393,549
100000004408683100,0.864015906223,0.739726027397,observed_community,316,0,305,334
100000004410489100,0.281855604206,0.13963963964,observed_community,480,0,445,525
100000004417753100,0.267449965875,0.0347826086957,observed_community,277,0,272,285
100000004418967100,0.869866286338,0.714285714286,observed_community,822,0,787,866
100000004420041100,0.784415584416,0.228571428571,observed_community,1196,0,1138,1244
100000004424023100,0.53017968904,0.11797752809,observed_community,592,0,513,645
100000004433250100,0.334516352306,0.236933797909,observed_community,1505,0,1451,1531
100000004435304100,1,1,observed_community,1947,0,1943,1951
100000004441291100,0.479735674847,0.286713286713,observed_community,736,0,687,791
100000004445291100,1,1,observed_community,1330,0,1304,1381
100000004449824100,0.480322916206,0.353658536585,observed_community,2104,0,2092,2107
100000004450649100,0.640778472009,0.0122699386503,observed_community,1312,0,1282,1360
100000004451012100,0.431169974014,0.29,observed_community,1302,0,1275,1350
100000004456564100,0.826503537736,0.75,observed_community,1127,0,1094,1172
100000004463277100,1,1,observed_community,1722,0,1617,1809
100000004467157100,0.90625,0.875,observed_community,841,0,805,889
100000004472936100,0.281855604206,0.13963963964,observed_community,1144,0,1102,1212
100000004475818100,0.0736912219839,0.0266666666667,observed_community,756,0,693,845
100000004479404100,0.277549407115,0.0266666666667,observed_community,381,0,285,468
100000004480280100,0.220169696224,0.0581395348837,observed_community,817,0,774,888
100000004486525100,0.3520492451,0.186602870813,observed_community,39,0,35,39
100000004488265100,0.571063623894,0.384615384615,observed_community,1558,0,1512,1581
100000004491749100,0.713768796992,0.45,observed_community,1183,0,992,1335
100000004491881100,1,1,observed_community,2097,0,2096,2103
100000004493586100,0.409626392506,0.260623229462,observed_community,1787,0,1760,1813
100000004494983100,1,1,observed_community,1957,0,1955,1961
100000004497606100,1,1,observed_community,2118,0,2114,2119
100000004500444100,0.826503537736,0.75,observed_community,816,0,781,850
100000004500781100,0.826503537736,0.75,observed_community,760,0,713,811
100000004502048100,0.431169974014,0.29,observed_community,1292,0,1266,1332
100000004508696100,0.758578431373,0.0343137254902,observed_community,549,0,458,605
100000004509286100,0.479735674847,0.286713286713,observed_community,1346,0,1284,1439
100000004526651100,0.869866286338,0.714285714286,observed_community,1598,0,1548,1631
100000004527381100,0.864015906223,0.739726027397,observed_community,673,0,613,710
100000004539443100,0.294727801268,0.046511627907,observed_community,125,0,121,139
100000004544958100,0.545124761212,0.143497757848,observed_community,440,0,357,524
100000004549591100,0.758578431373,0.0343137254902,observed_community,986,0,955,1019
100000004552204100,0.0962915601023,0.0653594771242,observed_community,575,0,490,627
100000004553349100,0.0736912219839,0.0266666666667,observed_community,1574,0,1531,1597
100000004559194100,0.864015906223,0.739726027397,observed_community,374,0,366,412
100000004564736100,0.916666666667,0.666666666667,observed_community,1204,0,1167,1240
100000004569484100,0.778000894034,0.602272727273,observed_community,55,0,52,62
100000004569637100,0.571063623894,0.384615384615,observed_community,1083,0,1026,1139
100000004571634100,0.22348040452,0.0923913043478,observed_community,1097,0,1060,1136
100000004573782100,0.616247047908,0.115789473684,observed_community,1895,0,1890,1900
100000004580202100,0.916666666667,0.666666666667,observed_community,947,0,898,986
100000004580254100,0.441196858286,0.237410071942,observed_community,1347,0,1318,1395
100000004584730100,0.277549407115,0.0266666666667,observed_community,1375,0,1341,1415
100000004586598100,0.220169696224,0.0581395348837,observed_community,677,0,620,714
100000004587414100,0.638661557688,0.00380228136882,observed_community,341,0,334,374
100000004588479100,0.864015906223,0.739726027397,observed_community,464,0,430,512
100000004591973100,0.736706689537,0.0377358490566,observed_community,799,0,761,841
100000004592467100,0.286517863023,0.0299625468165,observed_community,2204,0,2201,2205
100000004596284100,0.864015906223,0.739726027397,observed_community,876,0,821,915
100000004601193100,0.22348040452,0.0923913043478,observed_community,712,0,661,755
100000004603109100,0.787987012987,0.242857142857,observed_community,191,0,149,254
100000004610802100,0.22348040452,0.0923913043478,observed_community,814,0,778,848
100000004611571100,0.334516352306,0.236933797909,observed_community,1773,0,1745,1797
100000004613582100,0.616247047908,0.115789473684,observed_community,1812,0,1714,1838
100000004616845100,0.826503537736,0.75,observed_community,1720,0,1694,1744
100000004622227100,0.391121302844,0.186602870813,observed_community,1632,0,1592,1655
100000004629688100,0.864015906223,0.739726027397,observed_community,878,0,825,925
100000004634420100,1,1,observed_community,2053,0,2044,2055
100000004635886100,0.864015906223,0.739726027397,observed_community,1614,0,1574,1639
100000004644615100,0.388760386187,0.0884353741497,observed_community,1753,0,1651,1815
100000004652395100,0.3520492451,0.186602870813,observed_community,827,0,792,882
100000004655046100,0.778000894034,0.602272727273,observed_community,763,0,715,813
100000004657034100,0.827253471006,0.622222222222,observed_community,672,0,615,769
100000004659919100,0.290851832276,0.0387596899225,observed_community,576,0,492,628
100000004662806100,0.775145067698,0.191489361702,observed_community,892,0,831,952
100000004664515100,0.409626392506,0.260623229462,observed_community,1581,0,1535,1603
100000004664905100,0.864015906223,0.739726027397,observed_community,235,0,229,241
100000004666651100,0.479735674847,0.286713286713,observed_community,145,0,138,151
100000004670388100,0.409626392506,0.260623229462,observed_community,552,0,464,609
100000004671609100,0.869866286338,0.714285714286,observed_community,432,0,402,481
100000004673335100,0.416145018258,0.183098591549,observed_community,909,0,874,932
100000004674178100,1,1,observed_community,1457,0,1414,1496
100000004674389100,0.22348040452,0.0923913043478,observed_community,1173,0,1131,1223
100000004674412100,0.22348040452,0.0923913043478,observed_community,882,0,839,908
100000004674799100,0.169959467988,0.0240384615385,observed_community,173,0,162,187
100000004676985100,0.334516352306,0.236933797909,observed_community,1700,0,1671,1731
100000004677680100,0.545124761212,0.143497757848,observed_community,434,0,351,516
100000004679953100,0.571063623894,0.384615384615,observed_community,183,0,173,199
100000004687099100,0.616247047908,0.115789473684,observed_community,1865,0,1858,1865
100000004687282100,0.864015906223,0.739726027397,observed_community,1288,0,1262,1328
100000004689658100,0.838746438746,0.766666666667,observed_community,237,0,231,241
100000004691350100,0.409626392506,0.260623229462,observed_community,877,0,806,934
100000004692798100,0.775145067698,0.191489361702,observed_community,494,0,366,612
100000004697956100,0.713768796992,0.45,observed_community,1704,0,1596,1794
100000004698193100,0.713768796992,0.45,observed_community,537,0,400,646
100000004707703100,0.864015906223,0.739726027397,observed_community,111,0,106,114
100000004713684100,0.334516352306,0.236933797909,observed_community,1723,0,1696,1749
100000004714705100,0.842319749216,0.472727272727,observed_community,2225,0,2225,2225
100000004715209100,1,1,observed_community,1100,0,930,1219
100000004717647100,0.277549407115,0.0266666666667,observed_community,356,0,253,437
100000004722630100,0.409626392506,0.260623229462,observed_community,782,0,738,813
100000004722765100,0.3520492451,0.186602870813,observed_community,584,0,499,636
100000004723755100,0.286517863023,0.0299625468165,observed_community,2219,0,2219,2219
100000004726132100,0.385677396105,0.215,observed_community,359,0,347,390
100000004732589100,0.0766464032421,0.0714285714286,observed_community,945,0,767,1141
100000004737477100,0.334516352306,0.236933797909,observed_community,1523,0,1466,1547
100000004737764100,0.156316536865,0.00826446280992,observed_community,146,0,135,151
100000004739664100,1,1,observed_community,2129,0,2119,2134
100000004741837100,0.864015906223,0.739726027397,observed_community,1728,0,1700,1750
100000004744306100,0.842319749216,0.472727272727,observed_community,793,0,752,825
100000004746397100,0.827253471006,0.622222222222,observed_community,413,0,373,474
100000004747154100,1,1,observed_community,1174,0,1155,1206
100000004750321100,0.778000894034,0.602272727273,observed_community,499,0,459,545
100000004750897100,0.864015906223,0.739726027397,observed_community,1120,0,1090,1177
100000004756901100,0.96,0.84,observed_community,436,0,413,483
100000004759121100,0.188733980419,0.0194552529183,observed_community,30,0,28,34
100000004765639100,0.96,0.84,observed_community,944,0,894,981
100000004770073100,0.409626392506,0.260623229462,observed_community,1789,0,1762,1817
100000004777215100,0.96,0.84,observed_community,968,0,935,988
100000004779204100,0.334516352306,0.236933797909,observed_community,1712,0,1688,1743
100000004780083100,0.22348040452,0.0923913043478,observed_community,1649,0,1619,1677
100000004780327100,0.480322916206,0.353658536585,observed_community,2036,0,2024,2050
100000004783447100,1,1,observed_community,2002,0,1997,2004
100000004784224100,0.787987012987,0.242857142857,observed_community,1867,0,1866,1871
100000004788983100,0.0445057805726,0.0257731958763,observed_community,1162,0,1140,1189
100000004790991100,0.864015906223,0.739726027397,observed_community,404,0,388,448
100000004791226100,0.334516352306,0.236933797909,observed_community,973,0,936,1012
100000004792397100,1,1,observed_community,1404,0,1270,1537
100000004797167100,0.838746438746,0.766666666667,observed_community,1775,0,1675,1823
100000004798515100,0.784415584416,0.228571428571,observed_community,972,0,939,992
100000004800452100,0.838746438746,0.766666666667,observed_community,1013,0,959,1085
100000004800648100,0.784415584416,0.228571428571,observed_community,1093,0,1070,1114
100000004806903100,0.827253471006,0.622222222222,observed_community,779,0,726,830
100000004813068100,0.787987012987,0.242857142857,observed_community,2214,0,2214,2214
100000004816564100,0.864015906223,0.739726027397,observed_community,270,0,264,276
100000004820260100,0.864015906223,0.739726027397,observed_community,86,0,77,88
100000004825069100,1,1,observed_community,1926,0,1925,1930
100000004840086100,0.385677396105,0.215,observed_community,813,0,776,847
100000004841728100,1,1,observed_community,1512,0,1373,1633
100000004847758100,0.281855604206,0.13963963964,observed_community,69,0,67,80
100000004848236100,0.0445057805726,0.0257731958763,observed_community,1492,0,1441,1520
100000004850609100,0.0253637519546,0.0122950819672,observed_community,1426,0,1386,1468
100000004856746100,0.90625,0.875,observed_community,1498,0,1445,1524
100000004877085100,0.281855604206,0.13963963964,observed_community,1428,0,1387,1470
100000004889043100,0.334516352306,0.236933797909,observed_community,506,0,464,551
100000004890713100,0.778000894034,0.602272727273,observed_community,1423,0,1381,1462
100000004891562100,0.480322916206,0.353658536585,observed_community,1846,0,1781,1848
100000004892144100,0.787987012987,0.242857142857,observed_community,179,0,142,231
100000004904960100,0.385677396105,0.215,observed_community,648,0,590,691
100000004905207100,0.826503537736,0.75,observed_community,134,0,125,144
100000004906181100,0.827253471006,0.622222222222,observed_community,1115,0,967,1225
100000004908173100,0.869866286338,0.714285714286,observed_community,1250,0,1207,1307
100000004911971100,0.827253471006,0.622222222222,observed_community,1678,0,1652,1705
100000004917367100,0.827253471006,0.622222222222,observed_community,600,0,553,664
100000004921657100,0.294727801268,0.046511627907,observed_community,919,0,861,988
100000004931931100,0.571063623894,0.384615384615,observed_community,1553,0,1509,1581
100000004948177100,0.864015906223,0.739726027397,observed_community,216,0,211,222
100000004950490100,0.61686957196,0.118279569892,observed_community,1881,0,1874,1884
100000004959752100,0.179442508711,0.0457142857143,observed_community,631,0,568,678
100000004962193100,0.272100804756,0.0820189274448,observed_community,38,0,36,39
100000004970752100,0.334516352306,0.236933797909,observed_community,928,0,870,990
100000004971871100,1,1,observed_community,2210,0,2194,2210
100000004975919100,0.571063623894,0.384615384615,observed_community,1637,0,1604,1666
100000004976946100,0.0688447971781,0.0311111111111,observed_community,1102,0,1073,1126
100000004979264100,0.869866286338,0.714285714286,observed_community,966,0,932,1005
100000004979283100,0.778000894034,0.602272727273,observed_community,1425,0,1385,1467
100000004979498100,1,1,observed_community,1198,0,1007,1347
100000004981068100,0.249659854335,0.03003003003,observed_community,1246,0,1196,1280
100000004984689100,0.571063623894,0.384615384615,observed_community,615,0,568,683
100000004988240100,0.334516352306,0.236933797909,observed_community,1019,0,981,1059
100000004991593100,0.181966421878,0.0470588235294,observed_community,1148,0,1124,1169
100000004991812100,0.916666666667,0.666666666667,observed_community,1301,0,1273,1348
100000004993576100,0.864015906223,0.739726027397,observed_community,345,0,341,378
100000004997515100,0.869866286338,0.714285714286,observed_community,197,0,190,204
100000005008589100,0.409626392506,0.260623229462,observed_community,1397,0,1358,1440
100000005010159100,0.838746438746,0.766666666667,observed_community,994,0,950,1070
100000005017150100,1,1,isolate_not_assessed,2236,0,2236,2236
100000005022552100,0.864015906223,0.739726027397,observed_community,303,0,298,317
100000005022964100,0.479735674847,0.286713286713,observed_community,1071,0,997,1139
100000005025629100,0.640778472009,0.0122699386503,observed_community,1474,0,1426,1510
100000005030592100,0.864015906223,0.739726027397,observed_community,1766,0,1738,1787
100000005031696100,0.290851832276,0.0387596899225,observed_community,478,0,394,550
100000005032294100,0.826503537736,0.75,observed_community,1128,0,1095,1173
100000005034574100,1,1,observed_community,894,0,733,1096
100000005037490100,0.220169696224,0.0581395348837,observed_community,965,0,911,1015
100000005041147100,0.571063623894,0.384615384615,observed_community,1068,0,1024,1117
100000005041905100,1,1,observed_community,1870,0,1855,1885
100000005042822100,1,1,observed_community,723,0,669,759
100000005048668100,0.181966421878,0.0470588235294,observed_community,1117,0,964,1228
100000005049404100,0.827253471006,0.622222222222,observed_community,1254,0,1226,1289
100000005052998100,0.571063623894,0.384615384615,observed_community,1587,0,1524,1632
100000005053653100,0.281855604206,0.13963963964,observed_community,1253,0,1225,1288
100000005055454100,1,1,observed_community,1852,0,1818,1857
100000005056870100,1,1,observed_community,1903,0,1899,1905
100000005059998100,0.181966421878,0.0470588235294,observed_community,1572,0,1527,1594
100000005061890100,0.272100804756,0.0820189274448,observed_community,234,0,217,254
100000005074393100,0.319496768156,0.212435233161,observed_community,260,0,181,361
100000005075949100,0.3520492451,0.186602870813,observed_community,558,0,474,616
100000005077484100,1,1,observed_community,1497,0,1369,1617
100000005079473100,0.838746438746,0.766666666667,observed_community,1257,0,1229,1292
100000005079754100,0.479735674847,0.286713286713,observed_community,1092,0,1014,1160
100000005082652100,0.616247047908,0.115789473684,observed_community,1845,0,1777,1847
100000005087431100,1,1,isolate_not_assessed,2237,0,2237,2237
100000005087923100,0.53017968904,0.11797752809,observed_community,1843,0,1774,1847
100000005089460100,1,1,observed_community,2180,0,2178,2184
100000005092518100,1,1,observed_community,2004,0,1999,2006
100000005093521100,0.479735674847,0.286713286713,observed_community,1596,0,1520,1656
100000005100475100,0.713768796992,0.45,observed_community,1858,0,1843,1860
100000005105153100,0.188733980419,0.0194552529183,observed_community,1096,0,1073,1120
100000005124479100,0.385677396105,0.215,observed_community,1046,0,970,1120
100000005127767100,0.758578431373,0.0343137254902,observed_community,1223,0,1168,1268
100000005133757100,0.838746438746,0.766666666667,observed_community,426,0,395,475
100000005140601100,0.0768740423959,0.0102301790281,observed_community,452,0,370,535
100000005142492100,0.713768796992,0.45,observed_community,553,0,465,610
100000005142589100,0.211367437296,0.00514138817481,observed_community,516,0,475,562
100000005146665100,0.826503537736,0.75,observed_community,1838,0,1811,1865
100000005168487100,0.545124761212,0.143497757848,observed_community,305,0,207,389
100000005171642100,0.373597560976,0.02,observed_community,251,0,172,359
100000005172860100,0.409626392506,0.260623229462,observed_community,1658,0,1629,1686
100000005175148100,0.864015906223,0.739726027397,observed_community,580,0,494,632
100000005182219100,0.684260729521,0.0502512562814,observed_community,383,0,370,423
100000005183943100,1,1,observed_community,671,0,558,797
100000005186109100,0.864015906223,0.739726027397,observed_community,1044,0,985,1116
100000005186131100,0.334516352306,0.236933797909,observed_community,1790,0,1763,1819
100000005187208100,0.0736912219839,0.0266666666667,observed_community,1409,0,1370,1452
100000005189258100,0.0265561930669,0.0170648464164,observed_community,1280,0,1256,1323
100000005198498100,1,1,observed_community,2022,0,2015,2028
100000005198906100,0.827253471006,0.622222222222,observed_community,1407,0,1366,1450
100000005203590100,0.713768796992,0.45,observed_community,1370,0,1220,1506
100000005205745100,0.274257929091,0.0208333333333,observed_community,1479,0,1433,1513
100000005209352100,0.571063623894,0.384615384615,observed_community,1263,0,1203,1305
100000005222360100,0.826503537736,0.75,observed_community,654,0,595,695
100000005226217100,0.869866286338,0.714285714286,observed_community,998,0,958,1067
100000005228059100,1,1,observed_community,2007,0,2001,2008
100000005233755100,0.269648037528,0.0467532467532,observed_community,1620,0,1578,1644
100000005235389100,1,1,isolate_not_assessed,2238,0,2238,2238
100000005237935150,0.388760386187,0.0884353741497,observed_community,1908,0,1904,1911
100000005241556100,0.869866286338,0.714285714286,observed_community,182,0,176,194
100000005242320100,0.519283121597,0.431578947368,observed_community,96,0,91,109
100000005264874100,0.360217488846,0.0597014925373,observed_community,1624,0,1495,1724
100000005264990100,0.842319749216,0.472727272727,observed_community,1901,0,1886,1920
100000005265073100,0.842319749216,0.472727272727,observed_community,1467,0,1411,1514
100000005268319100,0.0253637519546,0.0122950819672,observed_community,1236,0,1145,1290
100000005272139100,0.864015906223,0.739726027397,observed_community,696,0,644,743
100000005287097100,0.864015906223,0.739726027397,observed_community,843,0,780,920
100000005293969100,0.409626392506,0.260623229462,observed_community,1147,0,1107,1211
100000005308954100,0.864015906223,0.739726027397,observed_community,1052,0,1020,1077
100000005314565100,0.409626392506,0.260623229462,observed_community,286,0,279,297
100000005316708100,0.53017968904,0.11797752809,observed_community,1868,0,1866,1878
100000005317181100,0.571063623894,0.384615384615,observed_community,1121,0,1098,1151
100000005326681100,0.864015906223,0.739726027397,observed_community,1536,0,1485,1562
100000005328215100,0.0766464032421,0.0714285714286,observed_community,1917,0,1912,1920
100000005339662100,0.864015906223,0.739726027397,observed_community,427,0,343,511
100000005342513100,1,1,observed_community,512,0,382,625
100000005357034100,0.334516352306,0.236933797909,observed_community,1828,0,1798,1852
100000005357705100,0.571063623894,0.384615384615,observed_community,1297,0,1262,1346
100000005360814100,0.838746438746,0.766666666667,observed_community,895,0,858,918
100000005362848100,0.778000894034,0.602272727273,observed_community,1528,0,1472,1552
100000005363908100,1,1,observed_community,1857,0,1842,1859
100000005367180100,0.571063623894,0.384615384615,observed_community,948,0,892,1018
100000005367284100,0.571063623894,0.384615384615,observed_community,1640,0,1608,1669
100000005367445100,0.126234348342,0.0286885245902,observed_community,387,0,292,476
100000005370558100,0.0253637519546,0.0122950819672,observed_community,1612,0,1571,1637
100000005370580100,0.220169696224,0.0581395348837,observed_community,1942,0,1912,1986
100000005375968100,0.334516352306,0.236933797909,observed_community,1361,0,1326,1404
100000005382566100,0.842319749216,0.472727272727,observed_community,637,0,580,742
100000005386383100,0.842319749216,0.472727272727,observed_community,1887,0,1876,1903
100000005392290100,1,1,observed_community,2222,0,2222,2222
100000005394708100,0.842319749216,0.472727272727,observed_community,1718,0,1613,1802
100000005395727100,0.682797270661,0.0148514851485,observed_community,1934,0,1909,1978
100000005402643100,0.284198161914,0.0565217391304,observed_community,1878,0,1871,1884
100000005409156100,0.827253471006,0.622222222222,observed_community,245,0,237,250
100000005409680100,0.431169974014,0.29,observed_community,1617,0,1560,1667
100000005413948100,0.126234348342,0.0286885245902,observed_community,487,0,397,555
100000005417257100,0.842319749216,0.472727272727,observed_community,2218,0,2218,2218
100000005432267100,0.479735674847,0.286713286713,observed_community,193,0,178,206
100000005454368100,0.220169696224,0.0581395348837,observed_community,1907,0,1892,1933
100000005456919100,1,1,observed_community,454,0,339,587
100000005473151100,0.632062341845,0.0185185185185,observed_community,98,0,93,102
100000005474472100,0.787987012987,0.242857142857,observed_community,842,0,703,1044
100000005475379100,0.22348040452,0.0923913043478,observed_community,808,0,771,838
100000005480435100,1,1,isolate_not_assessed,2239,0,2239,2239
100000005481280100,0.682797270661,0.0148514851485,observed_community,1203,0,1133,1255
100000005485830100,1,1,observed_community,2215,0,2215,2215
100000005493505100,0.220169696224,0.0581395348837,observed_community,1555,0,1493,1609
100000005495211100,0.571063623894,0.384615384615,observed_community,969,0,926,1020
100000005495722100,1,1,isolate_not_assessed,2240,0,2240,2240
100000005496254100,0.409626392506,0.260623229462,observed_community,1784,0,1757,1809
100000005497148100,0.827253471006,0.622222222222,observed_community,1032,0,998,1069
100000005498992100,0.617173893324,0.119496855346,observed_community,1979,0,1907,2106
100000005505655100,1,1,observed_community,950,0,900,990
100000005507142100,0.360217488846,0.0597014925373,observed_community,1463,0,1334,1591
100000005514161100,0.53017968904,0.11797752809,observed_community,116,0,108,119
100000005519347100,0.864015906223,0.739726027397,observed_community,1860,0,1850,1871
100000005519998100,0.90625,0.875,observed_community,92,0,89,94
100000005523088100,0.842319749216,0.472727272727,observed_community,1279,0,1199,1329
100000005527892100,0.869866286338,0.714285714286,observed_community,951,0,886,999
100000005530114100,0.441196858286,0.237410071942,observed_community,831,0,795,863
100000005532138100,0.300651828714,0.0340557275542,observed_community,1585,0,1542,1608
100000005539201100,0.864015906223,0.739726027397,observed_community,1593,0,1554,1620
100000005539910100,0.479735674847,0.286713286713,observed_community,684,0,631,724
100000005543136100,0.220169696224,0.0581395348837,observed_community,2229,0,2229,2229
100000005546031100,1,1,observed_community,1468,0,1336,1594
100000005547096100,1,1,observed_community,1334,0,1176,1462
100000005550592100,1,1,isolate_not_assessed,2241,0,2241,2241
100000005553088100,0.838746438746,0.766666666667,observed_community,1599,0,1557,1625
100000005560900100,1,1,isolate_not_assessed,2242,0,2242,2242
100000005561741100,0.632062341845,0.0185185185185,observed_community,1113,0,1059,1164
100000005567828100,0.778000894034,0.602272727273,observed_community,1185,0,1164,1219
100000005568407100,1,1,isolate_not_assessed,2243,0,2243,2243
100000005572303100,0.864015906223,0.739726027397,observed_community,1249,0,1222,1284
100000005578559100,0.778000894034,0.602272727273,observed_community,51,0,50,53
100000005584222100,0.409626392506,0.260623229462,observed_community,493,0,405,559
100000005588444100,0.61686957196,0.118279569892,observed_community,2196,0,2190,2200
100000005589319100,0.181966421878,0.0470588235294,observed_community,1381,0,1344,1418
100000005602999100,0.573214285714,0.2,observed_community,815,0,739,928
100000005608515100,0.61686957196,0.118279569892,observed_community,1565,0,1431,1681
100000005610717100,0.259510265856,0.00701754385965,observed_community,889,0,844,936
100000005612411100,0.31693170642,0.0955414012739,observed_community,670,0,610,709
100000005614315100,0.864015906223,0.739726027397,observed_community,159,0,153,168
100000005616568100,0.827253471006,0.622222222222,observed_community,785,0,744,818
100000005619339100,0.864015906223,0.739726027397,observed_community,1376,0,1341,1416
100000005620225100,0.409626392506,0.260623229462,observed_community,1477,0,1431,1509
100000005621418100,1,1,observed_community,1383,0,1346,1423
100000005628518100,0.431169974014,0.29,observed_community,247,0,228,269
100000005634552100,0.370554334762,0.213114754098,observed_community,1450,0,1380,1514
100000005636951100,0.53017968904,0.11797752809,observed_community,1727,0,1621,1810
100000005660203100,0.864015906223,0.739726027397,observed_community,99,0,95,105
100000005661528100,0.838746438746,0.766666666667,observed_community,1638,0,1606,1667
100000005661829100,0.431169974014,0.29,observed_community,1541,0,1492,1566
100000005664632100,0.479735674847,0.286713286713,observed_community,190,0,177,205
100000005664922100,0.787987012987,0.242857142857,observed_community,1290,0,1108,1418
100000005665181100,0.0736912219839,0.0266666666667,observed_community,75,0,72,78
100000005667841100,0.869866286338,0.714285714286,observed_community,364,0,355,400
100000005668605100,0.842319749216,0.472727272727,observed_community,1544,0,1476,1595
100000005669845100,1,1,observed_community,1880,0,1876,1881
100000005674387100,1,1,observed_community,2046,0,2036,2049
100000005685783100,1,1,observed_community,1810,0,1712,1831
100000005704413100,0.778000894034,0.602272727273,observed_community,10,1,9,10
100000005709551100,0.281855604206,0.13963963964,observed_community,1571,0,1525,1593
100000005711521100,0.281855604206,0.13963963964,observed_community,758,0,711,792
100000005723580100,0.869866286338,0.714285714286,observed_community,1111,0,1076,1150
100000005730108100,0.334516352306,0.236933797909,observed_community,1295,0,1266,1337
100000005744674100,0.842319749216,0.472727272727,observed_community,2224,0,2224,2224
100000005745873100,0.0688447971781,0.0311111111111,observed_community,1132,0,1106,1157
100000005754335100,0.684260729521,0.0502512562814,observed_community,1050,0,1016,1075
100000005756189100,0.827253471006,0.622222222222,observed_community,1656,0,1623,1691
100000005756535100,1,1,observed_community,1804,0,1708,1831
100000005767403100,0.90625,0.875,observed_community,574,0,488,626
100000005778283100,0.300651828714,0.0340557275542,observed_community,153,0,149,160
100000005782781100,0.300651828714,0.0340557275542,observed_community,26,0,24,29
100000005782886100,0.869866286338,0.714285714286,observed_community,1074,0,1014,1131
100000005783452100,0.869866286338,0.714285714286,observed_community,1028,0,986,1073
100000005799271100,0.545124761212,0.143497757848,observed_community,812,0,775,848
100000005807278100,1,1,observed_community,2039,0,2019,2059
100000005809252100,0.582936634634,0.00647249190939,observed_community,905,0,855,946
100000005815602100,0.864015906223,0.739726027397,observed_community,743,0,696,777
100000005820746100,0.787987012987,0.242857142857,observed_community,389,0,274,518
100000005830339100,0.0768740423959,0.0102301790281,observed_community,68,0,66,80
100000005834479100,0.267449965875,0.0347826086957,observed_community,1777,0,1750,1803
100000005844459100,0.264403024809,0.0257731958763,observed_community,334,0,328,359
100000005847078100,1,1,observed_community,2155,0,2150,2159
100000005849100100,0.479735674847,0.286713286713,observed_community,773,0,722,826
100000005849862100,0.300651828714,0.0340557275542,observed_community,988,0,957,1052
100000005852946100,0.479735674847,0.286713286713,observed_community,1495,0,1408,1561
100000005857058100,0.626068247821,0.00275482093664,observed_community,331,0,317,356
100000005873152100,0.176155862294,0.0335195530726,observed_community,604,0,534,656
100000005877725100,1,1,observed_community,1422,0,1294,1557
100000005878334100,0.838746438746,0.766666666667,observed_community,989,0,959,1017
100000005882013100,0.319496768156,0.212435233161,observed_community,509,0,416,571
100000005888829100,0.869866286338,0.714285714286,observed_community,1104,0,1055,1143
100000005893892100,0.827253471006,0.622222222222,observed_community,721,0,651,855
100000005895525100,1,1,observed_community,1008,0,825,1211
100000005897462100,0.545124761212,0.143497757848,observed_community,484,0,448,529
100000005901606100,1,1,observed_community,1954,0,1953,1958
100000005904580100,0.784415584416,0.228571428571,observed_community,264,0,246,289
100000005910114100,0.3520492451,0.186602870813,observed_community,19,0.818181818182,18,23
100000005910895100,0.573214285714,0.2,observed_community,957,0,903,1010
100000005911352100,0.758578431373,0.0343137254902,observed_community,674,0,614,712
100000005931985100,0.388760386187,0.0884353741497,observed_community,1299,0,1129,1432
100000005932987100,0.90625,0.875,observed_community,1105,0,1078,1127
100000005933757100,0.826503537736,0.75,observed_community,21,0.363636363636,19,24
100000005939154100,0.864015906223,0.739726027397,observed_community,1594,0,1555,1622
100000005940652100,0.1268262859,0.021472392638,observed_community,1657,0,1587,1710
100000005941908100,0.826503537736,0.75,observed_community,847,0,796,895
100000005942793100,0.272100804756,0.0820189274448,observed_community,416,0,397,466
100000005958064100,0.826503537736,0.75,observed_community,1665,0,1629,1704
100000005961971100,1,1,observed_community,1912,0,1907,1917
100000005974542100,0.916666666667,0.666666666667,observed_community,266,0,251,288
100000005979037100,0.571063623894,0.384615384615,observed_community,1215,0,1192,1250
100000005995391100,1,1,observed_community,2142,0,2139,2147
100000005996909100,0.864015906223,0.739726027397,observed_community,1453,0,1412,1493
100000006008169100,0.775145067698,0.191489361702,observed_community,1472,0,1336,1601
100000006020215100,0.281855604206,0.13963963964,observed_community,1449,0,1409,1490
100000006030946100,1,1,observed_community,1406,0,1272,1540
100000006048193100,0.571063623894,0.384615384615,observed_community,1494,0,1443,1522
100000006069103100,0.864015906223,0.739726027397,observed_community,87,0,79,89
100000006100920100,0.409626392506,0.260623229462,observed_community,396,0,380,434
100000006111439100,0.310535262458,0.0470588235294,observed_community,825,0,790,880
100000006111442100,0.869866286338,0.714285714286,observed_community,568,0,523,621
100000006122699100,0.864015906223,0.739726027397,observed_community,1045,0,1012,1072
100000006126743100,0.827253471006,0.622222222222,observed_community,828,0,715,1005
100000006161893100,0.864015906223,0.739726027397,observed_community,1038,0,1002,1088
100000006165886100,0.385677396105,0.215,observed_community,1308,0,1279,1356
100000006169033100,0.684260729521,0.0502512562814,observed_community,579,0,493,630
100000006171671100,0.334516352306,0.236933797909,observed_community,1098,0,1056,1142
100000006177176100,0.864015906223,0.739726027397,observed_community,1826,0,1796,1851
100000006209210100,0.300651828714,0.0340557275542,observed_community,300,0,297,315
100000006225798100,0.441196858286,0.237410071942,observed_community,238,0,230,242
100000006232642100,0.684260729521,0.0502512562814,observed_community,802,0,764,832
100000006232815100,1,1,observed_community,2198,0,2155,2209
100000006240939100,0.632198743776,0.0158102766798,observed_community,1805,0,1709,1837
100000006248077100,0.96,0.84,observed_community,651,0,603,743
100000006249740100,1,1,observed_community,2220,0,2220,2220
100000006257675100,0.96,0.84,observed_community,1040,0,1007,1065
100000006274203100,0.431169974014,0.29,observed_community,82,0,72,89
100000006288612100,0.784415584416,0.228571428571,observed_community,1499,0,1446,1527
100000006308406100,0.96,0.84,observed_community,771,0,726,803
100000006326645100,1,1,observed_community,2014,0,2007,2014
100000006351075100,0.0688447971781,0.0311111111111,observed_community,1610,0,1568,1635
100000006369769100,1,1,observed_community,1932,0,1930,1936
100000006381453100,0.869866286338,0.714285714286,observed_community,765,0,719,807
100000006385877100,0.617173893324,0.119496855346,observed_community,1372,0,1224,1506
100000006412162100,0.480322916206,0.353658536585,observed_community,1985,0,1981,1993
100000006416061100,0.294347214806,0.0964467005076,observed_community,1056,0,1027,1086
100000006424479100,0.319496768156,0.212435233161,observed_community,448,0,366,533
100000006443391100,0.617173893324,0.119496855346,observed_community,1327,0,1159,1455
100000006444163100,0.272100804756,0.0820189274448,observed_community,1421,0,1380,1460
100000006445501100,0.545124761212,0.143497757848,observed_community,508,0,466,552
100000006446271100,0.479735674847,0.286713286713,observed_community,327,0,306,349
100000006471232100,1,1,observed_community,1958,0,1956,1965
100000006476758100,0.545124761212,0.143497757848,observed_community,1082,0,1022,1130
100000006490557100,0.61686957196,0.118279569892,observed_community,2209,0,2207,2210
100000006490615100,0.281855604206,0.13963963964,observed_community,1079,0,1055,1098
100000006491272100,1,1,observed_community,2047,0,2037,2050
100000006491963100,0.480322916206,0.353658536585,observed_community,1974,0,1970,1983
100000006492770100,0.334516352306,0.236933797909,observed_community,465,0,432,514
100000006512787100,0.334516352306,0.236933797909,observed_community,1016,0,978,1056
100000006518161100,0.864015906223,0.739726027397,observed_community,79,0,74,83
100000006522972100,0.0736912219839,0.0266666666667,observed_community,1518,0,1460,1540
100000006523053100,0.479735674847,0.286713286713,observed_community,873,0,809,940
100000006527156100,0.3520492451,0.186602870813,observed_community,1485,0,1437,1516
100000006530134100,0.827253471006,0.622222222222,observed_community,540,0,498,588
100000006532229100,0.869866286338,0.714285714286,observed_community,471,0,440,521
100000006534886100,0.864015906223,0.739726027397,observed_community,490,0,404,558
100000006557763100,0.479735674847,0.286713286713,observed_community,1076,0,1001,1142
100000006562026100,1,1,observed_community,599,0,518,681
100000006564102100,0.364984156553,0.0700636942675,observed_community,180,0,173,191
100000006567935100,0.416145018258,0.183098591549,observed_community,421,0,402,471
100000006573438100,0.684260729521,0.0502512562814,observed_community,1618,0,1576,1642
100000006579678100,0.864015906223,0.739726027397,observed_community,411,0,323,503
100000006595426100,0.181966421878,0.0470588235294,observed_community,390,0,377,430
100000006612238100,1,1,observed_community,1680,0,1572,1782
100000006638021100,0.869866286338,0.714285714286,observed_community,613,0,547,665
100000006641671100,0.267449965875,0.0347826086957,observed_community,993,0,962,1029
100000006656003100,1,1,observed_community,1906,0,1891,1918
100000006658598100,0.864015906223,0.739726027397,observed_community,1825,0,1795,1849
100000006664478100,0.53017968904,0.11797752809,observed_community,620,0,499,739
100000006679055100,0.364984156553,0.0700636942675,observed_community,1322,0,1268,1391
100000006684930100,0.319496768156,0.212435233161,observed_community,1378,0,1306,1456
100000006687202100,0.409626392506,0.260623229462,observed_community,633,0,583,708
100000006689603100,0.157149335368,0.0373831775701,observed_community,1114,0,1074,1146
100000006693788100,0.385677396105,0.215,observed_community,1069,0,1025,1115
100000006701983100,1,1,observed_community,2038,0,2030,2041
100000006704530100,1,1,observed_community,139,0,131,145
100000006706519100,0.334516352306,0.236933797909,observed_community,1101,0,1078,1123
100000006707582100,0.0766464032421,0.0714285714286,observed_community,156,0,117,224
100000006710485100,1,1,observed_community,2105,0,2101,2109
100000006714366100,0.281855604206,0.13963963964,observed_community,1713,0,1691,1740
100000006734214100,0.266300348244,0.0467532467532,observed_community,56,0,52,61
100000006734554100,1,1,observed_community,1874,0,1872,1876
100000006735545100,0.181966421878,0.0470588235294,observed_community,1693,0,1671,1725
100000006745291100,0.545124761212,0.143497757848,observed_community,523,0,485,571
100000006746688100,1,1,observed_community,1966,0,1958,1969
100000006755850100,0.478163935825,0.00921658986175,observed_community,105,0,99,110
100000006756956100,0.3520492451,0.186602870813,observed_community,1251,0,1223,1286
100000006787636100,0.864015906223,0.739726027397,observed_community,1219,0,1189,1256
100000006788200100,0.274257929091,0.0208333333333,observed_community,984,0,953,1024
100000006789108100,0.545124761212,0.143497757848,observed_community,1548,0,1482,1582
100000006831291100,1,1,observed_community,2228,0,2228,2228
100000006844004100,0.281855604206,0.13963963964,observed_community,963,0,925,1002
100000006844768100,0.188733980419,0.0194552529183,observed_community,437,0,354,518
100000006852430100,0.517515691468,0.0337078651685,observed_community,680,0,624,729
100000006866783100,0.409626392506,0.260623229462,observed_community,501,0,412,584
100000006866831100,0.294347214806,0.0964467005076,observed_community,1216,0,1174,1251
100000006882208100,0.864015906223,0.739726027397,observed_community,898,0,843,950
100000006888238100,1,1,observed_community,1719,0,1616,1806
100000006889963100,0.478163935825,0.00921658986175,observed_community,360,0,258,442
100000006894637100,0.385677396105,0.215,observed_community,722,0,654,856
100000006901046100,0.864015906223,0.739726027397,observed_community,526,0,438,585
100000006903193100,0.571063623894,0.384615384615,observed_community,1540,0,1490,1565
100000006912294100,0.617173893324,0.119496855346,observed_community,1646,0,1520,1750
100000006918814100,0.181966421878,0.0470588235294,observed_community,1438,0,1399,1480
100000006919124100,0.334516352306,0.236933797909,observed_community,1760,0,1733,1785
100000006952718100,0.864015906223,0.739726027397,observed_community,644,0,594,724
100000006965162100,0.90625,0.875,observed_community,1459,0,1416,1498
100000006967370100,0.269648037528,0.0467532467532,observed_community,1542,0,1494,1567
100000006972210100,0.617173893324,0.119496855346,observed_community,231,0,217,242
100000006977207100,0.838746438746,0.766666666667,observed_community,318,0,209,432
100000006989106100,0.61686957196,0.118279569892,observed_community,976,0,793,1168
100000006989232100,0.385677396105,0.215,observed_community,1755,0,1729,1780
100000006994985100,0.274257929091,0.0208333333333,observed_community,938,0,903,961
100000007005380100,0.0736912219839,0.0266666666667,observed_community,1522,0,1465,1546
100000007018630100,1,1,observed_community,2216,0,2216,2216
100000007020162100,0.826503537736,0.75,observed_community,473,0,441,522
100000007022818100,1,1,observed_community,2143,0,2140,2148
100000007034089100,0.869866286338,0.714285714286,observed_community,1007,0,969,1057
100000007042175100,0.0128669546915,0.0117647058824,observed_community,883,0,840,905
100000007055802100,0.169959467988,0.0240384615385,observed_community,11,1,11,12
100000007071852100,0.571063623894,0.384615384615,observed_community,858,0,819,885
100000007129492100,0.517515691468,0.0337078651685,observed_community,1205,0,1119,1312
100000007131370100,0.864015906223,0.739726027397,observed_community,583,0,498,635
100000007138613100,0.127555218566,0.0103806228374,observed_community,223,0,213,236
100000007140834100,0.274257929091,0.0208333333333,observed_community,937,0,878,996
100000007153161100,0.334516352306,0.236933797909,observed_community,926,0,891,952
100000007170072100,0.838746438746,0.766666666667,observed_community,178,0,160,197
100000007173936100,0.416145018258,0.183098591549,observed_community,1817,0,1788,1840
100000007175718100,1,1,observed_community,1904,0,1900,1906
100000007181706100,0.479735674847,0.286713286713,observed_community,256,0,236,278
100000007197866100,0.571063623894,0.384615384615,observed_community,1664,0,1636,1691
100000007229557100,0.869866286338,0.714285714286,observed_community,109,0,105,112
100000007242833100,0.736706689537,0.0377358490566,observed_community,702,0,652,743
100000007267915100,0.327854999803,0.0289855072464,observed_community,1621,0,1579,1645
100000007274584100,0.479735674847,0.286713286713,observed_community,1362,0,1297,1449
100000007281639100,0.864015906223,0.739726027397,observed_community,361,0,353,396
100000007283257100,1,1,observed_community,975,0,792,1166
100000007289427100,0.31693170642,0.0955414012739,observed_community,1862,0,1855,1868
100000007303047100,1,1,observed_community,1560,0,1427,1677
100000007311010100,0.479735674847,0.286713286713,observed_community,1048,0,974,1126
100000007322059100,0.0962915601023,0.0653594771242,observed_community,570,0,485,624
100000007330432100,0.864015906223,0.739726027397,observed_community,695,0,642,731
100000007333038100,0.519283121597,0.431578947368,observed_community,1894,0,1890,1902
100000007334196100,0.545124761212,0.143497757848,observed_community,397,0,381,436
100000007337374100,1,1,observed_community,1989,0,1986,1994
100000007347733100,1,1,observed_community,1863,0,1856,1864
100000007357489100,0.869866286338,0.714285714286,observed_community,1108,0,1066,1144
100000007381662100,0.364984156553,0.0700636942675,observed_community,1592,0,1552,1619
100000007382152100,0.441196858286,0.237410071942,observed_community,1833,0,1807,1861
100000007382543100,0.90625,0.875,observed_community,423,0,337,509
100000007390016100,0.4512591412,0.0128755364807,observed_community,391,0,295,480
100000007392365100,0.0688447971781,0.0311111111111,observed_community,1509,0,1421,1569
100000007442518100,0.416145018258,0.183098591549,observed_community,14,1,13,15
100000007472293100,0.869866286338,0.714285714286,observed_community,1490,0,1405,1550
100000007484343100,0.334516352306,0.236933797909,observed_community,1689,0,1668,1722
100000007487729100,0.294347214806,0.0964467005076,observed_community,1580,0,1534,1601
100000007507343100,1,1,observed_community,691,0,585,841
100000007510567100,0.778000894034,0.602272727273,observed_community,1353,0,1322,1399
100000007510875100,0.617173893324,0.119496855346,observed_community,1877,0,1870,1886
100000007511163100,0.864015906223,0.739726027397,observed_community,794,0,748,826
100000007511780100,0.272100804756,0.0820189274448,observed_community,748,0,701,782
100000007534354100,0.388760386187,0.0884353741497,observed_community,1866,0,1860,1868
100000007536804100,0.61686957196,0.118279569892,observed_community,1918,0,1905,1926
100000007539296100,0.0736912219839,0.0266666666667,observed_community,853,0,810,883
100000007544358100,0.864015906223,0.739726027397,observed_community,172,0,160,183
100000007591246100,0.864015906223,0.739726027397,observed_community,1373,0,1339,1414
100000007593823100,0.22348040452,0.0923913043478,observed_community,142,0,116,173
100000007594394100,0.431169974014,0.29,observed_community,17,1,17,18
100000007597382100,0.827253471006,0.622222222222,observed_community,1808,0,1776,1831
100000007617808100,0.96,0.84,observed_community,262,0,256,273
100000007618425100,0.269648037528,0.0467532467532,observed_community,1529,0,1473,1553
100000007629096100,0.272100804756,0.0820189274448,observed_community,203,0,149,303
100000007629121100,0.479735674847,0.286713286713,observed_community,857,0,798,922
100000007631637100,1,1,observed_community,2122,0,2119,2124
100000007639767100,0.272100804756,0.0820189274448,observed_community,58,0,55,65
100000007641183100,0.864015906223,0.739726027397,observed_community,1708,0,1688,1737
100000007641801100,0.61686957196,0.118279569892,observed_community,1389,0,1244,1518
100000007647294100,0.419979933521,0.152542372881,observed_community,163,0,158,171
100000007648946100,0.058964491814,0.0187969924812,observed_community,1662,0,1634,1690
100000007653003100,0.441196858286,0.237410071942,observed_community,531,0,492,579
100000007653094100,0.058964491814,0.0187969924812,observed_community,946,0,902,995
100000007689942100,0.428852683461,0.284848484848,observed_community,617,0,553,667
100000007731977100,0.364984156553,0.0700636942675,observed_community,1186,0,1165,1220
100000007737775100,0.573214285714,0.2,observed_community,1480,0,1420,1526
100000007745062100,0.736706689537,0.0377358490566,observed_community,650,0,592,692
100000007747786100,0.61686957196,0.118279569892,observed_community,1959,0,1899,2077
100000007749092100,0.864015906223,0.739726027397,observed_community,548,0,457,604
100000007749747100,0.869866286338,0.714285714286,observed_community,903,0,867,941
100000007754369100,0.385677396105,0.215,observed_community,641,0,592,721
100000007777377100,0.96,0.84,observed_community,257,0,251,268
100000007793871100,0.0766464032421,0.0714285714286,observed_community,776,0,723,825
100000007797290100,0.441196858286,0.237410071942,observed_community,1328,0,1300,1378
100000007811950100,1,1,observed_community,870,0,826,896
100000007841978100,0.63988490039,0.00869565217391,observed_community,744,0,697,778
100000007861311100,0.616247047908,0.115789473684,observed_community,1851,0,1810,1853
100000007863304100,0.827253471006,0.622222222222,observed_community,1776,0,1748,1805
100000007864477100,0.272100804756,0.0820189274448,observed_community,934,0,861,996
100000007865484100,0.0688447971781,0.0311111111111,observed_community,854,0,814,894
100000007867364100,0.431169974014,0.29,observed_community,1004,0,973,1037
100000007898453100,0.294727801268,0.046511627907,observed_community,433,0,348,515
100000007908818100,0.179442508711,0.0457142857143,observed_community,545,0,456,602
100000007930878100,1,1,observed_community,1856,0,1839,1865
100000007938486100,1,1,observed_community,1935,0,1933,1938
100000007939160100,1,1,observed_community,483,0,361,605
100000007953156100,0.826503537736,0.75,observed_community,943,0,907,978
100000007960337100,0.148282959219,0.0227272727273,observed_community,1411,0,1372,1454
100000007982728100,0.53017968904,0.11797752809,observed_community,2211,0,2211,2211
100000007982908100,1,1,observed_community,1922,0,1921,1926
100000007988344100,0.571063623894,0.384615384615,observed_community,1163,0,1134,1197
100000007997939100,0.869866286338,0.714285714286,observed_community,1095,0,1038,1149
100000007998965100,0.0766464032421,0.0714285714286,observed_community,64,0,61,66
100000007999728100,0.826503537736,0.75,observed_community,1623,0,1582,1647
100000008002020100,0.775145067698,0.191489361702,observed_community,1889,0,1886,1897
100000008003034100,0.864015906223,0.739726027397,observed_community,100,0,90,126
100000008008463100,0.713768796992,0.45,observed_community,1520,0,1380,1646
100000008011159100,0.684260729521,0.0502512562814,observed_community,591,0,510,642
100000008011573100,0.269648037528,0.0467532467532,observed_community,1730,0,1702,1752
100000008027922100,0.916666666667,0.666666666667,observed_community,916,0,880,939
100000008028628100,1,1,observed_community,1481,0,1349,1609
100000008029279100,0.571063623894,0.384615384615,observed_community,1725,0,1698,1748
100000008038077100,0.827253471006,0.622222222222,observed_community,422,0,398,472
100000008042075100,0.787987012987,0.242857142857,observed_community,2102,0,2084,2121
100000008043184100,0.441196858286,0.237410071942,observed_community,656,0,611,753
100000008050986100,0.827253471006,0.622222222222,observed_community,1267,0,1238,1304
100000008055972100,1,1,observed_community,2028,0,2021,2033
100000008060273100,0.179442508711,0.0457142857143,observed_community,1319,0,1248,1407
100000008066326100,0.409626392506,0.260623229462,observed_community,1707,0,1687,1736
100000008070101100,0.869866286338,0.714285714286,observed_community,590,0,538,647
100000008071620100,0.409626392506,0.260623229462,observed_community,1530,0,1474,1554
100000008071749100,0.778000894034,0.602272727273,observed_community,1562,0,1513,1584
100000008074304100,0.827253471006,0.622222222222,observed_community,1391,0,1345,1433
100000008077552100,0.571063623894,0.384615384615,observed_community,350,0,345,382
100000008086440100,0.571063623894,0.384615384615,observed_community,123,0,117,133
100000008088082100,0.281855604206,0.13963963964,observed_community,1368,0,1335,1411
100000008094734100,0.409626392506,0.260623229462,observed_community,274,0,267,281
100000008097580100,0.267449965875,0.0347826086957,observed_community,824,0,784,874
100000008104567100,0.643937748262,0.0197368421053,observed_community,44,0,40,47
100000008106997100,0.281855604206,0.13963963964,observed_community,1341,0,1316,1390
100000008111003100,0.364984156553,0.0700636942675,observed_community,54,0,53,56
100000008116374100,0.864015906223,0.739726027397,observed_community,1682,0,1658,1713
100000008117324100,1,1,isolate_not_assessed,2244,0,2244,2244
100000008121806100,0.838746438746,0.766666666667,observed_community,728,0,672,807
100000008129393100,1,1,observed_community,1900,0,1897,1907
100000008130868100,0.519283121597,0.431578947368,observed_community,1841,0,1766,1844
100000008136608100,0.778000894034,0.602272727273,observed_community,739,0,689,772
100000008137435100,0.314749428479,0.0223048327138,observed_community,708,0,658,753
100000008141170100,0.864015906223,0.739726027397,observed_community,959,0,910,1017
100000008144528100,0.864015906223,0.739726027397,observed_community,50,0,46,52
100000008151098100,1,1,observed_community,1367,0,1334,1410
100000008165763100,0.364984156553,0.0700636942675,observed_community,18,1,17,19
100000008168850100,0.827253471006,0.622222222222,observed_community,786,0,745,819
100000008169544100,0.864015906223,0.739726027397,observed_community,1035,0,961,1108
100000008172352100,0.0962915601023,0.0653594771242,observed_community,618,0,554,668
100000008172721100,0.571063623894,0.384615384615,observed_community,925,0,890,949
100000008173359100,0.864015906223,0.739726027397,observed_community,1836,0,1809,1863
100000008174521100,0.494172801513,0.0105540897098,observed_community,291,0,276,312
100000008175078100,0.827253471006,0.622222222222,observed_community,683,0,630,718
100000008183752100,0.869866286338,0.714285714286,observed_community,749,0,702,783
100000008188026100,0.864015906223,0.739726027397,observed_community,978,0,879,1052
100000008190411100,1,1,observed_community,884,0,842,907
100000008190442100,1,1,observed_community,2174,0,2172,2176
100000008192264100,0.827253471006,0.622222222222,observed_community,447,0,392,531
100000008193258100,0.441196858286,0.237410071942,observed_community,1401,0,1361,1443
100000008193577100,1,1,observed_community,1242,0,1047,1373
100000008200810100,0.519283121597,0.431578947368,observed_community,859,0,741,1045
100000008205000100,1,1,isolate_not_assessed,2245,0,2245,2245
100000008205937100,0.319496768156,0.212435233161,observed_community,985,0,933,1066
100000008213966100,0.260008890418,0.0152284263959,observed_community,405,0,321,499
100000008219168100,0.61686957196,0.118279569892,observed_community,1696,0,1576,1814
100000008221543100,0.441196858286,0.237410071942,observed_community,242,0,235,245
100000008221765100,0.827253471006,0.622222222222,observed_community,781,0,737,812
100000008223661100,0.0708611971661,0.00211416490486,observed_community,979,0,923,1019
100000008223756100,0.838746438746,0.766666666667,observed_community,287,0,280,298
100000008229700100,0.775145067698,0.191489361702,observed_community,2044,0,2031,2047
100000008232832100,0.1268262859,0.021472392638,observed_community,607,0,540,662
100000008237827100,0.479735674847,0.286713286713,observed_community,1344,0,1281,1437
100000008238112100,0.827253471006,0.622222222222,observed_community,616,0,568,684
100000008238989100,0.314749428479,0.0223048327138,observed_community,366,0,358,402
100000008244300100,0.0265561930669,0.0170648464164,observed_community,73,0,68,83
100000008251939100,0.778000894034,0.602272727273,observed_community,1402,0,1362,1446
100000008254069100,0.842319749216,0.472727272727,observed_community,733,0,681,771
100000008254576100,0.419979933521,0.152542372881,observed_community,1563,0,1514,1585
100000008255655100,0.441196858286,0.237410071942,observed_community,1138,0,1096,1207
100000008258083100,0.416145018258,0.183098591549,observed_community,323,0,218,406
100000008258458100,0.864015906223,0.739726027397,observed_community,1309,0,1245,1365
100000008259451100,0.826503537736,0.75,observed_community,566,0,521,618
100000008279405100,0.571063623894,0.384615384615,observed_community,339,0,333,367
100000008283183100,1,1,observed_community,1930,0,1930,1937
100000008289539100,0.864015906223,0.739726027397,observed_community,1687,0,1665,1720
100000008293431100,0.385677396105,0.215,observed_community,1386,0,1296,1459
100000008295429100,0.827253471006,0.622222222222,observed_community,504,0,460,549
100000008297199100,0.571063623894,0.384615384615,observed_community,1487,0,1438,1517
100000008304115100,0.775145067698,0.191489361702,observed_community,1556,0,1424,1672
100000008304139100,0.272100804756,0.0820189274448,observed_community,61,0,58,63
100000008306857100,0.519283121597,0.431578947368,observed_community,1294,0,1119,1423
100000008308418100,0.334516352306,0.236933797909,observed_community,1000,0,969,1030
100000008309514100,1,1,observed_community,2144,0,2141,2149
100000008314203100,0.1268262859,0.021472392638,observed_community,1830,0,1807,1838
100000008314863100,0.479735674847,0.286713286713,observed_community,829,0,786,901
100000008321975100,0.96,0.84,observed_community,1552,0,1508,1584
100000008324800100,0.4512591412,0.0128755364807,observed_community,76,0,68,80
100000008327791100,0.441196858286,0.237410071942,observed_community,1043,0,1003,1096
100000008331280100,1,1,observed_community,1284,0,1260,1326
100000008332511100,0.53017968904,0.11797752809,observed_community,131,0,124,145
100000008333492100,0.869866286338,0.714285714286,observed_community,716,0,667,758
100000008335401100,0.632062341845,0.0185185185185,observed_community,152,0,148,159
100000008336318100,0.869866286338,0.714285714286,observed_community,999,0,966,1053
100000008337304100,0.571063623894,0.384615384615,observed_community,1065,0,1037,1088
100000008343415100,0.838746438746,0.766666666667,observed_community,936,0,901,958
100000008343874100,0.838746438746,0.766666666667,observed_community,850,0,802,915
100000008346837100,0.281855604206,0.13963963964,observed_community,4,1,4,6
100000008349675100,0.61686957196,0.118279569892,observed_community,2023,0,2002,2044
100000008349740100,0.827253471006,0.622222222222,observed_community,1537,0,1487,1563
100000008352542100,0.486876854101,0.020942408377,observed_community,298,0,276,319
100000008356606100,0.864015906223,0.739726027397,observed_community,177,0,169,192
100000008376089100,0.416145018258,0.183098591549,observed_community,503,0,462,548
100000008376785100,0.827253471006,0.622222222222,observed_community,777,0,732,808
100000008379273100,0.778000894034,0.602272727273,observed_community,1164,0,1092,1210
100000008383405100,0.787987012987,0.242857142857,observed_community,1890,0,1889,1896
100000008388049100,0.519283121597,0.431578947368,observed_community,845,0,734,1026
100000008389800100,0.864015906223,0.739726027397,observed_community,398,0,306,488
100000008405209100,0.441196858286,0.237410071942,observed_community,643,0,593,723
100000008406609100,0.842319749216,0.472727272727,observed_community,960,0,927,1000
100000008413748100,0.269648037528,0.0467532467532,observed_community,49,0,48,51
100000008416433100,0.826503537736,0.75,observed_community,1651,0,1622,1679
100000008417029100,0.869866286338,0.714285714286,observed_community,386,0,369,425
100000008417359100,0.441196858286,0.237410071942,observed_community,974,0,849,1082
100000008418835100,0.545124761212,0.143497757848,observed_community,2100,0,2045,2169
100000008418934100,0.284198161914,0.0565217391304,observed_community,1107,0,904,1279
100000008422226100,0.334516352306,0.236933797909,observed_community,686,0,629,788
100000008427027100,0.294727801268,0.046511627907,observed_community,122,0,120,130
100000008430691100,0.864015906223,0.739726027397,observed_community,826,0,773,896
100000008432942100,0.334516352306,0.236933797909,observed_community,1702,0,1677,1733
100000008436257100,0.441196858286,0.237410071942,observed_community,1543,0,1495,1569
100000008438656100,0.479735674847,0.286713286713,observed_community,1213,0,1143,1302
100000008443341100,0.784415584416,0.228571428571,observed_community,594,0,515,646
100000008454065100,0.826503537736,0.75,observed_community,1613,0,1572,1638
100000008459449100,0.571063623894,0.384615384615,observed_community,587,0,538,643
100000008460102100,0.480322916206,0.353658536585,observed_community,451,0,336,602
100000008461217100,0.290851832276,0.0387596899225,observed_community,746,0,699,808
100000008461532100,1,1,observed_community,362,0,261,452
100000008463968100,1,1,observed_community,2191,0,2189,2195
100000008465789100,0.869866286338,0.714285714286,observed_community,85,0,71,94
100000008466579100,0.869866286338,0.714285714286,observed_community,46,0,44,48
100000008468762100,0.869866286338,0.714285714286,observed_community,378,0,368,419
100000008469048100,0.259510265856,0.00701754385965,observed_community,703,0,653,746
100000008470470100,1,1,observed_community,1964,0,1959,1967
100000008471634100,1,1,observed_community,811,0,762,869
100000008472324100,0.827253471006,0.622222222222,observed_community,601,0,554,665
100000008473207100,0.179442508711,0.0457142857143,observed_community,118,0,113,124
100000008473765100,0.571063623894,0.384615384615,observed_community,1616,0,1575,1640
100000008474308100,0.784415584416,0.228571428571,observed_community,796,0,751,827
100000008474391100,0.916666666667,0.666666666667,observed_community,1125,0,1103,1159
100000008477350100,0.571063623894,0.384615384615,observed_community,6,1,5,6
100000008478414100,1,1,observed_community,2152,0,2140,2156
100000008486520100,0.864015906223,0.739726027397,observed_community,1645,0,1615,1674
100000008488166100,1,1,observed_community,2207,0,2205,2208
100000008489604100,1,1,observed_community,2188,0,2186,2191
100000008489922100,0.869866286338,0.714285714286,observed_community,22,0.0909090909091,20,25
100000008490127100,0.827253471006,0.622222222222,observed_community,1137,0,1072,1192
100000008491390100,0.334516352306,0.236933797909,observed_community,1731,0,1704,1753
100000008493007100,1,1,observed_community,1892,0,1878,1905
100000008497298100,0.284198161914,0.0565217391304,observed_community,961,0,781,1157
100000008501413100,0.573214285714,0.2,observed_community,888,0,832,939
100000008502995100,0.96,0.84,observed_community,834,0,787,884
100000008503177100,0.571063623894,0.384615384615,observed_community,1591,0,1551,1618
100000008507703100,1,1,observed_community,2026,0,2016,2030
100000008512552100,0.441196858286,0.237410071942,observed_community,376,0,279,467
100000008512827100,0.869866286338,0.714285714286,observed_community,60,0,57,61
100000008513251100,1,1,isolate_not_assessed,2246,0,2246,2246
100000008514970100,0.838746438746,0.766666666667,observed_community,1150,0,955,1311
100000008516839100,0.842319749216,0.472727272727,observed_community,1508,0,1444,1562
100000008517061100,0.826503537736,0.75,observed_community,705,0,655,749
100000008517538100,0.869866286338,0.714285714286,observed_community,78,0,72,85
100000008522127100,0.869866286338,0.714285714286,observed_community,2217,0,2217,2217
100000008524903100,0.334516352306,0.236933797909,observed_community,1304,0,1276,1351
100000008525136100,0.3520492451,0.186602870813,observed_community,1752,0,1728,1779
100000008531133100,0.864015906223,0.739726027397,observed_community,789,0,748,821
100000008531186100,0.364984156553,0.0700636942675,observed_community,239,0,220,255
100000008532050100,0.827253471006,0.622222222222,observed_community,443,0,411,487
100000008536546100,0.869866286338,0.714285714286,observed_community,335,0,320,360
100000008537380100,1,1,observed_community,2203,0,2199,2204
100000008545727100,0.778000894034,0.602272727273,observed_community,542,0,450,600
100000008546855100,0.428852683461,0.284848484848,observed_community,29,0,26,33
100000008547295100,0.713768796992,0.45,observed_community,1799,0,1707,1832
100000008547844100,0.869866286338,0.714285714286,observed_community,47,0,46,49
100000008547948100,0.869866286338,0.714285714286,observed_community,8,1,8,10
100000008548853100,1,1,observed_community,2170,0,2167,2173
100000008551752100,0.0688447971781,0.0311111111111,observed_community,955,0,921,987
100000008554390100,0.480322916206,0.353658536585,observed_community,1997,0,1992,2008
100000008555233100,0.869866286338,0.714285714286,observed_community,189,0,183,197
100000008555918100,0.479735674847,0.286713286713,observed_community,930,0,870,1003
100000008556318100,0.479735674847,0.286713286713,observed_community,127,0,124,140
100000008557672100,1,1,observed_community,1886,0,1885,1891
100000008560263100,0.827253471006,0.622222222222,observed_community,1245,0,1217,1279
100000008560717100,0.582936634634,0.00647249190939,observed_community,83,0,76,92
100000008561016100,0.869866286338,0.714285714286,observed_community,285,0,231,332
100000008566737100,0.294347214806,0.0964467005076,observed_community,198,0,187,215
100000008568512100,0.827253471006,0.622222222222,observed_community,606,0,560,670
100000008571243100,0.778000894034,0.602272727273,observed_community,373,0,354,410
100000008571433100,1,1,observed_community,1982,0,1929,2055
100000008571443100,0.281855604206,0.13963963964,observed_community,463,0,429,511
100000008575624100,1,1,observed_community,2221,0,2221,2221
100000008576243100,0.3520492451,0.186602870813,observed_community,149,0,136,162
100000008576528100,0.827253471006,0.622222222222,observed_community,1769,0,1735,1792
100000008579978100,0.827253471006,0.622222222222,observed_community,1478,0,1397,1541
100000008582730100,0.428852683461,0.284848484848,observed_community,682,0,626,720
100000008583360100,0.778000894034,0.602272727273,observed_community,1042,0,1009,1080
100000008583971100,0.385677396105,0.215,observed_community,1214,0,1191,1249
100000008586731100,0.775145067698,0.191489361702,observed_community,2178,0,2176,2182
100000008587459100,0.272100804756,0.0820189274448,observed_community,875,0,806,944
100000008588665100,0.571063623894,0.384615384615,observed_community,1209,0,1183,1246
100000008595687100,0.864015906223,0.739726027397,observed_community,1073,0,1003,1121
100000008596924100,0.713768796992,0.45,observed_community,987,0,816,1194
100000008598972100,0.838746438746,0.766666666667,observed_community,1484,0,1353,1613
100000008599354100,0.571063623894,0.384615384615,observed_community,1057,0,1024,1087
100000008601794100,1,1,observed_community,2101,0,2020,2183
100000008603331100,1,1,observed_community,676,0,615,713
100000008603629100,0.571063623894,0.384615384615,observed_community,2,1,2,2
100000008612257100,0.269648037528,0.0467532467532,observed_community,1794,0,1768,1823
100000008619159100,0.864015906223,0.739726027397,observed_community,906,0,871,948
100000008619857100,0.319358951929,0.186602870813,observed_community,1732,0,1703,1758
100000008620570100,0.249659854335,0.03003003003,observed_community,1022,0,989,1046
100000008624978100,0.869866286338,0.714285714286,observed_community,328,0,318,350
100000008625905100,0.261255934963,0.015503875969,observed_community,669,0,609,708
100000008628231100,0.479735674847,0.286713286713,observed_community,1036,0,940,1125
100000008628818100,0.778000894034,0.602272727273,observed_community,1392,0,1354,1434
100000008629504100,0.385677396105,0.215,observed_community,1465,0,1423,1502
100000008629581100,0.31693170642,0.0955414012739,observed_community,412,0,394,459
100000008631800100,0.480322916206,0.353658536585,observed_community,2016,0,2008,2025
100000008632060100,0.3520492451,0.186602870813,observed_community,1335,0,1249,1414
100000008633099100,0.300651828714,0.0340557275542,observed_community,1602,0,1561,1628
100000008634520100,0.869866286338,0.714285714286,observed_community,519,0,475,566
100000008636603100,0.864015906223,0.739726027397,observed_community,37,0,36,42
100000008637537100,0.1268262859,0.021472392638,observed_community,1622,0,1570,1664
100000008638859100,0.431169974014,0.29,observed_community,764,0,718,814
100000008647905100,0.431169974014,0.29,observed_community,742,0,693,788
100000008648783100,0.480322916206,0.353658536585,observed_community,2193,0,2192,2196
100000008649416100,0.269648037528,0.0467532467532,observed_community,1133,0,1087,1203
100000008650785100,0.864015906223,0.739726027397,observed_community,1839,0,1811,1848
100000008652094100,0.334516352306,0.236933797909,observed_community,1734,0,1708,1757
100000008653041100,1,1,observed_community,2031,0,2025,2036
100000008654653100,0.864015906223,0.739726027397,observed_community,2223,0,2223,2223
100000008655035100,0.61686957196,0.118279569892,observed_community,1600,0,1505,1696
100000008655779100,0.90625,0.875,observed_community,1005,0,974,1028
100000008656043100,1,1,observed_community,1948,0,1944,1952
100000008659445100,1,1,observed_community,1990,0,1942,2074
100000008659950100,0.869866286338,0.714285714286,observed_community,319,0,311,339
100000008661550100,1,1,observed_community,2079,0,2075,2085
100000008661585100,1,1,observed_community,1924,0,1922,1928
100000008662216100,1,1,observed_community,2048,0,2038,2051
100000008662805100,1,1,observed_community,2154,0,2149,2157
100000008663007100,1,1,observed_community,2150,0,2145,2151
100000008663723100,1,1,observed_community,2163,0,2159,2168
100000008664469100,0.479735674847,0.286713286713,observed_community,1475,0,1388,1543
100000008664774100,1,1,observed_community,2156,0,2151,2160
100000008665380100,0.334516352306,0.236933797909,observed_community,1573,0,1528,1597
100000008666075100,1,1,observed_community,2001,0,1996,2003
100000008667058100,1,1,observed_community,2090,0,2089,2094
100000008667795100,1,1,observed_community,1992,0,1986,1997
100000008667799100,1,1,observed_community,1993,0,1987,1998
100000008668099100,1,1,observed_community,2160,0,2156,2165
100000008669037100,1,1,isolate_not_assessed,2247,0,2247,2247
100000008669310100,0.334516352306,0.236933797909,observed_community,754,0,674,909
100000008670667100,1,1,observed_community,2119,0,2115,2120
100000008671026100,1,1,observed_community,2024,0,2018,2025
100000008671081100,1,1,observed_community,1975,0,1971,1979
100000008671129100,1,1,observed_community,2049,0,2039,2052
100000008671929100,0.479735674847,0.286713286713,observed_community,401,0,379,444
100000008672162100,1,1,observed_community,2116,0,2113,2118
100000008672200100,1,1,observed_community,2194,0,2193,2198
100000008672480100,1,1,observed_community,2085,0,2079,2089
100000008672493100,1,1,observed_community,2171,0,2168,2174
100000008672603100,0.31693170642,0.0955414012739,observed_community,1456,0,1401,1506
100000008672762100,1,1,observed_community,2086,0,2080,2090
100000008673001100,0.842319749216,0.472727272727,observed_community,1899,0,1883,1921
100000008675322100,0.827253471006,0.622222222222,observed_community,1072,0,1025,1110
100000008676812100,0.431169974014,0.29,observed_community,225,0,218,234
100000008677215100,0.916666666667,0.666666666667,observed_community,1515,0,1459,1538
100000008677368100,0.300651828714,0.0340557275542,observed_community,1029,0,988,1082
100000008677518100,1,1,observed_community,1939,0,1931,1941
100000008679986100,1,1,observed_community,2076,0,2072,2078
100000008680061100,0.0265561930669,0.0170648464164,observed_community,1329,0,1302,1380
100000008680451100,1,1,observed_community,2025,0,2019,2026
100000008680731100,0.775145067698,0.191489361702,observed_community,1991,0,1910,2130
100000008680912100,0.272100804756,0.0820189274448,observed_community,664,0,605,702
100000008682426100,0.826503537736,0.75,observed_community,1652,0,1623,1680
100000008683818100,1,1,observed_community,2017,0,2010,2018
100000008684452100,1,1,observed_community,1568,0,1435,1685
100000008684767100,1,1,observed_community,2011,0,2004,2013
100000008684951100,1,1,observed_community,2145,0,2142,2150
100000008686214100,0.249659854335,0.03003003003,observed_community,1519,0,1461,1541
100000008686234100,0.409626392506,0.260623229462,observed_community,1570,0,1524,1592
100000008686247100,0.787987012987,0.242857142857,observed_community,1842,0,1773,1849
100000008686313100,0.330159180636,0.0135593220339,observed_community,45,0,43,46
100000008686494100,1,1,observed_community,2161,0,2157,2166
100000008687492100,1,1,observed_community,2061,0,2053,2065
100000008687617100,1,1,observed_community,1955,0,1950,1959
100000008687671100,1,1,observed_community,1944,0,1940,1947
100000008687733100,1,1,observed_community,2167,0,2161,2170
100000008687990100,1,1,observed_community,2137,0,2129,2138
100000008688109100,1,1,observed_community,2176,0,2173,2180
100000008688155100,1,1,observed_community,2073,0,2069,2075
100000008688476100,1,1,observed_community,1960,0,1958,1966
100000008688881100,1,1,observed_community,1893,0,1891,1901
100000008690762100,1,1,observed_community,2041,0,2033,2046
100000008690932100,1,1,observed_community,2032,0,2026,2035
100000008691027100,1,1,observed_community,2091,0,2090,2095
100000008691168100,1,1,observed_community,1961,0,1959,1967
100000008691330100,1,1,observed_community,2052,0,2045,2055
100000008691495100,1,1,observed_community,1996,0,1991,2000
100000008692291100,0.869866286338,0.714285714286,observed_community,227,0,201,259
100000008693069100,1,1,observed_community,2065,0,2061,2067
100000008695133100,1,1,observed_community,1978,0,1975,1985
100000008695157100,0.838746438746,0.766666666667,observed_community,753,0,706,789
100000008695495100,1,1,observed_community,2058,0,2054,2061
100000008695566100,1,1,observed_community,1994,0,1989,1999
100000008695689100,1,1,observed_community,2050,0,2040,2053
100000008696692100,1,1,observed_community,2000,0,1995,2006
100000008696919100,1,1,observed_community,1970,0,1965,1973
100000008697670100,1,1,observed_community,2060,0,2054,2063
100000008699083100,0.869866286338,0.714285714286,observed_community,1126,0,1084,1170
100000008701222100,1,1,isolate_not_assessed,2248,0,2248,2248
100000008701256100,0.272100804756,0.0820189274448,observed_community,546,0,502,593
100000008701944100,0.545124761212,0.143497757848,observed_community,774,0,686,929
100000008703533100,0.869866286338,0.714285714286,observed_community,1385,0,1331,1444
100000008706846100,1,1,observed_community,2169,0,2164,2172
100000008706947100,1,1,observed_community,2146,0,2143,2151
100000008707810100,1,1,observed_community,2051,0,2041,2054
100000008708025100,0.90625,0.875,observed_community,1460,0,1417,1499
100000008708061100,1,1,observed_community,2200,0,2196,2201
100000008708207100,0.869866286338,0.714285714286,observed_community,192,0,184,199
100000008708368100,1,1,observed_community,2020,0,2014,2021
100000008708595100,1,1,observed_community,2147,0,2144,2152
100000008708743100,1,1,observed_community,2165,0,2160,2169
100000008710791100,0.869866286338,0.714285714286,observed_community,53,0,52,58
100000008710843100,0.869866286338,0.714285714286,observed_community,94,0,86,101
100000008710913100,0.869866286338,0.714285714286,observed_community,1715,0,1683,1754
100000008712036100,1,1,observed_community,2093,0,2086,2098
100000008712184100,1,1,observed_community,2126,0,2122,2127
100000008712827100,1,1,observed_community,1458,0,1327,1588
100000008712991100,1,1,observed_community,1501,0,1367,1628
100000008713270100,0.713768796992,0.45,observed_community,1864,0,1852,1868
100000008713685100,1,1,observed_community,1931,0,1927,1936
100000008714412100,0.778000894034,0.602272727273,observed_community,337,0,319,364
100000008715513100,0.480322916206,0.353658536585,observed_community,1891,0,1891,1895
100000008715887100,1,1,observed_community,2127,0,2123,2128
100000008716072100,1,1,observed_community,2182,0,2180,2187
100000008716222100,1,1,observed_community,2083,0,2081,2087
100000008716439100,1,1,observed_community,2168,0,2165,2171
100000008716773100,1,1,observed_community,2111,0,2108,2113
100000008717340100,1,1,observed_community,1927,0,1925,1932
100000008717341100,1,1,observed_community,2133,0,2131,2136
100000008717375100,0.31693170642,0.0955414012739,observed_community,1357,0,1314,1419
100000008717802100,1,1,observed_community,2054,0,2045,2056
100000008718089100,1,1,observed_community,2120,0,2116,2121
100000008718811100,1,1,observed_community,1471,0,1335,1600
100000008720668100,1,1,observed_community,2157,0,2154,2162
100000008720798100,1,1,observed_community,2121,0,2117,2122
100000008720856100,0.0736912219839,0.0266666666667,observed_community,1239,0,1214,1274
100000008721637100,0.53017968904,0.11797752809,observed_community,1538,0,1488,1564
100000008722328100,1,1,observed_community,2021,0,2015,2022
100000008722417100,0.827253471006,0.622222222222,observed_community,1231,0,1157,1282
100000008722541100,0.827253471006,0.622222222222,observed_community,897,0,860,931
100000008723830100,0.864015906223,0.739726027397,observed_community,113,0,107,117
100000008724279100,0.864015906223,0.739726027397,observed_community,1807,0,1781,1830
100000008724461100,0.869866286338,0.714285714286,observed_community,1340,0,1286,1420
100000008727982100,0.373597560976,0.02,observed_community,1822,0,1728,1837
100000008728457100,0.545124761212,0.143497757848,observed_community,1503,0,1435,1542
100000008729597100,0.571063623894,0.384615384615,observed_community,534,0,493,581
100000008729801100,1,1,observed_community,2092,0,2091,2096
100000008730021100,0.545124761212,0.143497757848,observed_community,710,0,630,835
100000008730238100,0.869866286338,0.714285714286,observed_community,707,0,657,752
100000008730371100,0.385677396105,0.215,observed_community,140,0,131,149
100000008730846100,0.22348040452,0.0923913043478,observed_community,23,0,21,25
100000008731444100,0.294347214806,0.0964467005076,observed_community,628,0,564,674
100000008732098100,1,1,observed_community,2112,0,2109,2114
100000008732488100,0.571063623894,0.384615384615,observed_community,1197,0,1177,1236
100000008733049100,0.864015906223,0.739726027397,observed_community,1767,0,1739,1788
100000008733194100,0.220169696224,0.0581395348837,observed_community,605,0,536,660
100000008734279100,0.838746438746,0.766666666667,observed_community,1431,0,1390,1472
100000008734364100,1,1,observed_community,1949,0,1945,1953
100000008735384100,1,1,observed_community,1938,0,1935,1940
100000008735802100,0.334516352306,0.236933797909,observed_community,893,0,857,916
100000008735832100,1,1,observed_community,2138,0,2130,2139
100000008736173100,1,1,observed_community,1973,0,1970,1977
100000008736394100,1,1,observed_community,2042,0,2036,2053
100000008736760100,1,1,observed_community,1496,0,1362,1617
100000008736940100,1,1,observed_community,1199,0,1010,1348
100000008737422100,1,1,observed_community,1399,0,1254,1529
100000008737514100,0.864015906223,0.739726027397,observed_community,461,0,427,508
100000008737958100,1,1,observed_community,1454,0,1324,1581
100000008738325100,0.842319749216,0.472727272727,observed_community,2197,0,2161,2208
100000008738526100,0.869866286338,0.714285714286,observed_community,1586,0,1530,1623
100000008738658100,1,1,observed_community,2015,0,2008,2017
100000008739887100,0.571063623894,0.384615384615,observed_community,962,0,920,1002
100000008740295100,0.869866286338,0.714285714286,observed_community,956,0,916,996
100000008740793100,1,1,observed_community,2094,0,2087,2099
100000008741372100,1,1,observed_community,1953,0,1951,1957
100000008742053100,0.869866286338,0.714285714286,observed_community,170,0,131,223
100000008742266100,1,1,observed_community,1983,0,1979,1987
100000008743913100,0.869866286338,0.714285714286,observed_community,62,0,58,63
100000008744364100,1,1,observed_community,2069,0,2065,2071
100000008744799100,1,1,observed_community,2177,0,2175,2181
100000008744849100,1,1,observed_community,1921,0,1919,1925
100000008745474100,1,1,observed_community,1929,0,1928,1934
100000008745489100,1,1,observed_community,1491,0,1360,1615
100000008745643100,1,1,observed_community,2063,0,2059,2065
100000008745676100,1,1,observed_community,1798,0,1706,1829
100000008745725100,1,1,observed_community,1915,0,1910,1919
100000008745863100,1,1,observed_community,2078,0,2074,2082
100000008745884100,1,1,observed_community,2106,0,2102,2110
100000008746025100,1,1,observed_community,2040,0,2034,2042
100000008746449100,0.869866286338,0.714285714286,observed_community,188,0,147,256
100000008746673100,1,1,observed_community,1506,0,1370,1630
100000008747113100,0.479735674847,0.286713286713,observed_community,309,0,284,333
100000008748408100,0.713768796992,0.45,observed_community,236,0,166,348
100000008748795100,0.334516352306,0.236933797909,observed_community,1690,0,1668,1723
100000008748914100,0.286517863023,0.0299625468165,observed_community,90,0,71,104
100000008749063100,1,1,observed_community,2077,0,2073,2079
100000008749405100,1,1,observed_community,1977,0,1973,1982
100000008749406100,1,1,observed_community,2098,0,2097,2104
100000008749618100,1,1,observed_community,1913,0,1908,1918
100000008749900100,1,1,observed_community,2148,0,2145,2154
100000008749989100,1,1,observed_community,2043,0,2037,2054
100000008750464100,1,1,observed_community,2201,0,2197,2202
100000008751349100,1,1,observed_community,1768,0,1741,1791
100000008751380100,0.869866286338,0.714285714286,observed_community,290,0,271,308
100000008751429100,1,1,observed_community,458,0,341,589
100000008752616100,0.869866286338,0.714285714286,observed_community,629,0,565,675
100000008753061100,1,1,observed_community,2027,0,2018,2032
100000008753193100,1,1,observed_community,1956,0,1954,1960
100000008753897100,1,1,observed_community,2067,0,2063,2069
100000008754608100,1,1,observed_community,2181,0,2179,2185
100000008754747100,1,1,observed_community,1945,0,1939,1950
100000008754997100,1,1,observed_community,2128,0,2124,2129
100000008755168100,1,1,observed_community,2139,0,2131,2140
100000008755361100,1,1,observed_community,2134,0,2132,2137
100000008755580100,1,1,observed_community,2158,0,2155,2163
100000008755754100,0.388760386187,0.0884353741497,observed_community,1995,0,1983,2012
100000008757301100,0.385677396105,0.215,observed_community,904,0,868,929
100000008757369100,0.385677396105,0.215,observed_community,1462,0,1390,1519
100000008758106100,0.869866286338,0.714285714286,observed_community,1763,0,1729,1799
100000008758168100,0.869866286338,0.714285714286,observed_community,761,0,714,810
100000008758607100,0.869866286338,0.714285714286,observed_community,1818,0,1777,1846
100000008759795100,0.480322916206,0.353658536585,observed_community,1967,0,1961,1974
100000008759857100,0.869866286338,0.714285714286,observed_community,1403,0,1309,1473
100000008760098100,0.869866286338,0.714285714286,observed_community,1466,0,1382,1530
100000008761132100,0.869866286338,0.714285714286,observed_community,1764,0,1730,1800
100000008761219100,0.869866286338,0.714285714286,observed_community,952,0,838,1055
100000008761220100,0.869866286338,0.714285714286,observed_community,1765,0,1731,1801
100000008762005100,0.869866286338,0.714285714286,observed_community,1803,0,1766,1837
100000008762728100,0.494172801513,0.0105540897098,observed_community,1349,0,1319,1396
100000008762832100,0.286517863023,0.0299625468165,observed_community,1783,0,1681,1821
100000008762843100,0.869866286338,0.714285714286,observed_community,1780,0,1743,1814
100000008762885100,0.869866286338,0.714285714286,observed_community,1781,0,1744,1815
100000008763688100,1,1,observed_community,2095,0,2088,2100
100000008764436100,1,1,observed_community,2080,0,2076,2085
100000008764654100,1,1,observed_community,2055,0,2046,2057
100000008765494100,1,1,observed_community,1962,0,1960,1968
100000008765627100,0.713768796992,0.45,observed_community,1489,0,1359,1614
100000008766031100,0.869866286338,0.714285714286,observed_community,1811,0,1772,1844
100000008766764100,0.869866286338,0.714285714286,observed_community,1819,0,1778,1847
100000008767027100,0.869866286338,0.714285714286,observed_community,1771,0,1725,1816
100000008767065100,0.869866286338,0.714285714286,observed_community,1710,0,1662,1759
100000008767925100,1,1,observed_community,2099,0,2098,2105
100000008767950100,1,1,observed_community,2141,0,2133,2144
100000008768896100,1,1,observed_community,1916,0,1911,1920
100000008769097100,1,1,observed_community,2012,0,2005,2014
100000008769636100,1,1,observed_community,2030,0,2024,2034
100000008770483100,0.869866286338,0.714285714286,observed_community,1695,0,1650,1743
100000008771627100,1,1,observed_community,2033,0,2027,2036
100000008771814100,1,1,observed_community,1965,0,1962,1969
100000008771819100,1,1,observed_community,1940,0,1936,1942
100000008772058100,1,1,observed_community,1419,0,1287,1555
100000008772246100,1,1,observed_community,1952,0,1945,1955
100000008773876100,1,1,observed_community,2005,0,2000,2007
100000008774237100,1,1,observed_community,1871,0,1870,1873
100000008775471100,0.869866286338,0.714285714286,observed_community,208,0,204,218
100000008775747100,0.869866286338,0.714285714286,observed_community,1820,0,1779,1848
100000008776298100,1,1,observed_community,1925,0,1923,1929
100000008776310100,1,1,observed_community,2115,0,2108,2122
100000008776420100,1,1,observed_community,1482,0,1352,1611
100000008776576100,1,1,observed_community,2131,0,2126,2132
100000008776720100,1,1,observed_community,2056,0,2047,2058
100000008777088100,1,1,observed_community,2084,0,2082,2088
100000008778010100,1,1,observed_community,1759,0,1658,1818
100000008778753100,1,1,observed_community,1635,0,1599,1662
100000008779584100,1,1,observed_community,1972,0,1968,1975
100000008782056100,1,1,observed_community,1984,0,1981,1989
100000008782421100,1,1,observed_community,1910,0,1906,1913
100000008782800100,1,1,observed_community,1923,0,1921,1927
